institution,credit_code,credit_name,category,pillar,indicator,section,field,units,value_numeric,institution_key,gri_standard,gri_disclosure,relationship,mapped_to_gri,is_intensity,comparable
Technological University Dublin,AC-1,Sustainability Course Offerings,Academics,Context,1.1 Percentage of academic departments with sustainability course offerings,,Number of academic departments with at least one sustainability course offering,,26.0,tudublin,,,,False,False,True
Technological University Dublin,AC-1,Sustainability Course Offerings,Academics,Context,1.1 Percentage of academic departments with sustainability course offerings,,Percentage of departments with sustainability course offerings,,100.0,tudublin,,,,False,False,True
Technological University Dublin,AC-1,Sustainability Course Offerings,Academics,Context,1.1 Percentage of academic departments with sustainability course offerings,,Total number of academic departments that offer courses that may be taken for credit,,26.0,tudublin,,,,False,False,True
Technological University Dublin,AC-2,Undergraduate Programs,Academics,Context,2.3 Percentage of undergraduate qualifications awarded that have sustainability-focused learning requirements,,Number of undergraduate qualifications awarded that are focused on subjects other than sustainability but have sustainability-focused learning requirements,,144.0,tudublin,,,,False,False,True
Technological University Dublin,AC-2,Undergraduate Programs,Academics,Context,2.3 Percentage of undergraduate qualifications awarded that have sustainability-focused learning requirements,,Number of undergraduate qualifications awarded that are sustainability-focused,,341.0,tudublin,,,,False,False,True
Technological University Dublin,AC-2,Undergraduate Programs,Academics,Context,2.3 Percentage of undergraduate qualifications awarded that have sustainability-focused learning requirements,,Percentage of undergraduate qualifications awarded that have sustainability-focused learning requirements,,75.43,tudublin,,,,False,False,True
Technological University Dublin,AC-2,Undergraduate Programs,Academics,Context,2.3 Percentage of undergraduate qualifications awarded that have sustainability-focused learning requirements,,Total number of undergraduate qualifications awarded,,643.0,tudublin,,,,False,False,True
Technological University Dublin,AC-2,Undergraduate Programs,Academics,Context,2.3 Percentage of undergraduate qualifications awarded that have sustainability-focused learning requirements,,Total number of undergraduate qualifications awarded that have sustainability-focused learning requirements,,485.0,tudublin,,,,False,False,True
Technological University Dublin,AC-3,Graduate Programs,Academics,Context,3.2 Percentage of graduate qualifications awarded that have sustainability-focused learning requirements,,Number of graduate qualifications awarded that are focused on subjects other than sustainability but have sustainability-focused learning requirements,,35.0,tudublin,,,,False,False,True
Technological University Dublin,AC-3,Graduate Programs,Academics,Context,3.2 Percentage of graduate qualifications awarded that have sustainability-focused learning requirements,,Number of graduate qualifications awarded that are sustainability-focused,,108.0,tudublin,,,,False,False,True
Technological University Dublin,AC-3,Graduate Programs,Academics,Context,3.2 Percentage of graduate qualifications awarded that have sustainability-focused learning requirements,,Percentage of graduate qualifications awarded that have sustainability-focused learning requirements,,71.5,tudublin,,,,False,False,True
Technological University Dublin,AC-3,Graduate Programs,Academics,Context,3.2 Percentage of graduate qualifications awarded that have sustainability-focused learning requirements,,Total number of graduate qualifications awarded,,200.0,tudublin,,,,False,False,True
Technological University Dublin,AC-3,Graduate Programs,Academics,Context,3.2 Percentage of graduate qualifications awarded that have sustainability-focused learning requirements,,Total number of graduate qualifications awarded that have sustainability-focused learning requirements,,143.0,tudublin,,,,False,False,True
Technological University Dublin,AC-6,Sustainability Research,Academics,Context,6.1 Percentage of academic departments engaged in sustainability research,,Number of academic departments engaged in sustainability research,,26.0,tudublin,,,,False,False,True
Technological University Dublin,AC-6,Sustainability Research,Academics,Context,6.1 Percentage of academic departments engaged in sustainability research,,Percentage of academic departments engaged in sustainability research,,100.0,tudublin,,,,False,False,True
Technological University Dublin,AC-6,Sustainability Research,Academics,Context,6.1 Percentage of academic departments engaged in sustainability research,,Total number of academic departments engaged in research,,26.0,tudublin,,,,False,False,True
Technological University Dublin,EN-4,Sustainability Culture Assessment,Engagement,Context,4.3 Percentage of employees assessed for sustainability culture,,"Percentage of employees assessed for sustainability culture, either directly or by representative sample",,0.0,tudublin,,,,False,False,False
Technological University Dublin,IL-62,Pay Scale Equity,Innovation & Leadership,Bonus,,,The factor by which the compensation of the highest compensated senior administrator exceeds that of the lowest compensated full-time employee,,8.08,tudublin,GRI 2,2-21,partial,True,False,False
Technological University Dublin,OP-1,Building Design and Construction,Operations,Environmental,1.1 Percentage of new floor area designed and constructed to green building standards,,"Floor area of new building space built to green building standards, but not third party certified",Square meters,0.0,tudublin,,,,False,False,True
Technological University Dublin,OP-1,Building Design and Construction,Operations,Environmental,1.1 Percentage of new floor area designed and constructed to green building standards,,Floor area of new building space third party certified to a comprehensive green building standard,Square meters,3408.0,tudublin,,,,False,False,True
Technological University Dublin,OP-1,Building Design and Construction,Operations,Environmental,1.1 Percentage of new floor area designed and constructed to green building standards,,Floor area of new building space third party certified to a less comprehensive green building standard,Square meters,53810.0,tudublin,,,,False,False,True
Technological University Dublin,OP-1,Building Design and Construction,Operations,Environmental,1.1 Percentage of new floor area designed and constructed to green building standards,,Total floor area of newly constructed or renovated building space,Square meters,85325.0,tudublin,,,,False,False,True
Technological University Dublin,OP-10,Purchased Goods,Operations,Environmental,10.1 Percentage of cleaning products spend that meets sustainability criteria,,Annual spend on cleaning products that meet other qualifying sustainability criteria,,326.68,tudublin,,,,False,False,True
Technological University Dublin,OP-10,Purchased Goods,Operations,Environmental,10.1 Percentage of cleaning products spend that meets sustainability criteria,,Annual spend on cleaning products that meet preferable sustainability criteria,,2901.86,tudublin,,,,False,False,True
Technological University Dublin,OP-10,Purchased Goods,Operations,Environmental,10.2 Percentage of electronics spend that meets sustainability criteria,,Annual spend on electronics spend that meet other qualifying sustainability criteria,,163303.25,tudublin,,,,False,False,True
Technological University Dublin,OP-10,Purchased Goods,Operations,Environmental,10.2 Percentage of electronics spend that meets sustainability criteria,,Annual spend on electronics that meet preferable sustainability criteria,,829573.95,tudublin,,,,False,False,False
Technological University Dublin,OP-10,Purchased Goods,Operations,Environmental,10.3 Percentage of furniture spend that meets sustainability criteria,,Annual spend on furniture that meets other qualifying sustainability criteria,,1388.0,tudublin,,,,False,False,False
Technological University Dublin,OP-10,Purchased Goods,Operations,Environmental,10.3 Percentage of furniture spend that meets sustainability criteria,,Annual spend on furniture that meets preferable sustainability criteria,,129950.05,tudublin,,,,False,False,False
Technological University Dublin,OP-10,Purchased Goods,Operations,Environmental,10.4 Percentage of office paper spend that meets sustainability criteria,,Annual spend on office paper that meets other qualifying sustainability criteria,,9677.73,tudublin,,,,False,False,False
Technological University Dublin,OP-10,Purchased Goods,Operations,Environmental,10.4 Percentage of office paper spend that meets sustainability criteria,,Annual spend on office paper that meets preferable sustainability criteria,,47557.3,tudublin,,,,False,False,False
Technological University Dublin,OP-10,Purchased Goods,Operations,Environmental,10.1 Percentage of cleaning products spend that meets sustainability criteria,,Percentage of cleaning product spend that meets other qualifying sustainability criteria,,5.36,tudublin,,,,False,False,True
Technological University Dublin,OP-10,Purchased Goods,Operations,Environmental,10.1 Percentage of cleaning products spend that meets sustainability criteria,,Percentage of cleaning product spend that meets preferable sustainability criteria,,47.62,tudublin,,,,False,False,True
Technological University Dublin,OP-10,Purchased Goods,Operations,Environmental,10.2 Percentage of electronics spend that meets sustainability criteria,,Percentage of electronics spend that meets other qualifying sustainability criteria,,12.38,tudublin,,,,False,False,True
Technological University Dublin,OP-10,Purchased Goods,Operations,Environmental,10.2 Percentage of electronics spend that meets sustainability criteria,,Percentage of electronics spend that meets preferable sustainability criteria,,62.88,tudublin,,,,False,False,True
Technological University Dublin,OP-10,Purchased Goods,Operations,Environmental,10.3 Percentage of furniture spend that meets sustainability criteria,,Percentage of furniture spend that meets other qualifying sustainability criteria,,0.73,tudublin,,,,False,False,False
Technological University Dublin,OP-10,Purchased Goods,Operations,Environmental,10.3 Percentage of furniture spend that meets sustainability criteria,,Percentage of furniture spend that meets preferable sustainability criteria,,68.29,tudublin,,,,False,False,False
Technological University Dublin,OP-10,Purchased Goods,Operations,Environmental,10.4 Percentage of office paper spend that meets sustainability criteria,,Percentage of office paper spend that meets other qualifying sustainability criteria,,16.14,tudublin,,,,False,False,False
Technological University Dublin,OP-10,Purchased Goods,Operations,Environmental,10.4 Percentage of office paper spend that meets sustainability criteria,,Percentage of office paper spend that meets preferable sustainability criteria,,79.31,tudublin,,,,False,False,False
Technological University Dublin,OP-10,Purchased Goods,Operations,Environmental,10.1 Percentage of cleaning products spend that meets sustainability criteria,,Total annual spend on cleaning products,,6094.18,tudublin,,,,False,False,True
Technological University Dublin,OP-10,Purchased Goods,Operations,Environmental,10.2 Percentage of electronics spend that meets sustainability criteria,,Total annual spend on electronics,,1319288.96,tudublin,,,,False,False,True
Technological University Dublin,OP-10,Purchased Goods,Operations,Environmental,10.3 Percentage of furniture spend that meets sustainability criteria,,Total annual spend on furniture,,190295.16,tudublin,,,,False,False,False
Technological University Dublin,OP-10,Purchased Goods,Operations,Environmental,10.4 Percentage of office paper spend that meets sustainability criteria,,Total annual spend on office paper,,59962.83,tudublin,,,,False,False,False
Technological University Dublin,OP-12,Waste Generation and Recovery,Operations,Environmental,12.4 Percentage of construction and demolition waste diverted from disposal,,Annual construction and demolition waste generated,Metric tons,1244.08,tudublin,GRI 306,306-3,component,True,False,True
Technological University Dublin,OP-12,Waste Generation and Recovery,Operations,Environmental,12.1 Non-hazardous waste generated per person,,Annual non-hazardous waste generated,Metric tons,1768.85,tudublin,GRI 306,306-3,partial,True,False,True
Technological University Dublin,OP-12,Waste Generation and Recovery,Operations,Environmental,12.1 Non-hazardous waste generated per person,,Annual non-hazardous waste generated per person,Kilograms,70.07,tudublin,,,,False,True,True
Technological University Dublin,OP-12,Waste Generation and Recovery,Operations,Environmental,12.2 Non-hazardous waste generated per square meter,,Annual non-hazardous waste generated per unit of floor area,Kilograms per square meter,8.39,tudublin,,,,False,True,True
Technological University Dublin,OP-12,Waste Generation and Recovery,Operations,Environmental,12.4 Percentage of construction and demolition waste diverted from disposal,,Construction and demolition waste disposed of to a landfill or incinerator,Metric tons,122.23,tudublin,GRI 306,306-5,component,True,False,True
Technological University Dublin,OP-12,Waste Generation and Recovery,Operations,Environmental,12.4 Percentage of construction and demolition waste diverted from disposal,,Construction and demolition waste prepared for reuse,Metric tons,589.89,tudublin,,,,False,False,True
Technological University Dublin,OP-12,Waste Generation and Recovery,Operations,Environmental,12.4 Percentage of construction and demolition waste diverted from disposal,,Construction and demolition waste recycled,Metric tons,531.95,tudublin,GRI 306,306-4,component,True,False,True
Technological University Dublin,OP-12,Waste Generation and Recovery,Operations,Environmental,12.1 Non-hazardous waste generated per person,,Estimated percentage of non-hazardous waste disposed of to a landfill or incinerator that is disposed of to a waste-to-energy (WTE) facility,,39.9,tudublin,,,,False,False,False
Technological University Dublin,OP-12,Waste Generation and Recovery,Operations,Environmental,12.1 Non-hazardous waste generated per person,,Full-time equivalent of employees,,2404.0,tudublin,,,,False,False,True
Technological University Dublin,OP-12,Waste Generation and Recovery,Operations,Environmental,12.1 Non-hazardous waste generated per person,,Full-time equivalent student enrollment,,22841.0,tudublin,,,,False,False,True
Technological University Dublin,OP-12,Waste Generation and Recovery,Operations,Environmental,12.1 Non-hazardous waste generated per person,,Full-time equivalent students and employees,,25245.0,tudublin,,,,False,False,True
Technological University Dublin,OP-12,Waste Generation and Recovery,Operations,Environmental,12.2 Non-hazardous waste generated per square meter,,Gross floor area of building space,Square meters,210887.0,tudublin,,,,False,False,True
Technological University Dublin,OP-12,Waste Generation and Recovery,Operations,Environmental,12.1 Non-hazardous waste generated per person,,Non-hazardous waste composted,Metric tons,56.01,tudublin,GRI 306,306-4,component,True,False,True
Technological University Dublin,OP-12,Waste Generation and Recovery,Operations,Environmental,12.1 Non-hazardous waste generated per person,,Non-hazardous waste disposed of to a landfill or incinerator,Metric tons,316.21,tudublin,GRI 306,306-5,component,True,False,True
Technological University Dublin,OP-12,Waste Generation and Recovery,Operations,Environmental,12.1 Non-hazardous waste generated per person,,Non-hazardous waste prepared for reuse,Metric tons,704.9,tudublin,GRI 306,306-4,component,True,False,True
Technological University Dublin,OP-12,Waste Generation and Recovery,Operations,Environmental,12.1 Non-hazardous waste generated per person,,Non-hazardous waste recycled,Metric tons,691.73,tudublin,GRI 306,306-4,component,True,False,True
Technological University Dublin,OP-12,Waste Generation and Recovery,Operations,Environmental,12.4 Percentage of construction and demolition waste diverted from disposal,,Percentage of construction and demolition waste diverted from disposal,,90.18,tudublin,,,,False,False,True
Technological University Dublin,OP-12,Waste Generation and Recovery,Operations,Environmental,12.3 Percentage of non-hazardous waste diverted from disposal,,Percentage of non-hazardous waste diverted from disposal,,82.12,tudublin,,,,False,False,True
Technological University Dublin,OP-12,Waste Generation and Recovery,Operations,Environmental,12.4 Percentage of construction and demolition waste diverted from disposal,,Total construction and demolition waste diverted from disposal,Metric tons,1121.85,tudublin,GRI 306,306-4,component,True,False,True
Technological University Dublin,OP-12,Waste Generation and Recovery,Operations,Environmental,12.1 Non-hazardous waste generated per person,,Total non-hazardous waste diverted from disposal,Metric tons,1452.64,tudublin,GRI 306,306-4,component,True,False,True
Technological University Dublin,OP-13,Vehicle Fleet,Operations,Environmental,13.1 Percentage of fleet vehicles that are electric vehicles,,"Number of cars, vans, trucks, and buses in the institution’s fleet that are plug-in hybrid electric vehicles (PHEVs)",,0.0,tudublin,,,,False,False,True
Technological University Dublin,OP-13,Vehicle Fleet,Operations,Environmental,13.1 Percentage of fleet vehicles that are electric vehicles,,"Number of cars, vans, trucks, and buses in the institution’s fleet that are zero emission vehicles (ZEVs)",,3.0,tudublin,,,,False,False,True
Technological University Dublin,OP-13,Vehicle Fleet,Operations,Environmental,13.1 Percentage of fleet vehicles that are electric vehicles,,Percentage of fleet vehicles that are electric vehicles,,100.0,tudublin,,,,False,False,True
Technological University Dublin,OP-13,Vehicle Fleet,Operations,Environmental,13.1 Percentage of fleet vehicles that are electric vehicles,,"Total number of cars, vans, trucks, and buses in the institution’s fleet",,3.0,tudublin,,,,False,False,True
Technological University Dublin,OP-14,Commute Modal Split,Operations,Environmental,14.1 Percentage of students and employees using more sustainable commuting options,,Full-time equivalent of employees,,2404.0,tudublin,,,,False,False,True
Technological University Dublin,OP-14,Commute Modal Split,Operations,Environmental,14.1 Percentage of students and employees using more sustainable commuting options,,Full-time equivalent student enrollment,,22841.0,tudublin,,,,False,False,True
Technological University Dublin,OP-14,Commute Modal Split,Operations,Environmental,Optional documentation,Employee commuting data,Percentage of employees that avail of remote work,,1.0,tudublin,,,,False,False,False
Technological University Dublin,OP-14,Commute Modal Split,Operations,Environmental,Optional documentation,Employee commuting data,"Percentage of employees that commute by bus, shuttle, or ferry",,14.0,tudublin,,,,False,False,True
Technological University Dublin,OP-14,Commute Modal Split,Operations,Environmental,Optional documentation,Employee commuting data,Percentage of employees that commute by carpool or vanpool,,7.0,tudublin,,,,False,False,True
Technological University Dublin,OP-14,Commute Modal Split,Operations,Environmental,Optional documentation,Employee commuting data,Percentage of employees that commute by cycling or another micro-mobility option,,15.0,tudublin,,,,False,False,True
Technological University Dublin,OP-14,Commute Modal Split,Operations,Environmental,Optional documentation,Employee commuting data,Percentage of employees that commute by light rail or tram,,11.0,tudublin,,,,False,False,False
Technological University Dublin,OP-14,Commute Modal Split,Operations,Environmental,Optional documentation,Employee commuting data,Percentage of employees that commute by motorcycle or moped,,1.0,tudublin,,,,False,False,False
Technological University Dublin,OP-14,Commute Modal Split,Operations,Environmental,Optional documentation,Employee commuting data,Percentage of employees that commute by rail,,9.0,tudublin,,,,False,False,True
Technological University Dublin,OP-14,Commute Modal Split,Operations,Environmental,Optional documentation,Employee commuting data,Percentage of employees that commute by walking or the equivalent,,13.0,tudublin,,,,False,False,True
Technological University Dublin,OP-14,Commute Modal Split,Operations,Environmental,Optional documentation,Employee commuting data,Percentage of employees that commute by zero emission vehicle,,0.0,tudublin,,,,False,False,False
Technological University Dublin,OP-14,Commute Modal Split,Operations,Environmental,Optional documentation,Employee commuting data,"Percentage of employees that commute using single-occupancy car, van, or truck",,29.0,tudublin,,,,False,False,True
Technological University Dublin,OP-14,Commute Modal Split,Operations,Environmental,14.1 Percentage of students and employees using more sustainable commuting options,,Percentage of employees that use more sustainable commuting options,,69.0,tudublin,,,,False,False,True
Technological University Dublin,OP-14,Commute Modal Split,Operations,Environmental,Optional documentation,Student commuting data,Percentage of students that avail of remote learning,,0.0,tudublin,,,,False,False,False
Technological University Dublin,OP-14,Commute Modal Split,Operations,Environmental,Optional documentation,Student commuting data,"Percentage of students that commute by bus, shuttle, or ferry",,34.0,tudublin,,,,False,False,True
Technological University Dublin,OP-14,Commute Modal Split,Operations,Environmental,Optional documentation,Student commuting data,Percentage of students that commute by carpool or vanpool,,4.0,tudublin,,,,False,False,True
Technological University Dublin,OP-14,Commute Modal Split,Operations,Environmental,Optional documentation,Student commuting data,Percentage of students that commute by cycling or another micro-mobility option,,5.0,tudublin,,,,False,False,True
Technological University Dublin,OP-14,Commute Modal Split,Operations,Environmental,Optional documentation,Student commuting data,Percentage of students that commute by light rail or tram,,21.0,tudublin,,,,False,False,False
Technological University Dublin,OP-14,Commute Modal Split,Operations,Environmental,Optional documentation,Student commuting data,Percentage of students that commute by motorcycle or moped,,0.0,tudublin,,,,False,False,False
Technological University Dublin,OP-14,Commute Modal Split,Operations,Environmental,Optional documentation,Student commuting data,Percentage of students that commute by rail,,13.0,tudublin,,,,False,False,True
Technological University Dublin,OP-14,Commute Modal Split,Operations,Environmental,Optional documentation,Student commuting data,Percentage of students that commute by walking or the equivalent,,17.0,tudublin,,,,False,False,True
Technological University Dublin,OP-14,Commute Modal Split,Operations,Environmental,Optional documentation,Student commuting data,Percentage of students that commute by zero emission vehicle,,0.0,tudublin,,,,False,False,False
Technological University Dublin,OP-14,Commute Modal Split,Operations,Environmental,Optional documentation,Student commuting data,"Percentage of students that commute using single-occupancy car, van, or truck",,6.0,tudublin,,,,False,False,True
Technological University Dublin,OP-14,Commute Modal Split,Operations,Environmental,14.1 Percentage of students and employees using more sustainable commuting options,,Percentage of students that use more sustainable commuting options,,92.0,tudublin,,,,False,False,True
Technological University Dublin,OP-2,Building Operations and Maintenance,Operations,Environmental,2.1 Percentage of existing buildings managed for sustainability performance,,Floor area of existing buildings individually assessed for energy performance,Square meters,210887.0,tudublin,,,,False,False,True
Technological University Dublin,OP-2,Building Operations and Maintenance,Operations,Environmental,2.1 Percentage of existing buildings managed for sustainability performance,,Floor area of existing buildings individually assessed for indoor environmental quality (IEQ) performance,Square meters,0.0,tudublin,,,,False,False,True
Technological University Dublin,OP-2,Building Operations and Maintenance,Operations,Environmental,2.1 Percentage of existing buildings managed for sustainability performance,,Floor area of existing buildings managed or individually assessed for water performance,Square meters,4269.79,tudublin,,,,False,False,True
Technological University Dublin,OP-2,Building Operations and Maintenance,Operations,Environmental,2.1 Percentage of existing buildings managed for sustainability performance,,Floor area of existing buildings managed under a green cleaning program,Square meters,190516.0,tudublin,,,,False,False,True
Technological University Dublin,OP-2,Building Operations and Maintenance,Operations,Environmental,2.1 Percentage of existing buildings managed for sustainability performance,,Floor area of existing buildings third party certified to a green building standard that addresses operations and maintenance,Square meters,9555.0,tudublin,,,,False,False,True
Technological University Dublin,OP-2,Building Operations and Maintenance,Operations,Environmental,2.1 Percentage of existing buildings managed for sustainability performance,,Gross floor area of existing building space,Square meters,210887.0,tudublin,,,,False,False,True
Technological University Dublin,OP-2,Building Operations and Maintenance,Operations,Environmental,2.1 Percentage of existing buildings managed for sustainability performance,,Percentage of existing buildings assessed for IEQ performance,,0.0,tudublin,,,,False,False,True
Technological University Dublin,OP-2,Building Operations and Maintenance,Operations,Environmental,2.1 Percentage of existing buildings managed for sustainability performance,,Percentage of existing buildings assessed for energy performance,,100.0,tudublin,,,,False,False,True
Technological University Dublin,OP-2,Building Operations and Maintenance,Operations,Environmental,2.1 Percentage of existing buildings managed for sustainability performance,,Percentage of existing buildings managed or assessed for water performance,,2.02,tudublin,,,,False,False,True
Technological University Dublin,OP-2,Building Operations and Maintenance,Operations,Environmental,2.1 Percentage of existing buildings managed for sustainability performance,,Percentage of existing buildings managed under a green cleaning program,,90.34,tudublin,,,,False,False,True
Technological University Dublin,OP-2,Building Operations and Maintenance,Operations,Environmental,2.1 Percentage of existing buildings managed for sustainability performance,,Percentage of existing buildings third party certified to a green building standard that addresses operations and maintenance,,4.53,tudublin,,,,False,False,True
Technological University Dublin,OP-3,Water Use,Operations,Environmental,3.1 Potable water use per person,,Annual potable water use,Cubic meters,56570.0,tudublin,,,,False,False,True
Technological University Dublin,OP-3,Water Use,Operations,Environmental,3.1 Potable water use per person,,Annual potable water use per person,Liters,2240.84,tudublin,,,,False,True,True
Technological University Dublin,OP-3,Water Use,Operations,Environmental,3.2 Potable water use per square meter,,Annual potable water use per unit of floor area,Liters per square meter,268.25,tudublin,,,,False,True,True
Technological University Dublin,OP-3,Water Use,Operations,Environmental,3.4 Ratio of water recovered/returned to total water withdrawal,,Annual volume of water recovered and/or returned,Cubic meters,0.0,tudublin,,,,False,False,True
Technological University Dublin,OP-3,Water Use,Operations,Environmental,3.1 Potable water use per person,,Full-time equivalent of employees,,2404.0,tudublin,,,,False,False,True
Technological University Dublin,OP-3,Water Use,Operations,Environmental,3.1 Potable water use per person,,Full-time equivalent student enrollment,,22841.0,tudublin,,,,False,False,True
Technological University Dublin,OP-3,Water Use,Operations,Environmental,3.1 Potable water use per person,,Full-time equivalent students and employees,,25245.0,tudublin,,,,False,False,True
Technological University Dublin,OP-3,Water Use,Operations,Environmental,3.2 Potable water use per square meter,,Gross floor area of building space,Square meters,210887.0,tudublin,,,,False,False,True
Technological University Dublin,OP-3,Water Use,Operations,Environmental,3.1 Potable water use per person,,Other off-site water sources,Cubic meters,0.0,tudublin,,,,False,False,True
Technological University Dublin,OP-3,Water Use,Operations,Environmental,3.1 Potable water use per person,,Other on-site water sources,Cubic meters,0.0,tudublin,,,,False,False,True
Technological University Dublin,OP-3,Water Use,Operations,Environmental,3.1 Potable water use per person,,Potable water from off-site sources,Cubic meters,56570.0,tudublin,GRI 303,303-3,component,True,False,True
Technological University Dublin,OP-3,Water Use,Operations,Environmental,3.1 Potable water use per person,,Potable water from on-site sources,Cubic meters,0.0,tudublin,GRI 303,303-3,component,True,False,True
Technological University Dublin,OP-3,Water Use,Operations,Environmental,3.4 Ratio of water recovered/returned to total water withdrawal,,Ratio of water recovered/returned to total water withdrawal,,0.0,tudublin,,,,False,False,True
Technological University Dublin,OP-3,Water Use,Operations,Environmental,3.1 Potable water use per person,,Reclaimed water from off-site sources,Cubic meters,0.0,tudublin,,,,False,False,True
Technological University Dublin,OP-3,Water Use,Operations,Environmental,3.4 Ratio of water recovered/returned to total water withdrawal,,Total water withdrawal,Cubic meters,56570.0,tudublin,GRI 303,303-3,equivalent,True,False,True
Technological University Dublin,OP-4,Ecologically Managed Grounds,Operations,Environmental,4.2 Ratio of ecologically managed green space to total managed green space,,Area managed organically,Hectares,0.11,tudublin,,,,False,False,True
Technological University Dublin,OP-4,Ecologically Managed Grounds,Operations,Environmental,4.2 Ratio of ecologically managed green space to total managed green space,,Area of tree canopy,Hectares,1.59,tudublin,,,,False,False,True
Technological University Dublin,OP-4,Ecologically Managed Grounds,Operations,Environmental,4.2 Ratio of ecologically managed green space to total managed green space,,Area protected or restored,Hectares,1.64,tudublin,,,,False,False,True
Technological University Dublin,OP-4,Ecologically Managed Grounds,Operations,Environmental,4.2 Ratio of ecologically managed green space to total managed green space,,Ratio of areas managed organically to total managed green space,,0.0,tudublin,,,,False,False,True
Technological University Dublin,OP-4,Ecologically Managed Grounds,Operations,Environmental,4.2 Ratio of ecologically managed green space to total managed green space,,Ratio of areas protected or restored to total managed green space,,0.04,tudublin,,,,False,False,True
Technological University Dublin,OP-4,Ecologically Managed Grounds,Operations,Environmental,4.2 Ratio of ecologically managed green space to total managed green space,,Ratio of tree canopy to total managed green space,,0.04,tudublin,,,,False,False,True
Technological University Dublin,OP-4,Ecologically Managed Grounds,Operations,Environmental,4.2 Ratio of ecologically managed green space to total managed green space,,Total area of managed green space,Hectares,43.59,tudublin,,,,False,False,True
Technological University Dublin,OP-5,Energy Use,Operations,Environmental,5.2 Energy consumption per person,,Annual energy consumption per person,Kilowatt-hours,1520.74,tudublin,GRI 302,302-3,intensity,True,True,True
Technological University Dublin,OP-5,Energy Use,Operations,Environmental,5.1 Energy consumption per square meter,Heating and cooling from off-site sources,Annual energy consumption per unit of floor area,Kilowatt-hours per square meter,182.05,tudublin,GRI 302,302-3,intensity,True,True,True
Technological University Dublin,OP-5,Energy Use,Operations,Environmental,5.3 Percentage of energy from renewable sources,Demand reduction,Annual renewable energy consumption,Megawatt-hours,8397.21,tudublin,GRI 302,302-1,partial,True,False,True
Technological University Dublin,OP-5,Energy Use,Operations,Environmental,5.1 Energy consumption per square meter,Stationary fuels,Bioenergy products,Megawatt-hours,0.0,tudublin,,,,False,False,True
Technological University Dublin,OP-5,Energy Use,Operations,Environmental,5.3 Percentage of energy from renewable sources,Renewable stationary fuels,Certified bioenergy products,Megawatt-hours,0.21,tudublin,,,,False,False,True
Technological University Dublin,OP-5,Energy Use,Operations,Environmental,5.3 Percentage of energy from renewable sources,Contractual instruments for renewable electricity,Certified unbundled EACs,Megawatt-hours,0.0,tudublin,,,,False,False,True
Technological University Dublin,OP-5,Energy Use,Operations,Environmental,5.1 Energy consumption per square meter,Heating and cooling from off-site sources,Chilled water from off-site sources,Megawatt-hours,0.0,tudublin,,,,False,False,True
Technological University Dublin,OP-5,Energy Use,Operations,Environmental,5.1 Energy consumption per square meter,Stationary fuels,Coal/coke,Megawatt-hours,0.0,tudublin,GRI 302,302-1,component,True,False,True
Technological University Dublin,OP-5,Energy Use,Operations,Environmental,5.3 Percentage of energy from renewable sources,Contractual instruments for renewable electricity,Electricity from certified off-site renewable sources,Megawatt-hours,0.0,tudublin,,,,False,False,True
Technological University Dublin,OP-5,Energy Use,Operations,Environmental,5.1 Energy consumption per square meter,Electricity,Electricity from off-site sources,Megawatt-hours,15046.0,tudublin,,,,False,False,True
Technological University Dublin,OP-5,Energy Use,Operations,Environmental,5.3 Percentage of energy from renewable sources,Demand reduction,"Electricity from on-site renewable systems, rights retained/retired",Megawatt-hours,7.0,tudublin,,,,False,False,True
Technological University Dublin,OP-5,Energy Use,Operations,Environmental,5.3 Percentage of energy from renewable sources,Demand reduction,Electricity from renewable sources,Megawatt-hours,6131.0,tudublin,,,,False,False,True
Technological University Dublin,OP-5,Energy Use,Operations,Environmental,5.3 Percentage of energy from renewable sources,Contractual instruments for renewable electricity,Electricity from uncertified off-site renewable sources,Megawatt-hours,6124.0,tudublin,,,,False,False,True
Technological University Dublin,OP-5,Energy Use,Operations,Environmental,5.1 Energy consumption per square meter,Electricity,Electricity generated by on-site renewable systems,Megawatt-hours,7.0,tudublin,,,,False,False,True
Technological University Dublin,OP-5,Energy Use,Operations,Environmental,5.3 Percentage of energy from renewable sources,Contractual instruments for renewable electricity,Energy attribute certificates (EACs) sold or not owned by the institution,Megawatt-hours,0.0,tudublin,,,,False,False,True
Technological University Dublin,OP-5,Energy Use,Operations,Environmental,5.2 Energy consumption per person,,Full-time equivalent of employees,,2404.0,tudublin,,,,False,False,True
Technological University Dublin,OP-5,Energy Use,Operations,Environmental,5.2 Energy consumption per person,,Full-time equivalent student enrollment,,22841.0,tudublin,,,,False,False,True
Technological University Dublin,OP-5,Energy Use,Operations,Environmental,5.2 Energy consumption per person,,Full-time equivalent students and employees,,25245.0,tudublin,,,,False,False,True
Technological University Dublin,OP-5,Energy Use,Operations,Environmental,5.1 Energy consumption per square meter,,Gross floor area of building space,Square meters,210887.0,tudublin,,,,False,False,True
Technological University Dublin,OP-5,Energy Use,Operations,Environmental,5.3 Percentage of energy from renewable sources,Heating and cooling from off-site renewable sources,Heating and cooling from certified off-site renewable sources,Megawatt-hours,0.0,tudublin,,,,False,False,True
Technological University Dublin,OP-5,Energy Use,Operations,Environmental,5.3 Percentage of energy from renewable sources,Demand reduction,Heating and cooling from off-site renewable sources,Megawatt-hours,2266.0,tudublin,,,,False,False,True
Technological University Dublin,OP-5,Energy Use,Operations,Environmental,5.3 Percentage of energy from renewable sources,Heating and cooling from off-site renewable sources,Heating and cooling from uncertified off-site renewable sources,Megawatt-hours,2266.0,tudublin,,,,False,False,True
Technological University Dublin,OP-5,Energy Use,Operations,Environmental,5.1 Energy consumption per square meter,Stationary fuels,Heating oil,Megawatt-hours,16.0,tudublin,GRI 302,302-1,component,True,False,True
Technological University Dublin,OP-5,Energy Use,Operations,Environmental,5.1 Energy consumption per square meter,Heating and cooling from off-site sources,Hot water from off-site sources,Megawatt-hours,2266.0,tudublin,,,,False,False,True
Technological University Dublin,OP-5,Energy Use,Operations,Environmental,5.1 Energy consumption per square meter,Stationary fuels,Natural gas,Megawatt-hours,21056.0,tudublin,GRI 302,302-1,component,True,False,True
Technological University Dublin,OP-5,Energy Use,Operations,Environmental,5.4 Percentage of electricity from on-site or certified renewable sources,,On-site and/or third party certified renewable power,Megawatt-hours,7.0,tudublin,,,,False,False,True
Technological University Dublin,OP-5,Energy Use,Operations,Environmental,5.1 Energy consumption per square meter,Electricity,On-site renewable electricity exported,Megawatt-hours,0.0,tudublin,GRI 302,302-1,component,True,False,True
Technological University Dublin,OP-5,Energy Use,Operations,Environmental,5.1 Energy consumption per square meter,Stationary fuels,Other stationary fuels,Megawatt-hours,0.0,tudublin,,,,False,False,True
Technological University Dublin,OP-5,Energy Use,Operations,Environmental,5.4 Percentage of electricity from on-site or certified renewable sources,,Percentage of electricity from on-site and/or third party certified renewable sources,,0.05,tudublin,,,,False,False,True
Technological University Dublin,OP-5,Energy Use,Operations,Environmental,5.3 Percentage of energy from renewable sources,Demand reduction,Percentage of energy from renewable sources,,21.87,tudublin,,,,False,False,True
Technological University Dublin,OP-5,Energy Use,Operations,Environmental,5.1 Energy consumption per square meter,Stationary fuels,Propane/LPG,Megawatt-hours,0.0,tudublin,GRI 302,302-1,component,True,False,True
Technological University Dublin,OP-5,Energy Use,Operations,Environmental,5.3 Percentage of energy from renewable sources,Demand reduction,Renewable stationary fuels,Megawatt-hours,0.21,tudublin,GRI 302,302-1,component,True,False,True
Technological University Dublin,OP-5,Energy Use,Operations,Environmental,5.1 Energy consumption per square meter,Heating and cooling from off-site sources,Steam from off-site sources,Megawatt-hours,0.0,tudublin,,,,False,False,True
Technological University Dublin,OP-5,Energy Use,Operations,Environmental,5.1 Energy consumption per square meter,Heating and cooling from off-site sources,Total annual energy consumption,Megawatt-hours,38391.0,tudublin,GRI 302,302-1,equivalent,True,False,True
Technological University Dublin,OP-5,Energy Use,Operations,Environmental,5.1 Energy consumption per square meter,Heating and cooling from off-site sources,Total electricity consumption,Megawatt-hours,15053.0,tudublin,GRI 302,302-1,component,True,False,True
Technological University Dublin,OP-5,Energy Use,Operations,Environmental,5.1 Energy consumption per square meter,Heating and cooling from off-site sources,Total heating and cooling from off-site sources,Megawatt-hours,2266.0,tudublin,GRI 302,302-1,component,True,False,True
Technological University Dublin,OP-5,Energy Use,Operations,Environmental,5.1 Energy consumption per square meter,Heating and cooling from off-site sources,Total stationary fuel consumption,Megawatt-hours,21072.0,tudublin,GRI 302,302-1,component,True,False,True
Technological University Dublin,OP-5,Energy Use,Operations,Environmental,5.3 Percentage of energy from renewable sources,Renewable stationary fuels,Uncertified biomethane from organic waste or landfill gas,Megawatt-hours,0.0,tudublin,,,,False,False,True
Technological University Dublin,OP-6,Greenhouse Gas Emissions,Operations,Environmental,6.4 Adjusted net greenhouse gas emissions,Baseline emissions,Adjusted net scope 1 and 2 GHG emissions,Metric tons of CO2 equivalent,8958.0,tudublin,,,,False,False,True
Technological University Dublin,OP-6,Greenhouse Gas Emissions,Operations,Environmental,6.1 Greenhouse gas emissions inventory and disclosure,Scope 2 GHG emissions,Annual scope 1 and 2 GHG emissions,Metric tons of CO2 equivalent,8958.0,tudublin,,,,False,False,True
Technological University Dublin,OP-6,Greenhouse Gas Emissions,Operations,Environmental,6.3 Greenhouse gas emissions per person,,Annual scope 1 and 2 GHG emissions per person,Kilograms of CO2 equivalent,354.84,tudublin,GRI 305,305-4,intensity,True,True,True
Technological University Dublin,OP-6,Greenhouse Gas Emissions,Operations,Environmental,6.2 Greenhouse gas emissions per square meter,,Annual scope 1 and 2 GHG emissions per unit of floor area,Kilograms per square meter,42.48,tudublin,GRI 305,305-4,intensity,True,True,True
Technological University Dublin,OP-6,Greenhouse Gas Emissions,Operations,Environmental,6.4 Adjusted net greenhouse gas emissions,Baseline emissions,Baseline scope 1 and 2 GHG emissions,Metric tons of CO2 equivalent,10064.0,tudublin,GRI 305,305-5,component,True,False,True
Technological University Dublin,OP-6,Greenhouse Gas Emissions,Operations,Environmental,6.4 Adjusted net greenhouse gas emissions,Carbon sinks,Carbon sold or transferred,Metric tons of CO2 equivalent,0.0,tudublin,,,,False,False,False
Technological University Dublin,OP-6,Greenhouse Gas Emissions,Operations,Environmental,6.4 Adjusted net greenhouse gas emissions,Carbon sinks,Carbon storage from non-additional sequestration on institution-owned land,Metric tons of CO2 equivalent,0.0,tudublin,,,,False,False,True
Technological University Dublin,OP-6,Greenhouse Gas Emissions,Operations,Environmental,6.4 Adjusted net greenhouse gas emissions,Carbon sinks,Carbon storage from on-site composting,Metric tons of CO2 equivalent,0.0,tudublin,,,,False,False,True
Technological University Dublin,OP-6,Greenhouse Gas Emissions,Operations,Environmental,6.3 Greenhouse gas emissions per person,,Full-time equivalent of employees,,2404.0,tudublin,,,,False,False,True
Technological University Dublin,OP-6,Greenhouse Gas Emissions,Operations,Environmental,6.3 Greenhouse gas emissions per person,,Full-time equivalent student enrollment,,22841.0,tudublin,,,,False,False,True
Technological University Dublin,OP-6,Greenhouse Gas Emissions,Operations,Environmental,6.3 Greenhouse gas emissions per person,,Full-time equivalent students and employees,,25245.0,tudublin,,,,False,False,True
Technological University Dublin,OP-6,Greenhouse Gas Emissions,Operations,Environmental,6.2 Greenhouse gas emissions per square meter,,Gross floor area of building space,Square meters,210887.0,tudublin,,,,False,False,True
Technological University Dublin,OP-6,Greenhouse Gas Emissions,Operations,Environmental,6.4 Adjusted net greenhouse gas emissions,Baseline emissions,Net carbon sinks,Metric tons of CO2 equivalent,0.0,tudublin,,,,False,False,True
Technological University Dublin,OP-6,Greenhouse Gas Emissions,Operations,Environmental,6.4 Adjusted net greenhouse gas emissions,Baseline emissions,Percentage reduction in scope 1 and 2 GHG emissions from baseline,,10.99,tudublin,GRI 305,305-5,partial,True,False,True
Technological University Dublin,OP-6,Greenhouse Gas Emissions,Operations,Environmental,6.1 Greenhouse gas emissions inventory and disclosure,Scope 1 GHG emissions,Scope 1 GHG emissions from mobile combustion,Metric tons of CO2 equivalent,2.0,tudublin,GRI 305,305-1,component,True,False,True
Technological University Dublin,OP-6,Greenhouse Gas Emissions,Operations,Environmental,6.1 Greenhouse gas emissions inventory and disclosure,Scope 1 GHG emissions,Scope 1 GHG emissions from stationary combustion,Metric tons of CO2 equivalent,3728.0,tudublin,GRI 305,305-1,component,True,False,True
Technological University Dublin,OP-6,Greenhouse Gas Emissions,Operations,Environmental,6.1 Greenhouse gas emissions inventory and disclosure,Scope 1 GHG emissions,Scope 1 GHG fugitive emissions,Metric tons of CO2 equivalent,55.0,tudublin,GRI 305,305-1,component,True,False,True
Technological University Dublin,OP-6,Greenhouse Gas Emissions,Operations,Environmental,6.1 Greenhouse gas emissions inventory and disclosure,Scope 1 GHG emissions,Scope 1 GHG process emissions,Metric tons of CO2 equivalent,0.0,tudublin,GRI 305,305-1,component,True,False,False
Technological University Dublin,OP-6,Greenhouse Gas Emissions,Operations,Environmental,6.1 Greenhouse gas emissions inventory and disclosure,Scope 2 GHG emissions,Scope 2 GHG emissions from off-site sources of electricity (location-based),Metric tons of CO2 equivalent,0.0,tudublin,GRI 305,305-2,component,True,False,False
Technological University Dublin,OP-6,Greenhouse Gas Emissions,Operations,Environmental,6.1 Greenhouse gas emissions inventory and disclosure,Scope 2 GHG emissions,Scope 2 GHG emissions from off-site sources of electricity (market-based),Metric tons of CO2 equivalent,4992.0,tudublin,GRI 305,305-2,component,True,False,True
Technological University Dublin,OP-6,Greenhouse Gas Emissions,Operations,Environmental,6.1 Greenhouse gas emissions inventory and disclosure,Scope 2 GHG emissions,Scope 2 GHG emissions from off-site sources of heating and cooling,Metric tons of CO2 equivalent,181.0,tudublin,GRI 305,305-2,component,True,False,True
Technological University Dublin,OP-6,Greenhouse Gas Emissions,Operations,Environmental,6.1 Greenhouse gas emissions inventory and disclosure,Scope 3 GHG emissions,Scope 3 GHG emissions from business travel,Metric tons of CO2 equivalent,410.0,tudublin,GRI 305,305-3,component,True,False,True
Technological University Dublin,OP-6,Greenhouse Gas Emissions,Operations,Environmental,6.1 Greenhouse gas emissions inventory and disclosure,Scope 3 GHG emissions,Scope 3 GHG emissions from capital goods,Metric tons of CO2 equivalent,83.0,tudublin,GRI 305,305-3,component,True,False,False
Technological University Dublin,OP-6,Greenhouse Gas Emissions,Operations,Environmental,6.1 Greenhouse gas emissions inventory and disclosure,Scope 3 GHG emissions,Scope 3 GHG emissions from commuting,Metric tons of CO2 equivalent,10694.0,tudublin,GRI 305,305-3,component,True,False,True
Technological University Dublin,OP-6,Greenhouse Gas Emissions,Operations,Environmental,6.1 Greenhouse gas emissions inventory and disclosure,Scope 3 GHG emissions,Scope 3 GHG emissions from fuel- and energy-related activities not included in scope 1 or scope 2,Metric tons of CO2 equivalent,0.0,tudublin,GRI 305,305-3,component,True,False,True
Technological University Dublin,OP-6,Greenhouse Gas Emissions,Operations,Environmental,6.1 Greenhouse gas emissions inventory and disclosure,Scope 3 GHG emissions,Scope 3 GHG emissions from other applicable categories identified in the GHG Protocol Scope 3 Standard,Metric tons of CO2 equivalent,10.0,tudublin,,,,False,False,False
Technological University Dublin,OP-6,Greenhouse Gas Emissions,Operations,Environmental,6.1 Greenhouse gas emissions inventory and disclosure,Scope 3 GHG emissions,Scope 3 GHG emissions from purchased goods and services,Metric tons of CO2 equivalent,26269.0,tudublin,GRI 305,305-3,component,True,False,False
Technological University Dublin,OP-6,Greenhouse Gas Emissions,Operations,Environmental,6.1 Greenhouse gas emissions inventory and disclosure,Scope 3 GHG emissions,Scope 3 GHG emissions from waste generated in operations,Metric tons of CO2 equivalent,9.0,tudublin,GRI 305,305-3,component,True,False,False
Technological University Dublin,OP-6,Greenhouse Gas Emissions,Operations,Environmental,6.4 Adjusted net greenhouse gas emissions,Carbon sinks,Third party certified carbon offsets,Metric tons of CO2 equivalent,0.0,tudublin,,,,False,False,True
Technological University Dublin,OP-7,Dining Service Procurement,Operations,Environmental,7.1 Percentage of food and beverage spend that meets sustainability criteria,,Percentage of food and beverage spend on plant-based foods,,57.0,tudublin,,,,False,False,True
Technological University Dublin,OP-7,Dining Service Procurement,Operations,Environmental,7.1 Percentage of food and beverage spend that meets sustainability criteria,,Percentage of food and beverage spend on products that are sustainably or ethically produced,,18.7,tudublin,,,,False,False,True
Technological University Dublin,OP-9,Sustainable Procurement System,Operations,Environmental,9.2 Percentage of bid solicitations that identify sustainability considerations,,Percentage of bid solicitations that identify product sustainability specifications,,100.0,tudublin,,,,False,False,True
Technological University Dublin,OP-9,Sustainable Procurement System,Operations,Environmental,9.2 Percentage of bid solicitations that identify sustainability considerations,,Percentage of bid solicitations that identify supplier sustainability considerations,,0.0,tudublin,GRI 308,308-1,partial,True,False,True
Technological University Dublin,PA-1,Sustainability Coordination,Planning & Administration,Governance,"1.1 Coordinating committee, officer, or office for sustainability",,Full-time equivalent of people employed in the sustainability offices,,16.3,tudublin,,,,False,False,True
Technological University Dublin,PA-10,Student Success,Planning & Administration,Social,10.1 Completion rate for low-income students,,Completion rate for low-income students,,59.8,tudublin,,,,False,False,True
Technological University Dublin,PA-10,Student Success,Planning & Administration,Social,10.2 Completion rate for students with marginalized gender identities,,Completion rate for students that identify as women or other marginalized gender identities,,71.3,tudublin,,,,False,False,True
Technological University Dublin,PA-10,Student Success,Planning & Administration,Social,"10.3 Percentage of marginalized racial, ethnic, and/or Indigenous groups with equitable completion rates",,"Number of marginalized racial, ethnic, and/or Indigenous groups with equitable completion rates",,10.0,tudublin,,,,False,False,True
Technological University Dublin,PA-10,Student Success,Planning & Administration,Social,10.1 Completion rate for low-income students,,Overall student completion rate,,63.8,tudublin,,,,False,False,True
Technological University Dublin,PA-10,Student Success,Planning & Administration,Social,"10.3 Percentage of marginalized racial, ethnic, and/or Indigenous groups with equitable completion rates",,"Percentage of marginalized, racial, ethnic, and Indigenous groups with equitable completion rates",,90.91,tudublin,,,,False,False,True
Technological University Dublin,PA-10,Student Success,Planning & Administration,Social,10.1 Completion rate for low-income students,,Ratio of the completion rate for low-income students to the overall completion rate,,0.94,tudublin,,,,False,False,True
Technological University Dublin,PA-10,Student Success,Planning & Administration,Social,10.2 Completion rate for students with marginalized gender identities,,Ratio of the completion rate for students that identify as women or other marginalized gender identities to the overall completion rate,,1.12,tudublin,,,,False,False,True
Technological University Dublin,PA-10,Student Success,Planning & Administration,Social,"10.3 Percentage of marginalized racial, ethnic, and/or Indigenous groups with equitable completion rates",,"Total number of marginalized racial, ethnic, and/or Indigenous groups served by the institution",,11.0,tudublin,,,,False,False,True
Technological University Dublin,PA-12,Employee Rights,Planning & Administration,Social,12.1 Number of weeks of paid maternity leave,,Number of weeks of paid maternity leave,,26.0,tudublin,GRI 401,401-3,partial,True,False,True
Technological University Dublin,PA-12,Employee Rights,Planning & Administration,Social,12.2 Percentage of employees eligible for paid all-gender family/medical leave,,Percentage of employees eligible for paid all-gender family/medical leave,,100.0,tudublin,GRI 401,401-2,partial,True,False,True
Technological University Dublin,PA-13,Pay Equity and Living Wage,Planning & Administration,Social,13.2 Percentage of employees that receive a living wage,,Living wage,,13.85,tudublin,GRI 202,202-1,partial,True,False,True
Technological University Dublin,PA-13,Pay Equity and Living Wage,Planning & Administration,Social,13.3 Percentage of significant contractors that pay a collectively determined or living wage,,Number of significant contractors known to pay a collectively determined or living wage,,45.0,tudublin,,,,False,False,False
Technological University Dublin,PA-13,Pay Equity and Living Wage,Planning & Administration,Social,13.2 Percentage of employees that receive a living wage,,Percentage of employees that receive remuneration equivalent to at least a living wage,,100.0,tudublin,GRI 202,202-1,partial,True,False,True
Technological University Dublin,PA-13,Pay Equity and Living Wage,Planning & Administration,Social,13.3 Percentage of significant contractors that pay a collectively determined or living wage,,Percentage of significant contractors that pay a collectively determined or living wage,,100.0,tudublin,,,,False,False,False
Technological University Dublin,PA-13,Pay Equity and Living Wage,Planning & Administration,Social,13.3 Percentage of significant contractors that pay a collectively determined or living wage,,Total number of significant contractors,,45.0,tudublin,,,,False,False,False
Technological University Dublin,PA-13,Pay Equity and Living Wage,Planning & Administration,Social,13.2 Percentage of employees that receive a living wage,,Wage floor for regular/permanent employees,,16.53,tudublin,GRI 202,202-1,partial,True,False,True
Technological University Dublin,PA-13,Pay Equity and Living Wage,Planning & Administration,Social,13.2 Percentage of employees that receive a living wage,,Wage floor for short-term/casual academic staff,,14.32,tudublin,,,,False,False,True
Technological University Dublin,PA-13,Pay Equity and Living Wage,Planning & Administration,Social,13.2 Percentage of employees that receive a living wage,,Wage floor for short-term/casual non-academic staff,,16.31,tudublin,,,,False,False,True
Technological University Dublin,PA-7,Racial and Ethnic Representation,Planning & Administration,Social,7.1 Ethnic diversity index,,Ethnic diversity index for students,,0.66,tudublin,,,,False,False,True
Technological University Dublin,PA-7,Racial and Ethnic Representation,Planning & Administration,Social,"7.3 Percentage of marginalized racial, ethnic, and/or Indigenous groups equitably represented among employees",,"Number of marginalized racial, ethnic, and/or Indigenous groups that are equitably represented among executive staff",,0.0,tudublin,,,,False,False,True
Technological University Dublin,PA-7,Racial and Ethnic Representation,Planning & Administration,Social,"7.3 Percentage of marginalized racial, ethnic, and/or Indigenous groups equitably represented among employees",,"Number of marginalized racial, ethnic, and/or Indigenous groups that are equitably represented among regular/permanent academic staff",,0.0,tudublin,,,,False,False,True
Technological University Dublin,PA-7,Racial and Ethnic Representation,Planning & Administration,Social,"7.3 Percentage of marginalized racial, ethnic, and/or Indigenous groups equitably represented among employees",,"Number of marginalized racial, ethnic, and/or Indigenous groups that are equitably represented among regular/permanent non-academic staff",,0.0,tudublin,,,,False,False,True
Technological University Dublin,PA-7,Racial and Ethnic Representation,Planning & Administration,Social,"7.2 Percentage of marginalized racial, ethnic, and/or Indigenous groups equitably represented among students",,"Number of marginalized racial, ethnic, and/or Indigenous groups that are equitably represented among students",,7.0,tudublin,,,,False,False,True
Technological University Dublin,PA-7,Racial and Ethnic Representation,Planning & Administration,Social,"7.3 Percentage of marginalized racial, ethnic, and/or Indigenous groups equitably represented among employees",,"Percentage of marginalized, racial, ethnic, and Indigenous groups that are equitably represented among executive staff",,0.0,tudublin,,,,False,False,True
Technological University Dublin,PA-7,Racial and Ethnic Representation,Planning & Administration,Social,"7.3 Percentage of marginalized racial, ethnic, and/or Indigenous groups equitably represented among employees",,"Percentage of marginalized, racial, ethnic, and Indigenous groups that are equitably represented among regular/permanent academic staff",,0.0,tudublin,,,,False,False,True
Technological University Dublin,PA-7,Racial and Ethnic Representation,Planning & Administration,Social,"7.3 Percentage of marginalized racial, ethnic, and/or Indigenous groups equitably represented among employees",,"Percentage of marginalized, racial, ethnic, and Indigenous groups that are equitably represented among regular/permanent non-academic staff",,0.0,tudublin,,,,False,False,True
Technological University Dublin,PA-7,Racial and Ethnic Representation,Planning & Administration,Social,"7.2 Percentage of marginalized racial, ethnic, and/or Indigenous groups equitably represented among students",,"Percentage of marginalized, racial, ethnic, and Indigenous groups that are equitably represented among students",,63.64,tudublin,,,,False,False,True
Technological University Dublin,PA-7,Racial and Ethnic Representation,Planning & Administration,Social,"7.2 Percentage of marginalized racial, ethnic, and/or Indigenous groups equitably represented among students",,"Total number of marginalized racial, ethnic, and/or Indigenous groups in the region served by the institution",,11.0,tudublin,,,,False,False,True
Technological University Dublin,PA-8,Gender Parity,Planning & Administration,Social,8.2 Percentage of employees with marginalized gender identities,,Percentage of executive staff that identify as women or other marginalized gender identities,,41.09,tudublin,GRI 405,405-1,component,True,False,True
Technological University Dublin,PA-8,Gender Parity,Planning & Administration,Social,8.2 Percentage of employees with marginalized gender identities,,Percentage of regular/permanent academic staff that identify as women or other marginalized gender identities,,41.55,tudublin,GRI 405,405-1,component,True,False,True
Technological University Dublin,PA-8,Gender Parity,Planning & Administration,Social,8.2 Percentage of employees with marginalized gender identities,,Percentage of regular/permanent non-academic staff that identify as women or other marginalized gender identities,,56.4,tudublin,GRI 405,405-1,component,True,False,True
Technological University Dublin,PA-8,Gender Parity,Planning & Administration,Social,8.1. Percentage of students with marginalized gender identities,,Percentage of students that identify as women or other marginalized gender identities,,42.23,tudublin,,,,False,False,True
Technological University Dublin,PA-9,Affordability and Access,Planning & Administration,Social,9.1 Number of paid work-hours per year required to meet the average net price of attendance for low-income students,,Average annual net price of attendance for low-income students,,5880.98,tudublin,,,,False,False,True
Technological University Dublin,PA-9,Affordability and Access,Planning & Administration,Social,9.1 Number of paid work-hours per year required to meet the average net price of attendance for low-income students,,Local hourly minimum wage for students,,12.7,tudublin,,,,False,False,True
Technological University Dublin,PA-9,Affordability and Access,Planning & Administration,Social,9.1 Number of paid work-hours per year required to meet the average net price of attendance for low-income students,,Number of paid work-hours per year required to meet the average net price of attendance for low-income students,,463.07,tudublin,,,,False,False,True
Technological University Dublin,PA-9,Affordability and Access,Planning & Administration,Social,9.2 Percentage of students that are low-income,,Percentage of students that are low-income,,34.0,tudublin,,,,False,False,True
Technological University Dublin,PRE-3,Institutional Characteristics,Report Preface,Preface,,,Full-time equivalent of employees,,2404.0,tudublin,GRI 2,2-7,partial,True,False,True
Technological University Dublin,PRE-3,Institutional Characteristics,Report Preface,Preface,,,Full-time equivalent student enrollment,,22841.0,tudublin,,,,False,False,True
Technological University Dublin,PRE-3,Institutional Characteristics,Report Preface,Preface,,,Gross floor area of building space,Square meters,210887.0,tudublin,,,,False,False,True
Technological University Dublin,PRE-3,Institutional Characteristics,Report Preface,Preface,,,Percentage of students enrolled exclusively in distance education,,1.74,tudublin,,,,False,False,True
Technological University Dublin,PRE-3,Institutional Characteristics,Report Preface,Preface,,,Percentage of students that live in campus housing,,0.0,tudublin,,,,False,False,True
University College Cork,AC-1,Sustainability Course Offerings,Academics,Context,1.1 Percentage of academic departments with sustainability course offerings,,Number of academic departments with at least one sustainability course offering,,24.0,cork,,,,False,False,True
University College Cork,AC-1,Sustainability Course Offerings,Academics,Context,1.1 Percentage of academic departments with sustainability course offerings,,Percentage of departments with sustainability course offerings,,100.0,cork,,,,False,False,True
University College Cork,AC-1,Sustainability Course Offerings,Academics,Context,1.1 Percentage of academic departments with sustainability course offerings,,Total number of academic departments that offer courses that may be taken for credit,,24.0,cork,,,,False,False,True
University College Cork,AC-2,Undergraduate Programs,Academics,Context,2.3 Percentage of undergraduate qualifications awarded that have sustainability-focused learning requirements,,Number of undergraduate qualifications awarded that are focused on subjects other than sustainability but have sustainability-focused learning requirements,,1253.0,cork,,,,False,False,True
University College Cork,AC-2,Undergraduate Programs,Academics,Context,2.3 Percentage of undergraduate qualifications awarded that have sustainability-focused learning requirements,,Number of undergraduate qualifications awarded that are sustainability-focused,,944.0,cork,,,,False,False,True
University College Cork,AC-2,Undergraduate Programs,Academics,Context,2.3 Percentage of undergraduate qualifications awarded that have sustainability-focused learning requirements,,Percentage of undergraduate qualifications awarded that have sustainability-focused learning requirements,,95.6,cork,,,,False,False,True
University College Cork,AC-2,Undergraduate Programs,Academics,Context,2.3 Percentage of undergraduate qualifications awarded that have sustainability-focused learning requirements,,Total number of undergraduate qualifications awarded,,2298.0,cork,,,,False,False,True
University College Cork,AC-2,Undergraduate Programs,Academics,Context,2.3 Percentage of undergraduate qualifications awarded that have sustainability-focused learning requirements,,Total number of undergraduate qualifications awarded that have sustainability-focused learning requirements,,2197.0,cork,,,,False,False,True
University College Cork,AC-3,Graduate Programs,Academics,Context,3.2 Percentage of graduate qualifications awarded that have sustainability-focused learning requirements,,Number of graduate qualifications awarded that are focused on subjects other than sustainability but have sustainability-focused learning requirements,,619.0,cork,,,,False,False,True
University College Cork,AC-3,Graduate Programs,Academics,Context,3.2 Percentage of graduate qualifications awarded that have sustainability-focused learning requirements,,Number of graduate qualifications awarded that are sustainability-focused,,575.0,cork,,,,False,False,True
University College Cork,AC-3,Graduate Programs,Academics,Context,3.2 Percentage of graduate qualifications awarded that have sustainability-focused learning requirements,,Percentage of graduate qualifications awarded that have sustainability-focused learning requirements,,38.67,cork,,,,False,False,True
University College Cork,AC-3,Graduate Programs,Academics,Context,3.2 Percentage of graduate qualifications awarded that have sustainability-focused learning requirements,,Total number of graduate qualifications awarded,,3088.0,cork,,,,False,False,True
University College Cork,AC-3,Graduate Programs,Academics,Context,3.2 Percentage of graduate qualifications awarded that have sustainability-focused learning requirements,,Total number of graduate qualifications awarded that have sustainability-focused learning requirements,,1194.0,cork,,,,False,False,True
University College Cork,AC-6,Sustainability Research,Academics,Context,6.1 Percentage of academic departments engaged in sustainability research,,Number of academic departments engaged in sustainability research,,27.0,cork,,,,False,False,True
University College Cork,AC-6,Sustainability Research,Academics,Context,6.1 Percentage of academic departments engaged in sustainability research,,Percentage of academic departments engaged in sustainability research,,100.0,cork,,,,False,False,True
University College Cork,AC-6,Sustainability Research,Academics,Context,6.1 Percentage of academic departments engaged in sustainability research,,Total number of academic departments engaged in research,,27.0,cork,,,,False,False,True
University College Cork,OP-1,Building Design and Construction,Operations,Environmental,1.1 Percentage of new floor area designed and constructed to green building standards,,"Floor area of new building space built to green building standards, but not third party certified",Square meters,0.0,cork,,,,False,False,True
University College Cork,OP-1,Building Design and Construction,Operations,Environmental,1.1 Percentage of new floor area designed and constructed to green building standards,,Floor area of new building space third party certified to a comprehensive green building standard,Square meters,8664.0,cork,,,,False,False,True
University College Cork,OP-1,Building Design and Construction,Operations,Environmental,1.1 Percentage of new floor area designed and constructed to green building standards,,Floor area of new building space third party certified to a less comprehensive green building standard,Square meters,420.0,cork,,,,False,False,True
University College Cork,OP-1,Building Design and Construction,Operations,Environmental,1.1 Percentage of new floor area designed and constructed to green building standards,,Total floor area of newly constructed or renovated building space,Square meters,9084.0,cork,,,,False,False,True
University College Cork,OP-10,Purchased Goods,Operations,Environmental,10.1 Percentage of cleaning products spend that meets sustainability criteria,,Annual spend on cleaning products that meet other qualifying sustainability criteria,,14720.0,cork,,,,False,False,True
University College Cork,OP-10,Purchased Goods,Operations,Environmental,10.1 Percentage of cleaning products spend that meets sustainability criteria,,Annual spend on cleaning products that meet preferable sustainability criteria,,86946.0,cork,,,,False,False,True
University College Cork,OP-10,Purchased Goods,Operations,Environmental,10.2 Percentage of electronics spend that meets sustainability criteria,,Annual spend on electronics spend that meet other qualifying sustainability criteria,,2008738.73,cork,,,,False,False,True
University College Cork,OP-10,Purchased Goods,Operations,Environmental,10.1 Percentage of cleaning products spend that meets sustainability criteria,,Percentage of cleaning product spend that meets other qualifying sustainability criteria,,14.29,cork,,,,False,False,True
University College Cork,OP-10,Purchased Goods,Operations,Environmental,10.1 Percentage of cleaning products spend that meets sustainability criteria,,Percentage of cleaning product spend that meets preferable sustainability criteria,,84.41,cork,,,,False,False,True
University College Cork,OP-10,Purchased Goods,Operations,Environmental,10.2 Percentage of electronics spend that meets sustainability criteria,,Percentage of electronics spend that meets other qualifying sustainability criteria,,42.16,cork,,,,False,False,True
University College Cork,OP-10,Purchased Goods,Operations,Environmental,10.2 Percentage of electronics spend that meets sustainability criteria,,Percentage of electronics spend that meets preferable sustainability criteria,,0.0,cork,,,,False,False,True
University College Cork,OP-10,Purchased Goods,Operations,Environmental,10.1 Percentage of cleaning products spend that meets sustainability criteria,,Total annual spend on cleaning products,,103000.0,cork,,,,False,False,True
University College Cork,OP-10,Purchased Goods,Operations,Environmental,10.2 Percentage of electronics spend that meets sustainability criteria,,Total annual spend on electronics,,4764411.99,cork,,,,False,False,True
University College Cork,OP-12,Waste Generation and Recovery,Operations,Environmental,12.4 Percentage of construction and demolition waste diverted from disposal,,Annual construction and demolition waste generated,Metric tons,6914.08,cork,GRI 306,306-3,component,True,False,True
University College Cork,OP-12,Waste Generation and Recovery,Operations,Environmental,12.1 Non-hazardous waste generated per person,,Annual non-hazardous waste generated,Metric tons,520.0,cork,GRI 306,306-3,partial,True,False,True
University College Cork,OP-12,Waste Generation and Recovery,Operations,Environmental,12.1 Non-hazardous waste generated per person,,Annual non-hazardous waste generated per person,Kilograms,20.17,cork,,,,False,True,True
University College Cork,OP-12,Waste Generation and Recovery,Operations,Environmental,12.2 Non-hazardous waste generated per square meter,,Annual non-hazardous waste generated per unit of floor area,Kilograms per square meter,1.84,cork,,,,False,True,True
University College Cork,OP-12,Waste Generation and Recovery,Operations,Environmental,12.4 Percentage of construction and demolition waste diverted from disposal,,Construction and demolition waste disposed of to a landfill or incinerator,Metric tons,76.13,cork,GRI 306,306-5,component,True,False,True
University College Cork,OP-12,Waste Generation and Recovery,Operations,Environmental,12.4 Percentage of construction and demolition waste diverted from disposal,,Construction and demolition waste prepared for reuse,Metric tons,1162.73,cork,,,,False,False,True
University College Cork,OP-12,Waste Generation and Recovery,Operations,Environmental,12.4 Percentage of construction and demolition waste diverted from disposal,,Construction and demolition waste recycled,Metric tons,5675.22,cork,GRI 306,306-4,component,True,False,True
University College Cork,OP-12,Waste Generation and Recovery,Operations,Environmental,12.1 Non-hazardous waste generated per person,,Estimated percentage of non-hazardous waste disposed of to a landfill or incinerator that is disposed of to a waste-to-energy (WTE) facility,,100.0,cork,,,,False,False,False
University College Cork,OP-12,Waste Generation and Recovery,Operations,Environmental,12.1 Non-hazardous waste generated per person,,Full-time equivalent of employees,,3643.0,cork,,,,False,False,True
University College Cork,OP-12,Waste Generation and Recovery,Operations,Environmental,12.1 Non-hazardous waste generated per person,,Full-time equivalent student enrollment,,22137.0,cork,,,,False,False,True
University College Cork,OP-12,Waste Generation and Recovery,Operations,Environmental,12.1 Non-hazardous waste generated per person,,Full-time equivalent students and employees,,25780.0,cork,,,,False,False,True
University College Cork,OP-12,Waste Generation and Recovery,Operations,Environmental,12.2 Non-hazardous waste generated per square meter,,Gross floor area of building space,Square meters,282364.0,cork,,,,False,False,True
University College Cork,OP-12,Waste Generation and Recovery,Operations,Environmental,12.1 Non-hazardous waste generated per person,,Non-hazardous waste composted,Metric tons,59.0,cork,GRI 306,306-4,component,True,False,True
University College Cork,OP-12,Waste Generation and Recovery,Operations,Environmental,12.1 Non-hazardous waste generated per person,,Non-hazardous waste disposed of to a landfill or incinerator,Metric tons,278.0,cork,GRI 306,306-5,component,True,False,True
University College Cork,OP-12,Waste Generation and Recovery,Operations,Environmental,12.1 Non-hazardous waste generated per person,,Non-hazardous waste prepared for reuse,Metric tons,0.0,cork,GRI 306,306-4,component,True,False,True
University College Cork,OP-12,Waste Generation and Recovery,Operations,Environmental,12.1 Non-hazardous waste generated per person,,Non-hazardous waste recycled,Metric tons,183.0,cork,GRI 306,306-4,component,True,False,True
University College Cork,OP-12,Waste Generation and Recovery,Operations,Environmental,12.4 Percentage of construction and demolition waste diverted from disposal,,Percentage of construction and demolition waste diverted from disposal,,98.9,cork,,,,False,False,True
University College Cork,OP-12,Waste Generation and Recovery,Operations,Environmental,12.3 Percentage of non-hazardous waste diverted from disposal,,Percentage of non-hazardous waste diverted from disposal,,46.54,cork,,,,False,False,True
University College Cork,OP-12,Waste Generation and Recovery,Operations,Environmental,12.4 Percentage of construction and demolition waste diverted from disposal,,Total construction and demolition waste diverted from disposal,Metric tons,6837.95,cork,GRI 306,306-4,component,True,False,True
University College Cork,OP-12,Waste Generation and Recovery,Operations,Environmental,12.1 Non-hazardous waste generated per person,,Total non-hazardous waste diverted from disposal,Metric tons,242.0,cork,GRI 306,306-4,component,True,False,True
University College Cork,OP-13,Vehicle Fleet,Operations,Environmental,13.1 Percentage of fleet vehicles that are electric vehicles,,"Number of cars, vans, trucks, and buses in the institution’s fleet that are plug-in hybrid electric vehicles (PHEVs)",,0.0,cork,,,,False,False,True
University College Cork,OP-13,Vehicle Fleet,Operations,Environmental,13.1 Percentage of fleet vehicles that are electric vehicles,,"Number of cars, vans, trucks, and buses in the institution’s fleet that are zero emission vehicles (ZEVs)",,8.0,cork,,,,False,False,True
University College Cork,OP-13,Vehicle Fleet,Operations,Environmental,13.1 Percentage of fleet vehicles that are electric vehicles,,Percentage of fleet vehicles that are electric vehicles,,33.33,cork,,,,False,False,True
University College Cork,OP-13,Vehicle Fleet,Operations,Environmental,13.1 Percentage of fleet vehicles that are electric vehicles,,"Total number of cars, vans, trucks, and buses in the institution’s fleet",,24.0,cork,,,,False,False,True
University College Cork,OP-14,Commute Modal Split,Operations,Environmental,14.1 Percentage of students and employees using more sustainable commuting options,,Full-time equivalent of employees,,3643.0,cork,,,,False,False,True
University College Cork,OP-14,Commute Modal Split,Operations,Environmental,14.1 Percentage of students and employees using more sustainable commuting options,,Full-time equivalent student enrollment,,22137.0,cork,,,,False,False,True
University College Cork,OP-14,Commute Modal Split,Operations,Environmental,Optional documentation,Employee commuting data,"Percentage of employees that commute by bus, shuttle, or ferry",,7.0,cork,,,,False,False,True
University College Cork,OP-14,Commute Modal Split,Operations,Environmental,Optional documentation,Employee commuting data,Percentage of employees that commute by carpool or vanpool,,3.0,cork,,,,False,False,True
University College Cork,OP-14,Commute Modal Split,Operations,Environmental,Optional documentation,Employee commuting data,Percentage of employees that commute by cycling or another micro-mobility option,,12.0,cork,,,,False,False,True
University College Cork,OP-14,Commute Modal Split,Operations,Environmental,Optional documentation,Employee commuting data,Percentage of employees that commute by rail,,3.0,cork,,,,False,False,True
University College Cork,OP-14,Commute Modal Split,Operations,Environmental,Optional documentation,Employee commuting data,Percentage of employees that commute by walking or the equivalent,,14.5,cork,,,,False,False,True
University College Cork,OP-14,Commute Modal Split,Operations,Environmental,Optional documentation,Employee commuting data,"Percentage of employees that commute using single-occupancy car, van, or truck",,52.0,cork,,,,False,False,True
University College Cork,OP-14,Commute Modal Split,Operations,Environmental,14.1 Percentage of students and employees using more sustainable commuting options,,Percentage of employees that use more sustainable commuting options,,52.6,cork,,,,False,False,True
University College Cork,OP-14,Commute Modal Split,Operations,Environmental,Optional documentation,Student commuting data,"Percentage of students that commute by bus, shuttle, or ferry",,24.0,cork,,,,False,False,True
University College Cork,OP-14,Commute Modal Split,Operations,Environmental,Optional documentation,Student commuting data,Percentage of students that commute by carpool or vanpool,,6.0,cork,,,,False,False,True
University College Cork,OP-14,Commute Modal Split,Operations,Environmental,Optional documentation,Student commuting data,Percentage of students that commute by cycling or another micro-mobility option,,3.5,cork,,,,False,False,True
University College Cork,OP-14,Commute Modal Split,Operations,Environmental,Optional documentation,Student commuting data,Percentage of students that commute by rail,,7.0,cork,,,,False,False,True
University College Cork,OP-14,Commute Modal Split,Operations,Environmental,Optional documentation,Student commuting data,Percentage of students that commute by walking or the equivalent,,30.0,cork,,,,False,False,True
University College Cork,OP-14,Commute Modal Split,Operations,Environmental,Optional documentation,Student commuting data,"Percentage of students that commute using single-occupancy car, van, or truck",,26.0,cork,,,,False,False,True
University College Cork,OP-14,Commute Modal Split,Operations,Environmental,14.1 Percentage of students and employees using more sustainable commuting options,,Percentage of students that use more sustainable commuting options,,85.0,cork,,,,False,False,True
University College Cork,OP-2,Building Operations and Maintenance,Operations,Environmental,2.1 Percentage of existing buildings managed for sustainability performance,,Floor area of existing buildings individually assessed for energy performance,Square meters,176444.0,cork,,,,False,False,True
University College Cork,OP-2,Building Operations and Maintenance,Operations,Environmental,2.1 Percentage of existing buildings managed for sustainability performance,,Floor area of existing buildings individually assessed for indoor environmental quality (IEQ) performance,Square meters,0.0,cork,,,,False,False,True
University College Cork,OP-2,Building Operations and Maintenance,Operations,Environmental,2.1 Percentage of existing buildings managed for sustainability performance,,Floor area of existing buildings managed or individually assessed for water performance,Square meters,127601.0,cork,,,,False,False,True
University College Cork,OP-2,Building Operations and Maintenance,Operations,Environmental,2.1 Percentage of existing buildings managed for sustainability performance,,Floor area of existing buildings managed under a green cleaning program,Square meters,282364.0,cork,,,,False,False,True
University College Cork,OP-2,Building Operations and Maintenance,Operations,Environmental,2.1 Percentage of existing buildings managed for sustainability performance,,Floor area of existing buildings third party certified to a green building standard that addresses operations and maintenance,Square meters,0.0,cork,,,,False,False,True
University College Cork,OP-2,Building Operations and Maintenance,Operations,Environmental,2.1 Percentage of existing buildings managed for sustainability performance,,Gross floor area of existing building space,Square meters,282364.0,cork,,,,False,False,True
University College Cork,OP-2,Building Operations and Maintenance,Operations,Environmental,2.1 Percentage of existing buildings managed for sustainability performance,,Percentage of existing buildings assessed for IEQ performance,,0.0,cork,,,,False,False,True
University College Cork,OP-2,Building Operations and Maintenance,Operations,Environmental,2.1 Percentage of existing buildings managed for sustainability performance,,Percentage of existing buildings assessed for energy performance,,62.49,cork,,,,False,False,True
University College Cork,OP-2,Building Operations and Maintenance,Operations,Environmental,2.1 Percentage of existing buildings managed for sustainability performance,,Percentage of existing buildings managed or assessed for water performance,,45.19,cork,,,,False,False,True
University College Cork,OP-2,Building Operations and Maintenance,Operations,Environmental,2.1 Percentage of existing buildings managed for sustainability performance,,Percentage of existing buildings managed under a green cleaning program,,100.0,cork,,,,False,False,True
University College Cork,OP-2,Building Operations and Maintenance,Operations,Environmental,2.1 Percentage of existing buildings managed for sustainability performance,,Percentage of existing buildings third party certified to a green building standard that addresses operations and maintenance,,0.0,cork,,,,False,False,True
University College Cork,OP-3,Water Use,Operations,Environmental,3.1 Potable water use per person,,Annual potable water use,Cubic meters,54153.0,cork,,,,False,False,True
University College Cork,OP-3,Water Use,Operations,Environmental,3.1 Potable water use per person,,Annual potable water use per person,Liters,2100.58,cork,,,,False,True,True
University College Cork,OP-3,Water Use,Operations,Environmental,3.2 Potable water use per square meter,,Annual potable water use per unit of floor area,Liters per square meter,191.78,cork,,,,False,True,True
University College Cork,OP-3,Water Use,Operations,Environmental,3.4 Ratio of water recovered/returned to total water withdrawal,,Annual volume of water recovered and/or returned,Cubic meters,0.0,cork,,,,False,False,True
University College Cork,OP-3,Water Use,Operations,Environmental,3.1 Potable water use per person,,Full-time equivalent of employees,,3643.0,cork,,,,False,False,True
University College Cork,OP-3,Water Use,Operations,Environmental,3.1 Potable water use per person,,Full-time equivalent student enrollment,,22137.0,cork,,,,False,False,True
University College Cork,OP-3,Water Use,Operations,Environmental,3.1 Potable water use per person,,Full-time equivalent students and employees,,25780.0,cork,,,,False,False,True
University College Cork,OP-3,Water Use,Operations,Environmental,3.2 Potable water use per square meter,,Gross floor area of building space,Square meters,282364.0,cork,,,,False,False,True
University College Cork,OP-3,Water Use,Operations,Environmental,3.1 Potable water use per person,,Other off-site water sources,Cubic meters,0.0,cork,,,,False,False,True
University College Cork,OP-3,Water Use,Operations,Environmental,3.1 Potable water use per person,,Other on-site water sources,Cubic meters,0.0,cork,,,,False,False,True
University College Cork,OP-3,Water Use,Operations,Environmental,3.1 Potable water use per person,,Potable water from off-site sources,Cubic meters,54153.0,cork,GRI 303,303-3,component,True,False,True
University College Cork,OP-3,Water Use,Operations,Environmental,3.1 Potable water use per person,,Potable water from on-site sources,Cubic meters,0.0,cork,GRI 303,303-3,component,True,False,True
University College Cork,OP-3,Water Use,Operations,Environmental,3.4 Ratio of water recovered/returned to total water withdrawal,,Ratio of water recovered/returned to total water withdrawal,,0.0,cork,,,,False,False,True
University College Cork,OP-3,Water Use,Operations,Environmental,3.1 Potable water use per person,,Reclaimed water from off-site sources,Cubic meters,0.0,cork,,,,False,False,True
University College Cork,OP-3,Water Use,Operations,Environmental,3.4 Ratio of water recovered/returned to total water withdrawal,,Total water withdrawal,Cubic meters,54153.0,cork,GRI 303,303-3,equivalent,True,False,True
University College Cork,OP-4,Ecologically Managed Grounds,Operations,Environmental,4.2 Ratio of ecologically managed green space to total managed green space,,Area managed organically,Hectares,51.76,cork,,,,False,False,True
University College Cork,OP-4,Ecologically Managed Grounds,Operations,Environmental,4.2 Ratio of ecologically managed green space to total managed green space,,Area of tree canopy,Hectares,11.31,cork,,,,False,False,True
University College Cork,OP-4,Ecologically Managed Grounds,Operations,Environmental,4.2 Ratio of ecologically managed green space to total managed green space,,Area protected or restored,Hectares,10.69,cork,,,,False,False,True
University College Cork,OP-4,Ecologically Managed Grounds,Operations,Environmental,4.2 Ratio of ecologically managed green space to total managed green space,,Ratio of areas managed organically to total managed green space,,1.0,cork,,,,False,False,True
University College Cork,OP-4,Ecologically Managed Grounds,Operations,Environmental,4.2 Ratio of ecologically managed green space to total managed green space,,Ratio of areas protected or restored to total managed green space,,0.21,cork,,,,False,False,True
University College Cork,OP-4,Ecologically Managed Grounds,Operations,Environmental,4.2 Ratio of ecologically managed green space to total managed green space,,Ratio of tree canopy to total managed green space,,0.22,cork,,,,False,False,True
University College Cork,OP-4,Ecologically Managed Grounds,Operations,Environmental,4.2 Ratio of ecologically managed green space to total managed green space,,Total area of managed green space,Hectares,51.76,cork,,,,False,False,True
University College Cork,OP-5,Energy Use,Operations,Environmental,5.2 Energy consumption per person,,Annual energy consumption per person,Kilowatt-hours,2139.2,cork,GRI 302,302-3,intensity,True,True,True
University College Cork,OP-5,Energy Use,Operations,Environmental,5.1 Energy consumption per square meter,Heating and cooling from off-site sources,Annual energy consumption per unit of floor area,Kilowatt-hours per square meter,195.31,cork,GRI 302,302-3,intensity,True,True,True
University College Cork,OP-5,Energy Use,Operations,Environmental,5.3 Percentage of energy from renewable sources,Demand reduction,Annual renewable energy consumption,Megawatt-hours,0.7,cork,GRI 302,302-1,partial,True,False,True
University College Cork,OP-5,Energy Use,Operations,Environmental,5.1 Energy consumption per square meter,Stationary fuels,Bioenergy products,Megawatt-hours,0.0,cork,,,,False,False,True
University College Cork,OP-5,Energy Use,Operations,Environmental,5.3 Percentage of energy from renewable sources,Renewable stationary fuels,Certified bioenergy products,Megawatt-hours,0.0,cork,,,,False,False,True
University College Cork,OP-5,Energy Use,Operations,Environmental,5.3 Percentage of energy from renewable sources,Contractual instruments for renewable electricity,Certified unbundled EACs,Megawatt-hours,0.0,cork,,,,False,False,True
University College Cork,OP-5,Energy Use,Operations,Environmental,5.1 Energy consumption per square meter,Heating and cooling from off-site sources,Chilled water from off-site sources,Megawatt-hours,0.0,cork,,,,False,False,True
University College Cork,OP-5,Energy Use,Operations,Environmental,5.1 Energy consumption per square meter,Stationary fuels,Coal/coke,Megawatt-hours,0.0,cork,GRI 302,302-1,component,True,False,True
University College Cork,OP-5,Energy Use,Operations,Environmental,5.3 Percentage of energy from renewable sources,Contractual instruments for renewable electricity,Electricity from certified off-site renewable sources,Megawatt-hours,0.0,cork,,,,False,False,True
University College Cork,OP-5,Energy Use,Operations,Environmental,5.1 Energy consumption per square meter,Electricity,Electricity from off-site sources,Megawatt-hours,32599.0,cork,,,,False,False,True
University College Cork,OP-5,Energy Use,Operations,Environmental,5.3 Percentage of energy from renewable sources,Demand reduction,"Electricity from on-site renewable systems, rights retained/retired",Megawatt-hours,0.7,cork,,,,False,False,True
University College Cork,OP-5,Energy Use,Operations,Environmental,5.3 Percentage of energy from renewable sources,Demand reduction,Electricity from renewable sources,Megawatt-hours,0.7,cork,,,,False,False,True
University College Cork,OP-5,Energy Use,Operations,Environmental,5.3 Percentage of energy from renewable sources,Contractual instruments for renewable electricity,Electricity from uncertified off-site renewable sources,Megawatt-hours,0.0,cork,,,,False,False,True
University College Cork,OP-5,Energy Use,Operations,Environmental,5.1 Energy consumption per square meter,Electricity,Electricity generated by on-site renewable systems,Megawatt-hours,0.7,cork,,,,False,False,True
University College Cork,OP-5,Energy Use,Operations,Environmental,5.3 Percentage of energy from renewable sources,Contractual instruments for renewable electricity,Energy attribute certificates (EACs) sold or not owned by the institution,Megawatt-hours,0.0,cork,,,,False,False,True
University College Cork,OP-5,Energy Use,Operations,Environmental,5.2 Energy consumption per person,,Full-time equivalent of employees,,3643.0,cork,,,,False,False,True
University College Cork,OP-5,Energy Use,Operations,Environmental,5.2 Energy consumption per person,,Full-time equivalent student enrollment,,22137.0,cork,,,,False,False,True
University College Cork,OP-5,Energy Use,Operations,Environmental,5.2 Energy consumption per person,,Full-time equivalent students and employees,,25780.0,cork,,,,False,False,True
University College Cork,OP-5,Energy Use,Operations,Environmental,5.1 Energy consumption per square meter,,Gross floor area of building space,Square meters,282364.0,cork,,,,False,False,True
University College Cork,OP-5,Energy Use,Operations,Environmental,5.3 Percentage of energy from renewable sources,Heating and cooling from off-site renewable sources,Heating and cooling from certified off-site renewable sources,Megawatt-hours,0.0,cork,,,,False,False,True
University College Cork,OP-5,Energy Use,Operations,Environmental,5.3 Percentage of energy from renewable sources,Demand reduction,Heating and cooling from off-site renewable sources,Megawatt-hours,0.0,cork,,,,False,False,True
University College Cork,OP-5,Energy Use,Operations,Environmental,5.3 Percentage of energy from renewable sources,Heating and cooling from off-site renewable sources,Heating and cooling from uncertified off-site renewable sources,Megawatt-hours,0.0,cork,,,,False,False,True
University College Cork,OP-5,Energy Use,Operations,Environmental,5.1 Energy consumption per square meter,Stationary fuels,Heating oil,Megawatt-hours,0.0,cork,GRI 302,302-1,component,True,False,True
University College Cork,OP-5,Energy Use,Operations,Environmental,5.1 Energy consumption per square meter,Heating and cooling from off-site sources,Hot water from off-site sources,Megawatt-hours,0.0,cork,,,,False,False,True
University College Cork,OP-5,Energy Use,Operations,Environmental,5.1 Energy consumption per square meter,Stationary fuels,Natural gas,Megawatt-hours,22549.0,cork,GRI 302,302-1,component,True,False,True
University College Cork,OP-5,Energy Use,Operations,Environmental,5.4 Percentage of electricity from on-site or certified renewable sources,,On-site and/or third party certified renewable power,Megawatt-hours,0.7,cork,,,,False,False,True
University College Cork,OP-5,Energy Use,Operations,Environmental,5.1 Energy consumption per square meter,Electricity,On-site renewable electricity exported,Megawatt-hours,0.0,cork,GRI 302,302-1,component,True,False,True
University College Cork,OP-5,Energy Use,Operations,Environmental,5.1 Energy consumption per square meter,Stationary fuels,Other stationary fuels,Megawatt-hours,0.0,cork,,,,False,False,True
University College Cork,OP-5,Energy Use,Operations,Environmental,5.4 Percentage of electricity from on-site or certified renewable sources,,Percentage of electricity from on-site and/or third party certified renewable sources,,0.0,cork,,,,False,False,True
University College Cork,OP-5,Energy Use,Operations,Environmental,5.3 Percentage of energy from renewable sources,Demand reduction,Percentage of energy from renewable sources,,0.0,cork,,,,False,False,True
University College Cork,OP-5,Energy Use,Operations,Environmental,5.1 Energy consumption per square meter,Stationary fuels,Propane/LPG,Megawatt-hours,0.0,cork,GRI 302,302-1,component,True,False,True
University College Cork,OP-5,Energy Use,Operations,Environmental,5.3 Percentage of energy from renewable sources,Demand reduction,Renewable stationary fuels,Megawatt-hours,0.0,cork,GRI 302,302-1,component,True,False,True
University College Cork,OP-5,Energy Use,Operations,Environmental,5.1 Energy consumption per square meter,Heating and cooling from off-site sources,Steam from off-site sources,Megawatt-hours,0.0,cork,,,,False,False,True
University College Cork,OP-5,Energy Use,Operations,Environmental,5.1 Energy consumption per square meter,Heating and cooling from off-site sources,Total annual energy consumption,Megawatt-hours,55148.7,cork,GRI 302,302-1,equivalent,True,False,True
University College Cork,OP-5,Energy Use,Operations,Environmental,5.1 Energy consumption per square meter,Heating and cooling from off-site sources,Total electricity consumption,Megawatt-hours,32599.7,cork,GRI 302,302-1,component,True,False,True
University College Cork,OP-5,Energy Use,Operations,Environmental,5.1 Energy consumption per square meter,Heating and cooling from off-site sources,Total heating and cooling from off-site sources,Megawatt-hours,0.0,cork,GRI 302,302-1,component,True,False,True
University College Cork,OP-5,Energy Use,Operations,Environmental,5.1 Energy consumption per square meter,Heating and cooling from off-site sources,Total stationary fuel consumption,Megawatt-hours,22549.0,cork,GRI 302,302-1,component,True,False,True
University College Cork,OP-5,Energy Use,Operations,Environmental,5.3 Percentage of energy from renewable sources,Renewable stationary fuels,Uncertified biomethane from organic waste or landfill gas,Megawatt-hours,0.0,cork,,,,False,False,True
University College Cork,OP-6,Greenhouse Gas Emissions,Operations,Environmental,6.4 Adjusted net greenhouse gas emissions,Baseline emissions,Adjusted net scope 1 and 2 GHG emissions,Metric tons of CO2 equivalent,14359.78,cork,,,,False,False,True
University College Cork,OP-6,Greenhouse Gas Emissions,Operations,Environmental,6.1 Greenhouse gas emissions inventory and disclosure,Scope 2 GHG emissions,Annual scope 1 GHG emissions,Metric tons of CO2 equivalent,6215.78,cork,GRI 305,305-1,equivalent,True,False,False
University College Cork,OP-6,Greenhouse Gas Emissions,Operations,Environmental,6.1 Greenhouse gas emissions inventory and disclosure,Scope 2 GHG emissions,Annual scope 1 and 2 GHG emissions,Metric tons of CO2 equivalent,14359.78,cork,,,,False,False,True
University College Cork,OP-6,Greenhouse Gas Emissions,Operations,Environmental,6.3 Greenhouse gas emissions per person,,Annual scope 1 and 2 GHG emissions per person,Kilograms of CO2 equivalent,557.01,cork,GRI 305,305-4,intensity,True,True,True
University College Cork,OP-6,Greenhouse Gas Emissions,Operations,Environmental,6.2 Greenhouse gas emissions per square meter,,Annual scope 1 and 2 GHG emissions per unit of floor area,Kilograms per square meter,50.86,cork,GRI 305,305-4,intensity,True,True,True
University College Cork,OP-6,Greenhouse Gas Emissions,Operations,Environmental,6.1 Greenhouse gas emissions inventory and disclosure,Scope 2 GHG emissions,Annual scope 2 GHG emissions,Metric tons of CO2 equivalent,8144.0,cork,GRI 305,305-2,equivalent,True,False,False
University College Cork,OP-6,Greenhouse Gas Emissions,Operations,Environmental,6.4 Adjusted net greenhouse gas emissions,Baseline emissions,Baseline scope 1 and 2 GHG emissions,Metric tons of CO2 equivalent,19460.0,cork,GRI 305,305-5,component,True,False,True
University College Cork,OP-6,Greenhouse Gas Emissions,Operations,Environmental,6.4 Adjusted net greenhouse gas emissions,Carbon sinks,Carbon storage from non-additional sequestration on institution-owned land,Metric tons of CO2 equivalent,0.0,cork,,,,False,False,True
University College Cork,OP-6,Greenhouse Gas Emissions,Operations,Environmental,6.4 Adjusted net greenhouse gas emissions,Carbon sinks,Carbon storage from on-site composting,Metric tons of CO2 equivalent,0.0,cork,,,,False,False,True
University College Cork,OP-6,Greenhouse Gas Emissions,Operations,Environmental,6.3 Greenhouse gas emissions per person,,Full-time equivalent of employees,,3643.0,cork,,,,False,False,True
University College Cork,OP-6,Greenhouse Gas Emissions,Operations,Environmental,6.3 Greenhouse gas emissions per person,,Full-time equivalent student enrollment,,22137.0,cork,,,,False,False,True
University College Cork,OP-6,Greenhouse Gas Emissions,Operations,Environmental,6.3 Greenhouse gas emissions per person,,Full-time equivalent students and employees,,25780.0,cork,,,,False,False,True
University College Cork,OP-6,Greenhouse Gas Emissions,Operations,Environmental,6.1 Greenhouse gas emissions inventory and disclosure,Biogenic emissions,GHG emissions from biogenic sources,Metric tons of CO2 equivalent,0.0,cork,GRI 305,305-1,partial,True,False,False
University College Cork,OP-6,Greenhouse Gas Emissions,Operations,Environmental,6.2 Greenhouse gas emissions per square meter,,Gross floor area of building space,Square meters,282364.0,cork,,,,False,False,True
University College Cork,OP-6,Greenhouse Gas Emissions,Operations,Environmental,6.4 Adjusted net greenhouse gas emissions,Baseline emissions,Net carbon sinks,Metric tons of CO2 equivalent,0.0,cork,,,,False,False,True
University College Cork,OP-6,Greenhouse Gas Emissions,Operations,Environmental,6.4 Adjusted net greenhouse gas emissions,Baseline emissions,Percentage reduction in scope 1 and 2 GHG emissions from baseline,,26.21,cork,GRI 305,305-5,partial,True,False,True
University College Cork,OP-6,Greenhouse Gas Emissions,Operations,Environmental,6.1 Greenhouse gas emissions inventory and disclosure,Scope 1 GHG emissions,Scope 1 GHG emissions from mobile combustion,Metric tons of CO2 equivalent,62.78,cork,GRI 305,305-1,component,True,False,True
University College Cork,OP-6,Greenhouse Gas Emissions,Operations,Environmental,6.1 Greenhouse gas emissions inventory and disclosure,Scope 1 GHG emissions,Scope 1 GHG emissions from stationary combustion,Metric tons of CO2 equivalent,5517.0,cork,GRI 305,305-1,component,True,False,True
University College Cork,OP-6,Greenhouse Gas Emissions,Operations,Environmental,6.1 Greenhouse gas emissions inventory and disclosure,Scope 1 GHG emissions,Scope 1 GHG fugitive emissions,Metric tons of CO2 equivalent,636.0,cork,GRI 305,305-1,component,True,False,True
University College Cork,OP-6,Greenhouse Gas Emissions,Operations,Environmental,6.1 Greenhouse gas emissions inventory and disclosure,Scope 2 GHG emissions,Scope 2 GHG emissions from off-site sources of electricity (location-based),Metric tons of CO2 equivalent,8144.0,cork,GRI 305,305-2,component,True,False,False
University College Cork,OP-6,Greenhouse Gas Emissions,Operations,Environmental,6.1 Greenhouse gas emissions inventory and disclosure,Scope 2 GHG emissions,Scope 2 GHG emissions from off-site sources of electricity (market-based),Metric tons of CO2 equivalent,8144.0,cork,GRI 305,305-2,component,True,False,True
University College Cork,OP-6,Greenhouse Gas Emissions,Operations,Environmental,6.1 Greenhouse gas emissions inventory and disclosure,Scope 2 GHG emissions,Scope 2 GHG emissions from off-site sources of heating and cooling,Metric tons of CO2 equivalent,0.0,cork,GRI 305,305-2,component,True,False,True
University College Cork,OP-6,Greenhouse Gas Emissions,Operations,Environmental,6.1 Greenhouse gas emissions inventory and disclosure,Scope 3 GHG emissions,Scope 3 GHG emissions from business travel,Metric tons of CO2 equivalent,3565.0,cork,GRI 305,305-3,component,True,False,True
University College Cork,OP-6,Greenhouse Gas Emissions,Operations,Environmental,6.1 Greenhouse gas emissions inventory and disclosure,Scope 3 GHG emissions,Scope 3 GHG emissions from capital goods,Metric tons of CO2 equivalent,0.0,cork,GRI 305,305-3,component,True,False,False
University College Cork,OP-6,Greenhouse Gas Emissions,Operations,Environmental,6.1 Greenhouse gas emissions inventory and disclosure,Scope 3 GHG emissions,Scope 3 GHG emissions from commuting,Metric tons of CO2 equivalent,20991.0,cork,GRI 305,305-3,component,True,False,True
University College Cork,OP-6,Greenhouse Gas Emissions,Operations,Environmental,6.1 Greenhouse gas emissions inventory and disclosure,Scope 3 GHG emissions,Scope 3 GHG emissions from fuel- and energy-related activities not included in scope 1 or scope 2,Metric tons of CO2 equivalent,3318.0,cork,GRI 305,305-3,component,True,False,True
University College Cork,OP-6,Greenhouse Gas Emissions,Operations,Environmental,6.1 Greenhouse gas emissions inventory and disclosure,Scope 3 GHG emissions,Scope 3 GHG emissions from purchased goods and services,Metric tons of CO2 equivalent,1572.0,cork,GRI 305,305-3,component,True,False,False
University College Cork,OP-6,Greenhouse Gas Emissions,Operations,Environmental,6.4 Adjusted net greenhouse gas emissions,Carbon sinks,Third party certified carbon offsets,Metric tons of CO2 equivalent,0.0,cork,,,,False,False,True
University College Cork,OP-7,Dining Service Procurement,Operations,Environmental,7.2 Percentage of dining service spend with social impact suppliers,,Percentage of dining service spend with social impact suppliers,,7.0,cork,,,,False,False,False
University College Cork,OP-7,Dining Service Procurement,Operations,Environmental,7.1 Percentage of food and beverage spend that meets sustainability criteria,,Percentage of food and beverage spend on plant-based foods,,68.0,cork,,,,False,False,True
University College Cork,OP-7,Dining Service Procurement,Operations,Environmental,7.1 Percentage of food and beverage spend that meets sustainability criteria,,Percentage of food and beverage spend on products that are sustainably or ethically produced,,12.0,cork,,,,False,False,True
University College Cork,OP-9,Sustainable Procurement System,Operations,Environmental,9.4 Percentage of contract spend with social impact suppliers,,Annual contract spend with social impact suppliers,,979262.0,cork,,,,False,False,False
University College Cork,OP-9,Sustainable Procurement System,Operations,Environmental,9.2 Percentage of bid solicitations that identify sustainability considerations,,Percentage of bid solicitations that identify product sustainability specifications,,54.0,cork,,,,False,False,True
University College Cork,OP-9,Sustainable Procurement System,Operations,Environmental,9.2 Percentage of bid solicitations that identify sustainability considerations,,Percentage of bid solicitations that identify supplier sustainability considerations,,21.0,cork,GRI 308,308-1,partial,True,False,True
University College Cork,OP-9,Sustainable Procurement System,Operations,Environmental,9.4 Percentage of contract spend with social impact suppliers,,Percentage of contract spend with social impact suppliers,,0.91,cork,,,,False,False,False
University College Cork,OP-9,Sustainable Procurement System,Operations,Environmental,9.4 Percentage of contract spend with social impact suppliers,,Total annual contract spend,,107600000.0,cork,,,,False,False,False
University College Cork,PA-1,Sustainability Coordination,Planning & Administration,Governance,"1.1 Coordinating committee, officer, or office for sustainability",,Full-time equivalent of people employed in the sustainability offices,,4.0,cork,,,,False,False,True
University College Cork,PA-10,Student Success,Planning & Administration,Social,10.1 Completion rate for low-income students,,Completion rate for low-income students,,92.0,cork,,,,False,False,True
University College Cork,PA-10,Student Success,Planning & Administration,Social,10.2 Completion rate for students with marginalized gender identities,,Completion rate for students that identify as women or other marginalized gender identities,,93.0,cork,,,,False,False,True
University College Cork,PA-10,Student Success,Planning & Administration,Social,"10.3 Percentage of marginalized racial, ethnic, and/or Indigenous groups with equitable completion rates",,"Number of marginalized racial, ethnic, and/or Indigenous groups with equitable completion rates",,6.0,cork,,,,False,False,True
University College Cork,PA-10,Student Success,Planning & Administration,Social,10.1 Completion rate for low-income students,,Overall student completion rate,,95.0,cork,,,,False,False,True
University College Cork,PA-10,Student Success,Planning & Administration,Social,"10.3 Percentage of marginalized racial, ethnic, and/or Indigenous groups with equitable completion rates",,"Percentage of marginalized, racial, ethnic, and Indigenous groups with equitable completion rates",,50.0,cork,,,,False,False,True
University College Cork,PA-10,Student Success,Planning & Administration,Social,10.1 Completion rate for low-income students,,Ratio of the completion rate for low-income students to the overall completion rate,,0.97,cork,,,,False,False,True
University College Cork,PA-10,Student Success,Planning & Administration,Social,10.2 Completion rate for students with marginalized gender identities,,Ratio of the completion rate for students that identify as women or other marginalized gender identities to the overall completion rate,,0.98,cork,,,,False,False,True
University College Cork,PA-10,Student Success,Planning & Administration,Social,"10.3 Percentage of marginalized racial, ethnic, and/or Indigenous groups with equitable completion rates",,"Total number of marginalized racial, ethnic, and/or Indigenous groups served by the institution",,12.0,cork,,,,False,False,True
University College Cork,PA-12,Employee Rights,Planning & Administration,Social,12.1 Number of weeks of paid maternity leave,,Number of weeks of paid maternity leave,,26.0,cork,GRI 401,401-3,partial,True,False,True
University College Cork,PA-12,Employee Rights,Planning & Administration,Social,12.2 Percentage of employees eligible for paid all-gender family/medical leave,,Percentage of employees eligible for paid all-gender family/medical leave,,100.0,cork,GRI 401,401-2,partial,True,False,True
University College Cork,PA-13,Pay Equity and Living Wage,Planning & Administration,Social,13.2 Percentage of employees that receive a living wage,,Living wage,,15.4,cork,GRI 202,202-1,partial,True,False,True
University College Cork,PA-13,Pay Equity and Living Wage,Planning & Administration,Social,13.2 Percentage of employees that receive a living wage,,Percentage of employees that receive remuneration equivalent to at least a living wage,,100.0,cork,GRI 202,202-1,partial,True,False,True
University College Cork,PA-13,Pay Equity and Living Wage,Planning & Administration,Social,13.2 Percentage of employees that receive a living wage,,Wage floor for regular/permanent employees,,16.4,cork,GRI 202,202-1,partial,True,False,True
University College Cork,PA-13,Pay Equity and Living Wage,Planning & Administration,Social,13.2 Percentage of employees that receive a living wage,,Wage floor for short-term/casual academic staff,,20.83,cork,,,,False,False,True
University College Cork,PA-13,Pay Equity and Living Wage,Planning & Administration,Social,13.2 Percentage of employees that receive a living wage,,Wage floor for short-term/casual non-academic staff,,18.93,cork,,,,False,False,True
University College Cork,PA-5,Investment Holdings,Planning & Administration,Governance,5.2 Percentage of the investment pool allocated to positive sustainability investments,,Amount allocated to businesses selected for exemplary sustainability performance using positive screens,,6121550.0,cork,,,,False,False,False
University College Cork,PA-5,Investment Holdings,Planning & Administration,Governance,5.2 Percentage of the investment pool allocated to positive sustainability investments,,Amount allocated to community development financial institutions (CDFIs),,0.0,cork,,,,False,False,False
University College Cork,PA-5,Investment Holdings,Planning & Administration,Governance,5.2 Percentage of the investment pool allocated to positive sustainability investments,,"Amount allocated to funds that are explicitly focused on sustainability or environmental, social, and governance (ESG)",,21011605.0,cork,,,,False,False,False
University College Cork,PA-5,Investment Holdings,Planning & Administration,Governance,5.2 Percentage of the investment pool allocated to positive sustainability investments,,Amount allocated to green revolving funds seeded from the investment pool,,0.0,cork,,,,False,False,False
University College Cork,PA-5,Investment Holdings,Planning & Administration,Governance,5.2 Percentage of the investment pool allocated to positive sustainability investments,,Amount allocated to place-based investments that target positive social and environmental impacts in economically divested areas,,140458.0,cork,,,,False,False,False
University College Cork,PA-5,Investment Holdings,Planning & Administration,Governance,5.2 Percentage of the investment pool allocated to positive sustainability investments,,Amount allocated to sustainability-focused industries or sectors,,0.0,cork,,,,False,False,False
University College Cork,PA-5,Investment Holdings,Planning & Administration,Governance,5.2 Percentage of the investment pool allocated to positive sustainability investments,,Percentage of the investment pool allocated to positive sustainability investments,,96.67,cork,,,,False,False,False
University College Cork,PA-5,Investment Holdings,Planning & Administration,Governance,5.2 Percentage of the investment pool allocated to positive sustainability investments,,Total positive sustainability investments,,27273613.0,cork,,,,False,False,False
University College Cork,PA-5,Investment Holdings,Planning & Administration,Governance,5.2 Percentage of the investment pool allocated to positive sustainability investments,,Value of the investment pool,,28211937.0,cork,,,,False,False,False
University College Cork,PA-7,Racial and Ethnic Representation,Planning & Administration,Social,7.1 Ethnic diversity index,,Ethnic diversity index for academic staff,,0.44,cork,GRI 405,405-1,partial,True,False,False
University College Cork,PA-7,Racial and Ethnic Representation,Planning & Administration,Social,7.1 Ethnic diversity index,,Ethnic diversity index for executive staff,,0.0,cork,GRI 405,405-1,partial,True,False,False
University College Cork,PA-7,Racial and Ethnic Representation,Planning & Administration,Social,7.1 Ethnic diversity index,,Ethnic diversity index for non-academic staff,,0.34,cork,GRI 405,405-1,partial,True,False,False
University College Cork,PA-7,Racial and Ethnic Representation,Planning & Administration,Social,7.1 Ethnic diversity index,,Ethnic diversity index for students,,0.45,cork,,,,False,False,True
University College Cork,PA-7,Racial and Ethnic Representation,Planning & Administration,Social,"7.3 Percentage of marginalized racial, ethnic, and/or Indigenous groups equitably represented among employees",,"Number of marginalized racial, ethnic, and/or Indigenous groups that are equitably represented among executive staff",,0.0,cork,,,,False,False,True
University College Cork,PA-7,Racial and Ethnic Representation,Planning & Administration,Social,"7.3 Percentage of marginalized racial, ethnic, and/or Indigenous groups equitably represented among employees",,"Number of marginalized racial, ethnic, and/or Indigenous groups that are equitably represented among regular/permanent academic staff",,3.0,cork,,,,False,False,True
University College Cork,PA-7,Racial and Ethnic Representation,Planning & Administration,Social,"7.3 Percentage of marginalized racial, ethnic, and/or Indigenous groups equitably represented among employees",,"Number of marginalized racial, ethnic, and/or Indigenous groups that are equitably represented among regular/permanent non-academic staff",,2.0,cork,,,,False,False,True
University College Cork,PA-7,Racial and Ethnic Representation,Planning & Administration,Social,"7.2 Percentage of marginalized racial, ethnic, and/or Indigenous groups equitably represented among students",,"Number of marginalized racial, ethnic, and/or Indigenous groups that are equitably represented among students",,7.0,cork,,,,False,False,True
University College Cork,PA-7,Racial and Ethnic Representation,Planning & Administration,Social,"7.3 Percentage of marginalized racial, ethnic, and/or Indigenous groups equitably represented among employees",,"Percentage of marginalized, racial, ethnic, and Indigenous groups that are equitably represented among executive staff",,0.0,cork,,,,False,False,True
University College Cork,PA-7,Racial and Ethnic Representation,Planning & Administration,Social,"7.3 Percentage of marginalized racial, ethnic, and/or Indigenous groups equitably represented among employees",,"Percentage of marginalized, racial, ethnic, and Indigenous groups that are equitably represented among regular/permanent academic staff",,27.27,cork,,,,False,False,True
University College Cork,PA-7,Racial and Ethnic Representation,Planning & Administration,Social,"7.3 Percentage of marginalized racial, ethnic, and/or Indigenous groups equitably represented among employees",,"Percentage of marginalized, racial, ethnic, and Indigenous groups that are equitably represented among regular/permanent non-academic staff",,18.18,cork,,,,False,False,True
University College Cork,PA-7,Racial and Ethnic Representation,Planning & Administration,Social,"7.2 Percentage of marginalized racial, ethnic, and/or Indigenous groups equitably represented among students",,"Percentage of marginalized, racial, ethnic, and Indigenous groups that are equitably represented among students",,63.64,cork,,,,False,False,True
University College Cork,PA-7,Racial and Ethnic Representation,Planning & Administration,Social,"7.2 Percentage of marginalized racial, ethnic, and/or Indigenous groups equitably represented among students",,"Total number of marginalized racial, ethnic, and/or Indigenous groups in the region served by the institution",,11.0,cork,,,,False,False,True
University College Cork,PA-8,Gender Parity,Planning & Administration,Social,8.2 Percentage of employees with marginalized gender identities,,Percentage of executive staff that identify as women or other marginalized gender identities,,47.0,cork,GRI 405,405-1,component,True,False,True
University College Cork,PA-8,Gender Parity,Planning & Administration,Social,8.2 Percentage of employees with marginalized gender identities,,Percentage of regular/permanent academic staff that identify as women or other marginalized gender identities,,49.0,cork,GRI 405,405-1,component,True,False,True
University College Cork,PA-8,Gender Parity,Planning & Administration,Social,8.2 Percentage of employees with marginalized gender identities,,Percentage of regular/permanent non-academic staff that identify as women or other marginalized gender identities,,63.0,cork,GRI 405,405-1,component,True,False,True
University College Cork,PA-8,Gender Parity,Planning & Administration,Social,8.1. Percentage of students with marginalized gender identities,,Percentage of students that identify as women or other marginalized gender identities,,61.0,cork,,,,False,False,True
University College Cork,PA-9,Affordability and Access,Planning & Administration,Social,9.1 Number of paid work-hours per year required to meet the average net price of attendance for low-income students,,Average annual net price of attendance for low-income students,,5850.0,cork,,,,False,False,True
University College Cork,PA-9,Affordability and Access,Planning & Administration,Social,9.1 Number of paid work-hours per year required to meet the average net price of attendance for low-income students,,Local hourly minimum wage for students,,14.25,cork,,,,False,False,True
University College Cork,PA-9,Affordability and Access,Planning & Administration,Social,9.1 Number of paid work-hours per year required to meet the average net price of attendance for low-income students,,Number of paid work-hours per year required to meet the average net price of attendance for low-income students,,410.53,cork,,,,False,False,True
University College Cork,PA-9,Affordability and Access,Planning & Administration,Social,9.2 Percentage of students that are low-income,,Percentage of students that are low-income,,5.9,cork,,,,False,False,True
University College Cork,PRE-3,Institutional Characteristics,Report Preface,Preface,,,Full-time equivalent of employees,,3643.0,cork,GRI 2,2-7,partial,True,False,True
University College Cork,PRE-3,Institutional Characteristics,Report Preface,Preface,,,Full-time equivalent student enrollment,,22137.0,cork,,,,False,False,True
University College Cork,PRE-3,Institutional Characteristics,Report Preface,Preface,,,Gross floor area of building space,Square meters,282364.0,cork,,,,False,False,True
University College Cork,PRE-3,Institutional Characteristics,Report Preface,Preface,,,Percentage of students enrolled exclusively in distance education,,0.01,cork,,,,False,False,True
University College Cork,PRE-3,Institutional Characteristics,Report Preface,Preface,,,Percentage of students that live in campus housing,,0.07,cork,,,,False,False,True
"University of California, Berkeley",AC-1,Sustainability Course Offerings,Academics,Context,1.1 Percentage of academic departments with sustainability course offerings,,Number of academic departments with at least one sustainability course offering,,113.0,berkeley,,,,False,False,True
"University of California, Berkeley",AC-1,Sustainability Course Offerings,Academics,Context,1.1 Percentage of academic departments with sustainability course offerings,,Percentage of departments with sustainability course offerings,,87.6,berkeley,,,,False,False,True
"University of California, Berkeley",AC-1,Sustainability Course Offerings,Academics,Context,1.1 Percentage of academic departments with sustainability course offerings,,Total number of academic departments that offer courses that may be taken for credit,,129.0,berkeley,,,,False,False,True
"University of California, Berkeley",AC-2,Undergraduate Programs,Academics,Context,2.3 Percentage of undergraduate qualifications awarded that have sustainability-focused learning requirements,,Number of undergraduate qualifications awarded that are focused on subjects other than sustainability but have sustainability-focused learning requirements,,0.0,berkeley,,,,False,False,True
"University of California, Berkeley",AC-2,Undergraduate Programs,Academics,Context,2.3 Percentage of undergraduate qualifications awarded that have sustainability-focused learning requirements,,Number of undergraduate qualifications awarded that are sustainability-focused,,15885.0,berkeley,,,,False,False,True
"University of California, Berkeley",AC-2,Undergraduate Programs,Academics,Context,2.3 Percentage of undergraduate qualifications awarded that have sustainability-focused learning requirements,,Percentage of undergraduate qualifications awarded that have sustainability-focused learning requirements,,60.33,berkeley,,,,False,False,True
"University of California, Berkeley",AC-2,Undergraduate Programs,Academics,Context,2.3 Percentage of undergraduate qualifications awarded that have sustainability-focused learning requirements,,Total number of undergraduate qualifications awarded,,26330.0,berkeley,,,,False,False,True
"University of California, Berkeley",AC-2,Undergraduate Programs,Academics,Context,2.3 Percentage of undergraduate qualifications awarded that have sustainability-focused learning requirements,,Total number of undergraduate qualifications awarded that have sustainability-focused learning requirements,,15885.0,berkeley,,,,False,False,True
"University of California, Berkeley",AC-3,Graduate Programs,Academics,Context,3.2 Percentage of graduate qualifications awarded that have sustainability-focused learning requirements,,Number of graduate qualifications awarded that are focused on subjects other than sustainability but have sustainability-focused learning requirements,,0.0,berkeley,,,,False,False,True
"University of California, Berkeley",AC-3,Graduate Programs,Academics,Context,3.2 Percentage of graduate qualifications awarded that have sustainability-focused learning requirements,,Number of graduate qualifications awarded that are sustainability-focused,,7158.0,berkeley,,,,False,False,True
"University of California, Berkeley",AC-3,Graduate Programs,Academics,Context,3.2 Percentage of graduate qualifications awarded that have sustainability-focused learning requirements,,Percentage of graduate qualifications awarded that have sustainability-focused learning requirements,,50.46,berkeley,,,,False,False,True
"University of California, Berkeley",AC-3,Graduate Programs,Academics,Context,3.2 Percentage of graduate qualifications awarded that have sustainability-focused learning requirements,,Total number of graduate qualifications awarded,,14185.0,berkeley,,,,False,False,True
"University of California, Berkeley",AC-3,Graduate Programs,Academics,Context,3.2 Percentage of graduate qualifications awarded that have sustainability-focused learning requirements,,Total number of graduate qualifications awarded that have sustainability-focused learning requirements,,7158.0,berkeley,,,,False,False,True
"University of California, Berkeley",AC-6,Sustainability Research,Academics,Context,6.1 Percentage of academic departments engaged in sustainability research,,Number of academic departments engaged in sustainability research,,68.0,berkeley,,,,False,False,True
"University of California, Berkeley",AC-6,Sustainability Research,Academics,Context,6.1 Percentage of academic departments engaged in sustainability research,,Percentage of academic departments engaged in sustainability research,,60.18,berkeley,,,,False,False,True
"University of California, Berkeley",AC-6,Sustainability Research,Academics,Context,6.1 Percentage of academic departments engaged in sustainability research,,Total number of academic departments engaged in research,,113.0,berkeley,,,,False,False,True
"University of California, Berkeley",EN-4,Sustainability Culture Assessment,Engagement,Context,4.3 Percentage of employees assessed for sustainability culture,,"Percentage of employees assessed for sustainability culture, either directly or by representative sample",,0.0,berkeley,,,,False,False,False
"University of California, Berkeley",OP-1,Building Design and Construction,Operations,Environmental,1.1 Percentage of new floor area designed and constructed to green building standards,,"Floor area of new building space built to green building standards, but not third party certified",Square meters,3887.99,berkeley,,,,False,False,True
"University of California, Berkeley",OP-1,Building Design and Construction,Operations,Environmental,1.1 Percentage of new floor area designed and constructed to green building standards,,Floor area of new building space third party certified to a comprehensive green building standard,Square meters,82001.6,berkeley,,,,False,False,True
"University of California, Berkeley",OP-1,Building Design and Construction,Operations,Environmental,1.1 Percentage of new floor area designed and constructed to green building standards,,Floor area of new building space third party certified to a less comprehensive green building standard,Square meters,0.0,berkeley,,,,False,False,True
"University of California, Berkeley",OP-1,Building Design and Construction,Operations,Environmental,1.1 Percentage of new floor area designed and constructed to green building standards,,Total floor area of newly constructed or renovated building space,Square meters,85889.6,berkeley,,,,False,False,True
"University of California, Berkeley",OP-10,Purchased Goods,Operations,Environmental,10.1 Percentage of cleaning products spend that meets sustainability criteria,,Annual spend on cleaning products that meet other qualifying sustainability criteria,,0.0,berkeley,,,,False,False,True
"University of California, Berkeley",OP-10,Purchased Goods,Operations,Environmental,10.1 Percentage of cleaning products spend that meets sustainability criteria,,Annual spend on cleaning products that meet preferable sustainability criteria,,427215.0,berkeley,,,,False,False,True
"University of California, Berkeley",OP-10,Purchased Goods,Operations,Environmental,10.2 Percentage of electronics spend that meets sustainability criteria,,Annual spend on electronics spend that meet other qualifying sustainability criteria,,159707.0,berkeley,,,,False,False,True
"University of California, Berkeley",OP-10,Purchased Goods,Operations,Environmental,10.2 Percentage of electronics spend that meets sustainability criteria,,Annual spend on electronics that meet preferable sustainability criteria,,3730278.0,berkeley,,,,False,False,False
"University of California, Berkeley",OP-10,Purchased Goods,Operations,Environmental,10.3 Percentage of furniture spend that meets sustainability criteria,,Annual spend on furniture that meets other qualifying sustainability criteria,,0.0,berkeley,,,,False,False,False
"University of California, Berkeley",OP-10,Purchased Goods,Operations,Environmental,10.3 Percentage of furniture spend that meets sustainability criteria,,Annual spend on furniture that meets preferable sustainability criteria,,2107667.0,berkeley,,,,False,False,False
"University of California, Berkeley",OP-10,Purchased Goods,Operations,Environmental,10.4 Percentage of office paper spend that meets sustainability criteria,,Annual spend on office paper that meets other qualifying sustainability criteria,,19430.0,berkeley,,,,False,False,False
"University of California, Berkeley",OP-10,Purchased Goods,Operations,Environmental,10.4 Percentage of office paper spend that meets sustainability criteria,,Annual spend on office paper that meets preferable sustainability criteria,,70872.0,berkeley,,,,False,False,False
"University of California, Berkeley",OP-10,Purchased Goods,Operations,Environmental,10.1 Percentage of cleaning products spend that meets sustainability criteria,,Percentage of cleaning product spend that meets other qualifying sustainability criteria,,0.0,berkeley,,,,False,False,True
"University of California, Berkeley",OP-10,Purchased Goods,Operations,Environmental,10.1 Percentage of cleaning products spend that meets sustainability criteria,,Percentage of cleaning product spend that meets preferable sustainability criteria,,59.23,berkeley,,,,False,False,True
"University of California, Berkeley",OP-10,Purchased Goods,Operations,Environmental,10.2 Percentage of electronics spend that meets sustainability criteria,,Percentage of electronics spend that meets other qualifying sustainability criteria,,2.29,berkeley,,,,False,False,True
"University of California, Berkeley",OP-10,Purchased Goods,Operations,Environmental,10.2 Percentage of electronics spend that meets sustainability criteria,,Percentage of electronics spend that meets preferable sustainability criteria,,53.39,berkeley,,,,False,False,True
"University of California, Berkeley",OP-10,Purchased Goods,Operations,Environmental,10.3 Percentage of furniture spend that meets sustainability criteria,,Percentage of furniture spend that meets other qualifying sustainability criteria,,0.0,berkeley,,,,False,False,False
"University of California, Berkeley",OP-10,Purchased Goods,Operations,Environmental,10.3 Percentage of furniture spend that meets sustainability criteria,,Percentage of furniture spend that meets preferable sustainability criteria,,91.78,berkeley,,,,False,False,False
"University of California, Berkeley",OP-10,Purchased Goods,Operations,Environmental,10.4 Percentage of office paper spend that meets sustainability criteria,,Percentage of office paper spend that meets other qualifying sustainability criteria,,17.9,berkeley,,,,False,False,False
"University of California, Berkeley",OP-10,Purchased Goods,Operations,Environmental,10.4 Percentage of office paper spend that meets sustainability criteria,,Percentage of office paper spend that meets preferable sustainability criteria,,65.29,berkeley,,,,False,False,False
"University of California, Berkeley",OP-10,Purchased Goods,Operations,Environmental,10.1 Percentage of cleaning products spend that meets sustainability criteria,,Total annual spend on cleaning products,,721223.0,berkeley,,,,False,False,True
"University of California, Berkeley",OP-10,Purchased Goods,Operations,Environmental,10.2 Percentage of electronics spend that meets sustainability criteria,,Total annual spend on electronics,,6986364.0,berkeley,,,,False,False,True
"University of California, Berkeley",OP-10,Purchased Goods,Operations,Environmental,10.3 Percentage of furniture spend that meets sustainability criteria,,Total annual spend on furniture,,2296364.0,berkeley,,,,False,False,False
"University of California, Berkeley",OP-10,Purchased Goods,Operations,Environmental,10.4 Percentage of office paper spend that meets sustainability criteria,,Total annual spend on office paper,,108554.0,berkeley,,,,False,False,False
"University of California, Berkeley",OP-12,Waste Generation and Recovery,Operations,Environmental,12.4 Percentage of construction and demolition waste diverted from disposal,,Annual construction and demolition waste generated,Metric tons,4753.09,berkeley,GRI 306,306-3,component,True,False,True
"University of California, Berkeley",OP-12,Waste Generation and Recovery,Operations,Environmental,12.1 Non-hazardous waste generated per person,,Annual non-hazardous waste generated,Metric tons,7732.13,berkeley,GRI 306,306-3,partial,True,False,True
"University of California, Berkeley",OP-12,Waste Generation and Recovery,Operations,Environmental,12.1 Non-hazardous waste generated per person,,Annual non-hazardous waste generated per person,Kilograms,132.73,berkeley,,,,False,True,True
"University of California, Berkeley",OP-12,Waste Generation and Recovery,Operations,Environmental,12.2 Non-hazardous waste generated per square meter,,Annual non-hazardous waste generated per unit of floor area,Kilograms per square meter,5.14,berkeley,,,,False,True,True
"University of California, Berkeley",OP-12,Waste Generation and Recovery,Operations,Environmental,12.4 Percentage of construction and demolition waste diverted from disposal,,Construction and demolition waste disposed of to a landfill or incinerator,Metric tons,1301.07,berkeley,GRI 306,306-5,component,True,False,True
"University of California, Berkeley",OP-12,Waste Generation and Recovery,Operations,Environmental,12.4 Percentage of construction and demolition waste diverted from disposal,,Construction and demolition waste prepared for reuse,Metric tons,593.79,berkeley,,,,False,False,True
"University of California, Berkeley",OP-12,Waste Generation and Recovery,Operations,Environmental,12.4 Percentage of construction and demolition waste diverted from disposal,,Construction and demolition waste recycled,Metric tons,2858.23,berkeley,GRI 306,306-4,component,True,False,True
"University of California, Berkeley",OP-12,Waste Generation and Recovery,Operations,Environmental,12.1 Non-hazardous waste generated per person,,Full-time equivalent of employees,,13678.0,berkeley,,,,False,False,True
"University of California, Berkeley",OP-12,Waste Generation and Recovery,Operations,Environmental,12.1 Non-hazardous waste generated per person,,Full-time equivalent student enrollment,,44578.0,berkeley,,,,False,False,True
"University of California, Berkeley",OP-12,Waste Generation and Recovery,Operations,Environmental,12.1 Non-hazardous waste generated per person,,Full-time equivalent students and employees,,58256.0,berkeley,,,,False,False,True
"University of California, Berkeley",OP-12,Waste Generation and Recovery,Operations,Environmental,12.2 Non-hazardous waste generated per square meter,,Gross floor area of building space,Square meters,1503129.29,berkeley,,,,False,False,True
"University of California, Berkeley",OP-12,Waste Generation and Recovery,Operations,Environmental,12.1 Non-hazardous waste generated per person,,Non-hazardous waste composted,Metric tons,2554.0,berkeley,GRI 306,306-4,component,True,False,True
"University of California, Berkeley",OP-12,Waste Generation and Recovery,Operations,Environmental,12.1 Non-hazardous waste generated per person,,Non-hazardous waste disposed of to a landfill or incinerator,Metric tons,3478.0,berkeley,GRI 306,306-5,component,True,False,True
"University of California, Berkeley",OP-12,Waste Generation and Recovery,Operations,Environmental,12.1 Non-hazardous waste generated per person,,Non-hazardous waste prepared for reuse,Metric tons,124.13,berkeley,GRI 306,306-4,component,True,False,True
"University of California, Berkeley",OP-12,Waste Generation and Recovery,Operations,Environmental,12.1 Non-hazardous waste generated per person,,Non-hazardous waste recycled,Metric tons,1576.0,berkeley,GRI 306,306-4,component,True,False,True
"University of California, Berkeley",OP-12,Waste Generation and Recovery,Operations,Environmental,12.4 Percentage of construction and demolition waste diverted from disposal,,Percentage of construction and demolition waste diverted from disposal,,72.63,berkeley,,,,False,False,True
"University of California, Berkeley",OP-12,Waste Generation and Recovery,Operations,Environmental,12.3 Percentage of non-hazardous waste diverted from disposal,,Percentage of non-hazardous waste diverted from disposal,,55.02,berkeley,,,,False,False,True
"University of California, Berkeley",OP-12,Waste Generation and Recovery,Operations,Environmental,12.4 Percentage of construction and demolition waste diverted from disposal,,Total construction and demolition waste diverted from disposal,Metric tons,3452.02,berkeley,GRI 306,306-4,component,True,False,True
"University of California, Berkeley",OP-12,Waste Generation and Recovery,Operations,Environmental,12.1 Non-hazardous waste generated per person,,Total non-hazardous waste diverted from disposal,Metric tons,4254.13,berkeley,GRI 306,306-4,component,True,False,True
"University of California, Berkeley",OP-13,Vehicle Fleet,Operations,Environmental,13.1 Percentage of fleet vehicles that are electric vehicles,,"Number of cars, vans, trucks, and buses in the institution’s fleet that are plug-in hybrid electric vehicles (PHEVs)",,8.0,berkeley,,,,False,False,True
"University of California, Berkeley",OP-13,Vehicle Fleet,Operations,Environmental,13.1 Percentage of fleet vehicles that are electric vehicles,,"Number of cars, vans, trucks, and buses in the institution’s fleet that are zero emission vehicles (ZEVs)",,68.0,berkeley,,,,False,False,True
"University of California, Berkeley",OP-13,Vehicle Fleet,Operations,Environmental,13.1 Percentage of fleet vehicles that are electric vehicles,,Percentage of fleet vehicles that are electric vehicles,,14.02,berkeley,,,,False,False,True
"University of California, Berkeley",OP-13,Vehicle Fleet,Operations,Environmental,13.1 Percentage of fleet vehicles that are electric vehicles,,"Total number of cars, vans, trucks, and buses in the institution’s fleet",,542.0,berkeley,,,,False,False,True
"University of California, Berkeley",OP-14,Commute Modal Split,Operations,Environmental,14.1 Percentage of students and employees using more sustainable commuting options,,Full-time equivalent of employees,,13678.0,berkeley,,,,False,False,True
"University of California, Berkeley",OP-14,Commute Modal Split,Operations,Environmental,14.1 Percentage of students and employees using more sustainable commuting options,,Full-time equivalent student enrollment,,44578.0,berkeley,,,,False,False,True
"University of California, Berkeley",OP-14,Commute Modal Split,Operations,Environmental,Optional documentation,Employee commuting data,Percentage of employees that avail of remote work,,24.94,berkeley,,,,False,False,False
"University of California, Berkeley",OP-14,Commute Modal Split,Operations,Environmental,Optional documentation,Employee commuting data,"Percentage of employees that commute by bus, shuttle, or ferry",,6.01,berkeley,,,,False,False,True
"University of California, Berkeley",OP-14,Commute Modal Split,Operations,Environmental,Optional documentation,Employee commuting data,Percentage of employees that commute by carpool or vanpool,,4.19,berkeley,,,,False,False,True
"University of California, Berkeley",OP-14,Commute Modal Split,Operations,Environmental,Optional documentation,Employee commuting data,Percentage of employees that commute by cycling or another micro-mobility option,,9.77,berkeley,,,,False,False,True
"University of California, Berkeley",OP-14,Commute Modal Split,Operations,Environmental,Optional documentation,Employee commuting data,Percentage of employees that commute by light rail or tram,,10.36,berkeley,,,,False,False,False
"University of California, Berkeley",OP-14,Commute Modal Split,Operations,Environmental,Optional documentation,Employee commuting data,Percentage of employees that commute by motorcycle or moped,,0.43,berkeley,,,,False,False,False
"University of California, Berkeley",OP-14,Commute Modal Split,Operations,Environmental,Optional documentation,Employee commuting data,Percentage of employees that commute by rail,,0.0,berkeley,,,,False,False,True
"University of California, Berkeley",OP-14,Commute Modal Split,Operations,Environmental,Optional documentation,Employee commuting data,Percentage of employees that commute by walking or the equivalent,,5.78,berkeley,,,,False,False,True
"University of California, Berkeley",OP-14,Commute Modal Split,Operations,Environmental,Optional documentation,Employee commuting data,Percentage of employees that commute by zero emission vehicle,,0.0,berkeley,,,,False,False,False
"University of California, Berkeley",OP-14,Commute Modal Split,Operations,Environmental,Optional documentation,Employee commuting data,"Percentage of employees that commute using single-occupancy car, van, or truck",,33.54,berkeley,,,,False,False,True
"University of California, Berkeley",OP-14,Commute Modal Split,Operations,Environmental,14.1 Percentage of students and employees using more sustainable commuting options,,Percentage of employees that use more sustainable commuting options,,66.51,berkeley,,,,False,False,True
"University of California, Berkeley",OP-14,Commute Modal Split,Operations,Environmental,Optional documentation,Student commuting data,Percentage of students that avail of remote learning,,2.83,berkeley,,,,False,False,False
"University of California, Berkeley",OP-14,Commute Modal Split,Operations,Environmental,Optional documentation,Student commuting data,"Percentage of students that commute by bus, shuttle, or ferry",,22.48,berkeley,,,,False,False,True
"University of California, Berkeley",OP-14,Commute Modal Split,Operations,Environmental,Optional documentation,Student commuting data,Percentage of students that commute by carpool or vanpool,,3.52,berkeley,,,,False,False,True
"University of California, Berkeley",OP-14,Commute Modal Split,Operations,Environmental,Optional documentation,Student commuting data,Percentage of students that commute by cycling or another micro-mobility option,,11.09,berkeley,,,,False,False,True
"University of California, Berkeley",OP-14,Commute Modal Split,Operations,Environmental,Optional documentation,Student commuting data,Percentage of students that commute by light rail or tram,,8.26,berkeley,,,,False,False,False
"University of California, Berkeley",OP-14,Commute Modal Split,Operations,Environmental,Optional documentation,Student commuting data,Percentage of students that commute by motorcycle or moped,,0.53,berkeley,,,,False,False,False
"University of California, Berkeley",OP-14,Commute Modal Split,Operations,Environmental,Optional documentation,Student commuting data,Percentage of students that commute by rail,,0.0,berkeley,,,,False,False,True
"University of California, Berkeley",OP-14,Commute Modal Split,Operations,Environmental,Optional documentation,Student commuting data,Percentage of students that commute by walking or the equivalent,,32.81,berkeley,,,,False,False,True
"University of California, Berkeley",OP-14,Commute Modal Split,Operations,Environmental,Optional documentation,Student commuting data,Percentage of students that commute by zero emission vehicle,,0.0,berkeley,,,,False,False,False
"University of California, Berkeley",OP-14,Commute Modal Split,Operations,Environmental,Optional documentation,Student commuting data,"Percentage of students that commute using single-occupancy car, van, or truck",,13.98,berkeley,,,,False,False,True
"University of California, Berkeley",OP-14,Commute Modal Split,Operations,Environmental,14.1 Percentage of students and employees using more sustainable commuting options,,Percentage of students that use more sustainable commuting options,,86.02,berkeley,,,,False,False,True
"University of California, Berkeley",OP-2,Building Operations and Maintenance,Operations,Environmental,2.1 Percentage of existing buildings managed for sustainability performance,,Floor area of existing buildings individually assessed for energy performance,Square meters,1503129.29,berkeley,,,,False,False,True
"University of California, Berkeley",OP-2,Building Operations and Maintenance,Operations,Environmental,2.1 Percentage of existing buildings managed for sustainability performance,,Floor area of existing buildings individually assessed for indoor environmental quality (IEQ) performance,Square meters,1503129.29,berkeley,,,,False,False,True
"University of California, Berkeley",OP-2,Building Operations and Maintenance,Operations,Environmental,2.1 Percentage of existing buildings managed for sustainability performance,,Floor area of existing buildings managed or individually assessed for water performance,Square meters,1503129.29,berkeley,,,,False,False,True
"University of California, Berkeley",OP-2,Building Operations and Maintenance,Operations,Environmental,2.1 Percentage of existing buildings managed for sustainability performance,,Floor area of existing buildings managed under a green cleaning program,Square meters,1503129.29,berkeley,,,,False,False,True
"University of California, Berkeley",OP-2,Building Operations and Maintenance,Operations,Environmental,2.1 Percentage of existing buildings managed for sustainability performance,,Floor area of existing buildings third party certified to a green building standard that addresses operations and maintenance,Square meters,0.0,berkeley,,,,False,False,True
"University of California, Berkeley",OP-2,Building Operations and Maintenance,Operations,Environmental,2.1 Percentage of existing buildings managed for sustainability performance,,Gross floor area of existing building space,Square meters,1503129.29,berkeley,,,,False,False,True
"University of California, Berkeley",OP-2,Building Operations and Maintenance,Operations,Environmental,2.1 Percentage of existing buildings managed for sustainability performance,,Percentage of existing buildings assessed for IEQ performance,,100.0,berkeley,,,,False,False,True
"University of California, Berkeley",OP-2,Building Operations and Maintenance,Operations,Environmental,2.1 Percentage of existing buildings managed for sustainability performance,,Percentage of existing buildings assessed for energy performance,,100.0,berkeley,,,,False,False,True
"University of California, Berkeley",OP-2,Building Operations and Maintenance,Operations,Environmental,2.1 Percentage of existing buildings managed for sustainability performance,,Percentage of existing buildings managed or assessed for water performance,,100.0,berkeley,,,,False,False,True
"University of California, Berkeley",OP-2,Building Operations and Maintenance,Operations,Environmental,2.1 Percentage of existing buildings managed for sustainability performance,,Percentage of existing buildings managed under a green cleaning program,,100.0,berkeley,,,,False,False,True
"University of California, Berkeley",OP-2,Building Operations and Maintenance,Operations,Environmental,2.1 Percentage of existing buildings managed for sustainability performance,,Percentage of existing buildings third party certified to a green building standard that addresses operations and maintenance,,0.0,berkeley,,,,False,False,True
"University of California, Berkeley",OP-3,Water Use,Operations,Environmental,3.1 Potable water use per person,,Annual potable water use,Cubic meters,2092006.0,berkeley,,,,False,False,True
"University of California, Berkeley",OP-3,Water Use,Operations,Environmental,3.1 Potable water use per person,,Annual potable water use per person,Liters,35910.57,berkeley,,,,False,True,True
"University of California, Berkeley",OP-3,Water Use,Operations,Environmental,3.2 Potable water use per square meter,,Annual potable water use per unit of floor area,Liters per square meter,1391.77,berkeley,,,,False,True,True
"University of California, Berkeley",OP-3,Water Use,Operations,Environmental,3.4 Ratio of water recovered/returned to total water withdrawal,,Annual volume of water recovered and/or returned,Cubic meters,107386.0,berkeley,,,,False,False,True
"University of California, Berkeley",OP-3,Water Use,Operations,Environmental,3.4 Ratio of water recovered/returned to total water withdrawal,,Estimated volume of rainwater harvested on-site for storage and use,Cubic meters,500.0,berkeley,,,,False,False,False
"University of California, Berkeley",OP-3,Water Use,Operations,Environmental,3.4 Ratio of water recovered/returned to total water withdrawal,,Estimated volume of water collected and returned through on-site green infrastructure,Cubic meters,106886.0,berkeley,,,,False,False,False
"University of California, Berkeley",OP-3,Water Use,Operations,Environmental,3.1 Potable water use per person,,Full-time equivalent of employees,,13678.0,berkeley,,,,False,False,True
"University of California, Berkeley",OP-3,Water Use,Operations,Environmental,3.1 Potable water use per person,,Full-time equivalent student enrollment,,44578.0,berkeley,,,,False,False,True
"University of California, Berkeley",OP-3,Water Use,Operations,Environmental,3.1 Potable water use per person,,Full-time equivalent students and employees,,58256.0,berkeley,,,,False,False,True
"University of California, Berkeley",OP-3,Water Use,Operations,Environmental,3.2 Potable water use per square meter,,Gross floor area of building space,Square meters,1503129.0,berkeley,,,,False,False,True
"University of California, Berkeley",OP-3,Water Use,Operations,Environmental,3.1 Potable water use per person,,Other off-site water sources,Cubic meters,0.0,berkeley,,,,False,False,True
"University of California, Berkeley",OP-3,Water Use,Operations,Environmental,3.1 Potable water use per person,,Other on-site water sources,Cubic meters,0.0,berkeley,,,,False,False,True
"University of California, Berkeley",OP-3,Water Use,Operations,Environmental,3.1 Potable water use per person,,Potable water from off-site sources,Cubic meters,2092006.0,berkeley,GRI 303,303-3,component,True,False,True
"University of California, Berkeley",OP-3,Water Use,Operations,Environmental,3.1 Potable water use per person,,Potable water from on-site sources,Cubic meters,0.0,berkeley,GRI 303,303-3,component,True,False,True
"University of California, Berkeley",OP-3,Water Use,Operations,Environmental,3.4 Ratio of water recovered/returned to total water withdrawal,,Ratio of water recovered/returned to total water withdrawal,,0.05,berkeley,,,,False,False,True
"University of California, Berkeley",OP-3,Water Use,Operations,Environmental,3.1 Potable water use per person,,Reclaimed water from off-site sources,Cubic meters,0.0,berkeley,,,,False,False,True
"University of California, Berkeley",OP-3,Water Use,Operations,Environmental,3.4 Ratio of water recovered/returned to total water withdrawal,,Total water withdrawal,Cubic meters,2092006.0,berkeley,GRI 303,303-3,equivalent,True,False,True
"University of California, Berkeley",OP-4,Ecologically Managed Grounds,Operations,Environmental,4.2 Ratio of ecologically managed green space to total managed green space,,Area managed organically,Hectares,198.3,berkeley,,,,False,False,True
"University of California, Berkeley",OP-4,Ecologically Managed Grounds,Operations,Environmental,4.2 Ratio of ecologically managed green space to total managed green space,,Area of tree canopy,Hectares,51.4,berkeley,,,,False,False,True
"University of California, Berkeley",OP-4,Ecologically Managed Grounds,Operations,Environmental,4.2 Ratio of ecologically managed green space to total managed green space,,Area protected or restored,Hectares,130.71,berkeley,,,,False,False,True
"University of California, Berkeley",OP-4,Ecologically Managed Grounds,Operations,Environmental,4.2 Ratio of ecologically managed green space to total managed green space,,Ratio of areas managed organically to total managed green space,,0.95,berkeley,,,,False,False,True
"University of California, Berkeley",OP-4,Ecologically Managed Grounds,Operations,Environmental,4.2 Ratio of ecologically managed green space to total managed green space,,Ratio of areas protected or restored to total managed green space,,0.63,berkeley,,,,False,False,True
"University of California, Berkeley",OP-4,Ecologically Managed Grounds,Operations,Environmental,4.2 Ratio of ecologically managed green space to total managed green space,,Ratio of tree canopy to total managed green space,,0.25,berkeley,,,,False,False,True
"University of California, Berkeley",OP-4,Ecologically Managed Grounds,Operations,Environmental,4.2 Ratio of ecologically managed green space to total managed green space,,Total area of managed green space,Hectares,208.41,berkeley,,,,False,False,True
"University of California, Berkeley",OP-5,Energy Use,Operations,Environmental,5.2 Energy consumption per person,,Annual energy consumption per person,Kilowatt-hours,1346.02,berkeley,GRI 302,302-3,intensity,True,True,True
"University of California, Berkeley",OP-5,Energy Use,Operations,Environmental,5.1 Energy consumption per square meter,Heating and cooling from off-site sources,Annual energy consumption per unit of floor area,Kilowatt-hours per square meter,52.17,berkeley,GRI 302,302-3,intensity,True,True,True
"University of California, Berkeley",OP-5,Energy Use,Operations,Environmental,5.3 Percentage of energy from renewable sources,Demand reduction,Annual renewable energy consumption,Megawatt-hours,18173.0,berkeley,GRI 302,302-1,partial,True,False,True
"University of California, Berkeley",OP-5,Energy Use,Operations,Environmental,5.1 Energy consumption per square meter,Stationary fuels,Bioenergy products,Megawatt-hours,0.0,berkeley,,,,False,False,True
"University of California, Berkeley",OP-5,Energy Use,Operations,Environmental,5.3 Percentage of energy from renewable sources,Renewable stationary fuels,Certified bioenergy products,Megawatt-hours,0.0,berkeley,,,,False,False,True
"University of California, Berkeley",OP-5,Energy Use,Operations,Environmental,5.3 Percentage of energy from renewable sources,Contractual instruments for renewable electricity,Certified unbundled EACs,Megawatt-hours,3739.0,berkeley,,,,False,False,True
"University of California, Berkeley",OP-5,Energy Use,Operations,Environmental,5.1 Energy consumption per square meter,Heating and cooling from off-site sources,Chilled water from off-site sources,Megawatt-hours,0.0,berkeley,,,,False,False,True
"University of California, Berkeley",OP-5,Energy Use,Operations,Environmental,5.1 Energy consumption per square meter,Stationary fuels,Coal/coke,Megawatt-hours,0.0,berkeley,GRI 302,302-1,component,True,False,True
"University of California, Berkeley",OP-5,Energy Use,Operations,Environmental,5.3 Percentage of energy from renewable sources,Contractual instruments for renewable electricity,Electricity from certified off-site renewable sources,Megawatt-hours,3214.0,berkeley,,,,False,False,True
"University of California, Berkeley",OP-5,Energy Use,Operations,Environmental,5.1 Energy consumption per square meter,Electricity,Electricity from off-site sources,Megawatt-hours,46422.3,berkeley,,,,False,False,True
"University of California, Berkeley",OP-5,Energy Use,Operations,Environmental,5.3 Percentage of energy from renewable sources,Demand reduction,"Electricity from on-site renewable systems, rights retained/retired",Megawatt-hours,1322.4,berkeley,,,,False,False,True
"University of California, Berkeley",OP-5,Energy Use,Operations,Environmental,5.3 Percentage of energy from renewable sources,Demand reduction,Electricity from renewable sources,Megawatt-hours,17917.7,berkeley,,,,False,False,True
"University of California, Berkeley",OP-5,Energy Use,Operations,Environmental,5.3 Percentage of energy from renewable sources,Contractual instruments for renewable electricity,Electricity from uncertified off-site renewable sources,Megawatt-hours,9642.3,berkeley,,,,False,False,True
"University of California, Berkeley",OP-5,Energy Use,Operations,Environmental,5.1 Energy consumption per square meter,Electricity,Electricity generated by on-site renewable systems,Megawatt-hours,1322.4,berkeley,,,,False,False,True
"University of California, Berkeley",OP-5,Energy Use,Operations,Environmental,5.3 Percentage of energy from renewable sources,Contractual instruments for renewable electricity,Energy attribute certificates (EACs) sold or not owned by the institution,Megawatt-hours,0.0,berkeley,,,,False,False,True
"University of California, Berkeley",OP-5,Energy Use,Operations,Environmental,5.2 Energy consumption per person,,Full-time equivalent of employees,,13678.0,berkeley,,,,False,False,True
"University of California, Berkeley",OP-5,Energy Use,Operations,Environmental,5.2 Energy consumption per person,,Full-time equivalent student enrollment,,44578.0,berkeley,,,,False,False,True
"University of California, Berkeley",OP-5,Energy Use,Operations,Environmental,5.2 Energy consumption per person,,Full-time equivalent students and employees,,58256.0,berkeley,,,,False,False,True
"University of California, Berkeley",OP-5,Energy Use,Operations,Environmental,5.1 Energy consumption per square meter,,Gross floor area of building space,Square meters,1503129.29,berkeley,,,,False,False,True
"University of California, Berkeley",OP-5,Energy Use,Operations,Environmental,5.3 Percentage of energy from renewable sources,Heating and cooling from off-site renewable sources,Heating and cooling from certified off-site renewable sources,Megawatt-hours,0.0,berkeley,,,,False,False,True
"University of California, Berkeley",OP-5,Energy Use,Operations,Environmental,5.3 Percentage of energy from renewable sources,Demand reduction,Heating and cooling from off-site renewable sources,Megawatt-hours,255.3,berkeley,,,,False,False,True
"University of California, Berkeley",OP-5,Energy Use,Operations,Environmental,5.3 Percentage of energy from renewable sources,Heating and cooling from off-site renewable sources,Heating and cooling from uncertified off-site renewable sources,Megawatt-hours,255.3,berkeley,,,,False,False,True
"University of California, Berkeley",OP-5,Energy Use,Operations,Environmental,5.1 Energy consumption per square meter,Stationary fuels,Heating oil,Megawatt-hours,400.0,berkeley,GRI 302,302-1,component,True,False,True
"University of California, Berkeley",OP-5,Energy Use,Operations,Environmental,5.1 Energy consumption per square meter,Heating and cooling from off-site sources,Hot water from off-site sources,Megawatt-hours,255.3,berkeley,,,,False,False,True
"University of California, Berkeley",OP-5,Energy Use,Operations,Environmental,5.1 Energy consumption per square meter,Stationary fuels,Natural gas,Megawatt-hours,30014.0,berkeley,GRI 302,302-1,component,True,False,True
"University of California, Berkeley",OP-5,Energy Use,Operations,Environmental,5.4 Percentage of electricity from on-site or certified renewable sources,,On-site and/or third party certified renewable power,Megawatt-hours,8275.4,berkeley,,,,False,False,True
"University of California, Berkeley",OP-5,Energy Use,Operations,Environmental,5.1 Energy consumption per square meter,Electricity,On-site renewable electricity exported,Megawatt-hours,0.0,berkeley,GRI 302,302-1,component,True,False,True
"University of California, Berkeley",OP-5,Energy Use,Operations,Environmental,5.1 Energy consumption per square meter,Stationary fuels,Other stationary fuels,Megawatt-hours,0.0,berkeley,,,,False,False,True
"University of California, Berkeley",OP-5,Energy Use,Operations,Environmental,5.4 Percentage of electricity from on-site or certified renewable sources,,Percentage of electricity from on-site and/or third party certified renewable sources,,17.33,berkeley,,,,False,False,True
"University of California, Berkeley",OP-5,Energy Use,Operations,Environmental,5.3 Percentage of energy from renewable sources,Demand reduction,Percentage of energy from renewable sources,,23.18,berkeley,,,,False,False,True
"University of California, Berkeley",OP-5,Energy Use,Operations,Environmental,5.1 Energy consumption per square meter,Stationary fuels,Propane/LPG,Megawatt-hours,0.0,berkeley,GRI 302,302-1,component,True,False,True
"University of California, Berkeley",OP-5,Energy Use,Operations,Environmental,5.3 Percentage of energy from renewable sources,Demand reduction,Renewable stationary fuels,Megawatt-hours,0.0,berkeley,GRI 302,302-1,component,True,False,True
"University of California, Berkeley",OP-5,Energy Use,Operations,Environmental,5.1 Energy consumption per square meter,Heating and cooling from off-site sources,Steam from off-site sources,Megawatt-hours,0.0,berkeley,,,,False,False,True
"University of California, Berkeley",OP-5,Energy Use,Operations,Environmental,5.1 Energy consumption per square meter,Heating and cooling from off-site sources,Total annual energy consumption,Megawatt-hours,78414.0,berkeley,GRI 302,302-1,equivalent,True,False,True
"University of California, Berkeley",OP-5,Energy Use,Operations,Environmental,5.1 Energy consumption per square meter,Heating and cooling from off-site sources,Total electricity consumption,Megawatt-hours,47744.7,berkeley,GRI 302,302-1,component,True,False,True
"University of California, Berkeley",OP-5,Energy Use,Operations,Environmental,5.1 Energy consumption per square meter,Heating and cooling from off-site sources,Total heating and cooling from off-site sources,Megawatt-hours,255.3,berkeley,GRI 302,302-1,component,True,False,True
"University of California, Berkeley",OP-5,Energy Use,Operations,Environmental,5.1 Energy consumption per square meter,Heating and cooling from off-site sources,Total stationary fuel consumption,Megawatt-hours,30414.0,berkeley,GRI 302,302-1,component,True,False,True
"University of California, Berkeley",OP-5,Energy Use,Operations,Environmental,5.3 Percentage of energy from renewable sources,Renewable stationary fuels,Uncertified biomethane from organic waste or landfill gas,Megawatt-hours,0.0,berkeley,,,,False,False,True
"University of California, Berkeley",OP-6,Greenhouse Gas Emissions,Operations,Environmental,6.4 Adjusted net greenhouse gas emissions,Baseline emissions,Adjusted net scope 1 and 2 GHG emissions,Metric tons of CO2 equivalent,133106.95,berkeley,,,,False,False,True
"University of California, Berkeley",OP-6,Greenhouse Gas Emissions,Operations,Environmental,6.1 Greenhouse gas emissions inventory and disclosure,Scope 2 GHG emissions,Annual scope 1 and 2 GHG emissions,Metric tons of CO2 equivalent,137965.0,berkeley,,,,False,False,True
"University of California, Berkeley",OP-6,Greenhouse Gas Emissions,Operations,Environmental,6.3 Greenhouse gas emissions per person,,Annual scope 1 and 2 GHG emissions per person,Kilograms of CO2 equivalent,2368.25,berkeley,GRI 305,305-4,intensity,True,True,True
"University of California, Berkeley",OP-6,Greenhouse Gas Emissions,Operations,Environmental,6.2 Greenhouse gas emissions per square meter,,Annual scope 1 and 2 GHG emissions per unit of floor area,Kilograms per square meter,91.79,berkeley,GRI 305,305-4,intensity,True,True,True
"University of California, Berkeley",OP-6,Greenhouse Gas Emissions,Operations,Environmental,6.4 Adjusted net greenhouse gas emissions,Baseline emissions,Baseline scope 1 and 2 GHG emissions,Metric tons of CO2 equivalent,147623.0,berkeley,GRI 305,305-5,component,True,False,True
"University of California, Berkeley",OP-6,Greenhouse Gas Emissions,Operations,Environmental,6.4 Adjusted net greenhouse gas emissions,Carbon sinks,Carbon storage from non-additional sequestration on institution-owned land,Metric tons of CO2 equivalent,0.01,berkeley,,,,False,False,True
"University of California, Berkeley",OP-6,Greenhouse Gas Emissions,Operations,Environmental,6.4 Adjusted net greenhouse gas emissions,Carbon sinks,Carbon storage from on-site composting,Metric tons of CO2 equivalent,0.05,berkeley,,,,False,False,True
"University of California, Berkeley",OP-6,Greenhouse Gas Emissions,Operations,Environmental,6.3 Greenhouse gas emissions per person,,Full-time equivalent of employees,,13678.0,berkeley,,,,False,False,True
"University of California, Berkeley",OP-6,Greenhouse Gas Emissions,Operations,Environmental,6.3 Greenhouse gas emissions per person,,Full-time equivalent student enrollment,,44578.0,berkeley,,,,False,False,True
"University of California, Berkeley",OP-6,Greenhouse Gas Emissions,Operations,Environmental,6.3 Greenhouse gas emissions per person,,Full-time equivalent students and employees,,58256.0,berkeley,,,,False,False,True
"University of California, Berkeley",OP-6,Greenhouse Gas Emissions,Operations,Environmental,6.1 Greenhouse gas emissions inventory and disclosure,Biogenic emissions,GHG emissions from biogenic sources,Metric tons of CO2 equivalent,0.0,berkeley,GRI 305,305-1,partial,True,False,False
"University of California, Berkeley",OP-6,Greenhouse Gas Emissions,Operations,Environmental,6.2 Greenhouse gas emissions per square meter,,Gross floor area of building space,Square meters,1503129.29,berkeley,,,,False,False,True
"University of California, Berkeley",OP-6,Greenhouse Gas Emissions,Operations,Environmental,6.4 Adjusted net greenhouse gas emissions,Baseline emissions,Net carbon sinks,Metric tons of CO2 equivalent,4766.26,berkeley,,,,False,False,True
"University of California, Berkeley",OP-6,Greenhouse Gas Emissions,Operations,Environmental,6.4 Adjusted net greenhouse gas emissions,Baseline emissions,Percentage reduction in scope 1 and 2 GHG emissions from baseline,,9.83,berkeley,GRI 305,305-5,partial,True,False,True
"University of California, Berkeley",OP-6,Greenhouse Gas Emissions,Operations,Environmental,6.1 Greenhouse gas emissions inventory and disclosure,Scope 1 GHG emissions,Scope 1 GHG emissions from mobile combustion,Metric tons of CO2 equivalent,1676.0,berkeley,GRI 305,305-1,component,True,False,True
"University of California, Berkeley",OP-6,Greenhouse Gas Emissions,Operations,Environmental,6.1 Greenhouse gas emissions inventory and disclosure,Scope 1 GHG emissions,Scope 1 GHG emissions from stationary combustion,Metric tons of CO2 equivalent,134957.0,berkeley,GRI 305,305-1,component,True,False,True
"University of California, Berkeley",OP-6,Greenhouse Gas Emissions,Operations,Environmental,6.1 Greenhouse gas emissions inventory and disclosure,Scope 1 GHG emissions,Scope 1 GHG fugitive emissions,Metric tons of CO2 equivalent,76.0,berkeley,GRI 305,305-1,component,True,False,True
"University of California, Berkeley",OP-6,Greenhouse Gas Emissions,Operations,Environmental,6.1 Greenhouse gas emissions inventory and disclosure,Scope 2 GHG emissions,Scope 2 GHG emissions from off-site sources of electricity (market-based),Metric tons of CO2 equivalent,1256.0,berkeley,GRI 305,305-2,component,True,False,True
"University of California, Berkeley",OP-6,Greenhouse Gas Emissions,Operations,Environmental,6.1 Greenhouse gas emissions inventory and disclosure,Scope 2 GHG emissions,Scope 2 GHG emissions from off-site sources of heating and cooling,Metric tons of CO2 equivalent,0.0,berkeley,GRI 305,305-2,component,True,False,True
"University of California, Berkeley",OP-6,Greenhouse Gas Emissions,Operations,Environmental,6.1 Greenhouse gas emissions inventory and disclosure,Scope 3 GHG emissions,Scope 3 GHG emissions from business travel,Metric tons of CO2 equivalent,19913.0,berkeley,GRI 305,305-3,component,True,False,True
"University of California, Berkeley",OP-6,Greenhouse Gas Emissions,Operations,Environmental,6.1 Greenhouse gas emissions inventory and disclosure,Scope 3 GHG emissions,Scope 3 GHG emissions from commuting,Metric tons of CO2 equivalent,12836.0,berkeley,GRI 305,305-3,component,True,False,True
"University of California, Berkeley",OP-6,Greenhouse Gas Emissions,Operations,Environmental,6.1 Greenhouse gas emissions inventory and disclosure,Scope 3 GHG emissions,Scope 3 GHG emissions from fuel- and energy-related activities not included in scope 1 or scope 2,Metric tons of CO2 equivalent,22.0,berkeley,GRI 305,305-3,component,True,False,True
"University of California, Berkeley",OP-6,Greenhouse Gas Emissions,Operations,Environmental,6.1 Greenhouse gas emissions inventory and disclosure,Scope 3 GHG emissions,Scope 3 GHG emissions from waste generated in operations,Metric tons of CO2 equivalent,728.0,berkeley,GRI 305,305-3,component,True,False,False
"University of California, Berkeley",OP-6,Greenhouse Gas Emissions,Operations,Environmental,6.4 Adjusted net greenhouse gas emissions,Carbon sinks,Third party certified carbon offsets,Metric tons of CO2 equivalent,4858.0,berkeley,,,,False,False,True
"University of California, Berkeley",OP-7,Dining Service Procurement,Operations,Environmental,7.2 Percentage of dining service spend with social impact suppliers,,Percentage of dining service spend with social impact suppliers,,10.46,berkeley,,,,False,False,False
"University of California, Berkeley",OP-7,Dining Service Procurement,Operations,Environmental,7.1 Percentage of food and beverage spend that meets sustainability criteria,,Percentage of food and beverage spend on plant-based foods,,34.3,berkeley,,,,False,False,True
"University of California, Berkeley",OP-7,Dining Service Procurement,Operations,Environmental,7.1 Percentage of food and beverage spend that meets sustainability criteria,,Percentage of food and beverage spend on products that are sustainably or ethically produced,,23.4,berkeley,,,,False,False,True
"University of California, Berkeley",OP-9,Sustainable Procurement System,Operations,Environmental,9.4 Percentage of contract spend with social impact suppliers,,Annual contract spend with social impact suppliers,,124777112.0,berkeley,,,,False,False,False
"University of California, Berkeley",OP-9,Sustainable Procurement System,Operations,Environmental,9.2 Percentage of bid solicitations that identify sustainability considerations,,Percentage of bid solicitations that identify product sustainability specifications,,100.0,berkeley,,,,False,False,True
"University of California, Berkeley",OP-9,Sustainable Procurement System,Operations,Environmental,9.2 Percentage of bid solicitations that identify sustainability considerations,,Percentage of bid solicitations that identify supplier sustainability considerations,,100.0,berkeley,GRI 308,308-1,partial,True,False,True
"University of California, Berkeley",OP-9,Sustainable Procurement System,Operations,Environmental,9.4 Percentage of contract spend with social impact suppliers,,Percentage of contract spend with social impact suppliers,,14.12,berkeley,,,,False,False,False
"University of California, Berkeley",OP-9,Sustainable Procurement System,Operations,Environmental,9.4 Percentage of contract spend with social impact suppliers,,Total annual contract spend,,883756037.0,berkeley,,,,False,False,False
"University of California, Berkeley",PA-1,Sustainability Coordination,Planning & Administration,Governance,"1.1 Coordinating committee, officer, or office for sustainability",,Full-time equivalent of people employed in the sustainability offices,,3.0,berkeley,,,,False,False,True
"University of California, Berkeley",PA-10,Student Success,Planning & Administration,Social,10.1 Completion rate for low-income students,,Completion rate for low-income students,,88.0,berkeley,,,,False,False,True
"University of California, Berkeley",PA-10,Student Success,Planning & Administration,Social,10.2 Completion rate for students with marginalized gender identities,,Completion rate for students that identify as women or other marginalized gender identities,,94.0,berkeley,,,,False,False,True
"University of California, Berkeley",PA-10,Student Success,Planning & Administration,Social,"10.3 Percentage of marginalized racial, ethnic, and/or Indigenous groups with equitable completion rates",,"Number of marginalized racial, ethnic, and/or Indigenous groups with equitable completion rates",,4.0,berkeley,,,,False,False,True
"University of California, Berkeley",PA-10,Student Success,Planning & Administration,Social,10.1 Completion rate for low-income students,,Overall student completion rate,,93.0,berkeley,,,,False,False,True
"University of California, Berkeley",PA-10,Student Success,Planning & Administration,Social,"10.3 Percentage of marginalized racial, ethnic, and/or Indigenous groups with equitable completion rates",,"Percentage of marginalized, racial, ethnic, and Indigenous groups with equitable completion rates",,80.0,berkeley,,,,False,False,True
"University of California, Berkeley",PA-10,Student Success,Planning & Administration,Social,10.1 Completion rate for low-income students,,Ratio of the completion rate for low-income students to the overall completion rate,,0.95,berkeley,,,,False,False,True
"University of California, Berkeley",PA-10,Student Success,Planning & Administration,Social,10.2 Completion rate for students with marginalized gender identities,,Ratio of the completion rate for students that identify as women or other marginalized gender identities to the overall completion rate,,1.01,berkeley,,,,False,False,True
"University of California, Berkeley",PA-10,Student Success,Planning & Administration,Social,"10.3 Percentage of marginalized racial, ethnic, and/or Indigenous groups with equitable completion rates",,"Total number of marginalized racial, ethnic, and/or Indigenous groups served by the institution",,5.0,berkeley,,,,False,False,True
"University of California, Berkeley",PA-12,Employee Rights,Planning & Administration,Social,12.1 Number of weeks of paid maternity leave,,Number of weeks of paid maternity leave,,12.0,berkeley,GRI 401,401-3,partial,True,False,True
"University of California, Berkeley",PA-12,Employee Rights,Planning & Administration,Social,12.2 Percentage of employees eligible for paid all-gender family/medical leave,,Percentage of employees eligible for paid all-gender family/medical leave,,100.0,berkeley,GRI 401,401-2,partial,True,False,True
"University of California, Berkeley",PA-13,Pay Equity and Living Wage,Planning & Administration,Social,13.2 Percentage of employees that receive a living wage,,Living wage,,39.62,berkeley,GRI 202,202-1,partial,True,False,True
"University of California, Berkeley",PA-13,Pay Equity and Living Wage,Planning & Administration,Social,13.3 Percentage of significant contractors that pay a collectively determined or living wage,,Number of significant contractors known to pay a collectively determined or living wage,,240.0,berkeley,,,,False,False,False
"University of California, Berkeley",PA-13,Pay Equity and Living Wage,Planning & Administration,Social,13.2 Percentage of employees that receive a living wage,,Percentage of employees that receive remuneration equivalent to at least a living wage,,96.2,berkeley,GRI 202,202-1,partial,True,False,True
"University of California, Berkeley",PA-13,Pay Equity and Living Wage,Planning & Administration,Social,13.3 Percentage of significant contractors that pay a collectively determined or living wage,,Percentage of significant contractors that pay a collectively determined or living wage,,100.0,berkeley,,,,False,False,False
"University of California, Berkeley",PA-13,Pay Equity and Living Wage,Planning & Administration,Social,13.3 Percentage of significant contractors that pay a collectively determined or living wage,,Total number of significant contractors,,240.0,berkeley,,,,False,False,False
"University of California, Berkeley",PA-13,Pay Equity and Living Wage,Planning & Administration,Social,13.2 Percentage of employees that receive a living wage,,Wage floor for regular/permanent employees,,22.54,berkeley,GRI 202,202-1,partial,True,False,True
"University of California, Berkeley",PA-13,Pay Equity and Living Wage,Planning & Administration,Social,13.2 Percentage of employees that receive a living wage,,Wage floor for short-term/casual academic staff,,22.54,berkeley,,,,False,False,True
"University of California, Berkeley",PA-13,Pay Equity and Living Wage,Planning & Administration,Social,13.2 Percentage of employees that receive a living wage,,Wage floor for short-term/casual non-academic staff,,18.67,berkeley,,,,False,False,True
"University of California, Berkeley",PA-5,Investment Holdings,Planning & Administration,Governance,5.2 Percentage of the investment pool allocated to positive sustainability investments,,Amount allocated to businesses selected for exemplary sustainability performance using positive screens,,1043000000.0,berkeley,,,,False,False,False
"University of California, Berkeley",PA-5,Investment Holdings,Planning & Administration,Governance,5.2 Percentage of the investment pool allocated to positive sustainability investments,,Amount allocated to community development financial institutions (CDFIs),,221000000.0,berkeley,,,,False,False,False
"University of California, Berkeley",PA-5,Investment Holdings,Planning & Administration,Governance,5.2 Percentage of the investment pool allocated to positive sustainability investments,,"Amount allocated to funds that are explicitly focused on sustainability or environmental, social, and governance (ESG)",,97900000.0,berkeley,,,,False,False,False
"University of California, Berkeley",PA-5,Investment Holdings,Planning & Administration,Governance,5.2 Percentage of the investment pool allocated to positive sustainability investments,,Amount allocated to green revolving funds seeded from the investment pool,,0.0,berkeley,,,,False,False,False
"University of California, Berkeley",PA-5,Investment Holdings,Planning & Administration,Governance,5.2 Percentage of the investment pool allocated to positive sustainability investments,,Amount allocated to place-based investments that target positive social and environmental impacts in economically divested areas,,0.0,berkeley,,,,False,False,False
"University of California, Berkeley",PA-5,Investment Holdings,Planning & Administration,Governance,5.2 Percentage of the investment pool allocated to positive sustainability investments,,Amount allocated to sustainability-focused industries or sectors,,1522800000.0,berkeley,,,,False,False,False
"University of California, Berkeley",PA-5,Investment Holdings,Planning & Administration,Governance,5.2 Percentage of the investment pool allocated to positive sustainability investments,,Percentage of the investment pool allocated to positive sustainability investments,,12.76,berkeley,,,,False,False,False
"University of California, Berkeley",PA-5,Investment Holdings,Planning & Administration,Governance,5.2 Percentage of the investment pool allocated to positive sustainability investments,,Total positive sustainability investments,,2884700000.0,berkeley,,,,False,False,False
"University of California, Berkeley",PA-5,Investment Holdings,Planning & Administration,Governance,5.2 Percentage of the investment pool allocated to positive sustainability investments,,Value of the investment pool,,22600000000.0,berkeley,,,,False,False,False
"University of California, Berkeley",PA-7,Racial and Ethnic Representation,Planning & Administration,Social,7.1 Ethnic diversity index,,Ethnic diversity index for academic staff,,0.5,berkeley,GRI 405,405-1,partial,True,False,False
"University of California, Berkeley",PA-7,Racial and Ethnic Representation,Planning & Administration,Social,7.1 Ethnic diversity index,,Ethnic diversity index for executive staff,,0.51,berkeley,GRI 405,405-1,partial,True,False,False
"University of California, Berkeley",PA-7,Racial and Ethnic Representation,Planning & Administration,Social,7.1 Ethnic diversity index,,Ethnic diversity index for non-academic staff,,0.69,berkeley,GRI 405,405-1,partial,True,False,False
"University of California, Berkeley",PA-7,Racial and Ethnic Representation,Planning & Administration,Social,7.1 Ethnic diversity index,,Ethnic diversity index for students,,0.79,berkeley,,,,False,False,True
"University of California, Berkeley",PA-7,Racial and Ethnic Representation,Planning & Administration,Social,"7.3 Percentage of marginalized racial, ethnic, and/or Indigenous groups equitably represented among employees",,"Number of marginalized racial, ethnic, and/or Indigenous groups that are equitably represented among executive staff",,2.0,berkeley,,,,False,False,True
"University of California, Berkeley",PA-7,Racial and Ethnic Representation,Planning & Administration,Social,"7.3 Percentage of marginalized racial, ethnic, and/or Indigenous groups equitably represented among employees",,"Number of marginalized racial, ethnic, and/or Indigenous groups that are equitably represented among regular/permanent academic staff",,2.0,berkeley,,,,False,False,True
"University of California, Berkeley",PA-7,Racial and Ethnic Representation,Planning & Administration,Social,"7.3 Percentage of marginalized racial, ethnic, and/or Indigenous groups equitably represented among employees",,"Number of marginalized racial, ethnic, and/or Indigenous groups that are equitably represented among regular/permanent non-academic staff",,4.0,berkeley,,,,False,False,True
"University of California, Berkeley",PA-7,Racial and Ethnic Representation,Planning & Administration,Social,"7.2 Percentage of marginalized racial, ethnic, and/or Indigenous groups equitably represented among students",,"Number of marginalized racial, ethnic, and/or Indigenous groups that are equitably represented among students",,2.0,berkeley,,,,False,False,True
"University of California, Berkeley",PA-7,Racial and Ethnic Representation,Planning & Administration,Social,"7.3 Percentage of marginalized racial, ethnic, and/or Indigenous groups equitably represented among employees",,"Percentage of marginalized, racial, ethnic, and Indigenous groups that are equitably represented among executive staff",,33.33,berkeley,,,,False,False,True
"University of California, Berkeley",PA-7,Racial and Ethnic Representation,Planning & Administration,Social,"7.3 Percentage of marginalized racial, ethnic, and/or Indigenous groups equitably represented among employees",,"Percentage of marginalized, racial, ethnic, and Indigenous groups that are equitably represented among regular/permanent academic staff",,33.33,berkeley,,,,False,False,True
"University of California, Berkeley",PA-7,Racial and Ethnic Representation,Planning & Administration,Social,"7.3 Percentage of marginalized racial, ethnic, and/or Indigenous groups equitably represented among employees",,"Percentage of marginalized, racial, ethnic, and Indigenous groups that are equitably represented among regular/permanent non-academic staff",,66.67,berkeley,,,,False,False,True
"University of California, Berkeley",PA-7,Racial and Ethnic Representation,Planning & Administration,Social,"7.2 Percentage of marginalized racial, ethnic, and/or Indigenous groups equitably represented among students",,"Percentage of marginalized, racial, ethnic, and Indigenous groups that are equitably represented among students",,33.33,berkeley,,,,False,False,True
"University of California, Berkeley",PA-7,Racial and Ethnic Representation,Planning & Administration,Social,"7.2 Percentage of marginalized racial, ethnic, and/or Indigenous groups equitably represented among students",,"Total number of marginalized racial, ethnic, and/or Indigenous groups in the region served by the institution",,6.0,berkeley,,,,False,False,True
"University of California, Berkeley",PA-8,Gender Parity,Planning & Administration,Social,8.2 Percentage of employees with marginalized gender identities,,Percentage of executive staff that identify as women or other marginalized gender identities,,50.0,berkeley,GRI 405,405-1,component,True,False,True
"University of California, Berkeley",PA-8,Gender Parity,Planning & Administration,Social,8.2 Percentage of employees with marginalized gender identities,,Percentage of regular/permanent academic staff that identify as women or other marginalized gender identities,,36.7,berkeley,GRI 405,405-1,component,True,False,True
"University of California, Berkeley",PA-8,Gender Parity,Planning & Administration,Social,8.2 Percentage of employees with marginalized gender identities,,Percentage of regular/permanent non-academic staff that identify as women or other marginalized gender identities,,56.5,berkeley,GRI 405,405-1,component,True,False,True
"University of California, Berkeley",PA-8,Gender Parity,Planning & Administration,Social,8.1. Percentage of students with marginalized gender identities,,Percentage of students that identify as women or other marginalized gender identities,,54.4,berkeley,,,,False,False,True
"University of California, Berkeley",PA-9,Affordability and Access,Planning & Administration,Social,9.1 Number of paid work-hours per year required to meet the average net price of attendance for low-income students,,Average annual net price of attendance for low-income students,,5895.0,berkeley,,,,False,False,True
"University of California, Berkeley",PA-9,Affordability and Access,Planning & Administration,Social,9.1 Number of paid work-hours per year required to meet the average net price of attendance for low-income students,,Local hourly minimum wage for students,,16.99,berkeley,,,,False,False,True
"University of California, Berkeley",PA-9,Affordability and Access,Planning & Administration,Social,9.1 Number of paid work-hours per year required to meet the average net price of attendance for low-income students,,Number of paid work-hours per year required to meet the average net price of attendance for low-income students,,346.97,berkeley,,,,False,False,True
"University of California, Berkeley",PA-9,Affordability and Access,Planning & Administration,Social,9.2 Percentage of students that are low-income,,Percentage of students that are low-income,,27.0,berkeley,,,,False,False,True
"University of California, Berkeley",PRE-3,Institutional Characteristics,Report Preface,Preface,,,Full-time equivalent of employees,,13678.0,berkeley,GRI 2,2-7,partial,True,False,True
"University of California, Berkeley",PRE-3,Institutional Characteristics,Report Preface,Preface,,,Full-time equivalent student enrollment,,44578.0,berkeley,,,,False,False,True
"University of California, Berkeley",PRE-3,Institutional Characteristics,Report Preface,Preface,,,Gross floor area of building space,Square meters,1503129.29,berkeley,,,,False,False,True
"University of California, Berkeley",PRE-3,Institutional Characteristics,Report Preface,Preface,,,Percentage of students enrolled exclusively in distance education,,3.0,berkeley,,,,False,False,True
"University of California, Berkeley",PRE-3,Institutional Characteristics,Report Preface,Preface,,,Percentage of students that live in campus housing,,21.9,berkeley,,,,False,False,True
