institution,gri_disclosure,gri_title,relationship,stars_credit,stars_field,value,units,populated
"University of California, Berkeley",2-1,Organizational details,component,PRE-3,Institutional control,Public,,True
"University of California, Berkeley",2-2,Entities included in the organization’s sustainability reporting,component,PRE-3,Narrative outlining the institutional boundary used to complete this report,"The institutional boundary used in this report includes those for operational purposes the campus retains operational control. This includes UC Berkeley's main campus covering 178 acres in the City of Berkeley, the Hill campus east and adjacent to the main campus, the Richmond Field Station and other stations/reserves operated by the campus, and buildings owned by the campus in various locations.",,True
"University of California, Berkeley",2-3,"Reporting period, frequency and contact point",partial,OP-6,Performance year for scope 1 and 2 GHG emissions,2023,,True
"University of California, Berkeley",2-3,"Reporting period, frequency and contact point",partial,PRE-4,List of personnel who led the reporting process,"Marina Zdobnova, Sustainability Data and Program Manager, Office of Sustainability Ashley Smiley, Postodoctoral Fellow, Office of Sustainabiltiy",,True
"University of California, Berkeley",2-5,External assurance,component,PRE-4,Were any independent audits or external assurance processes used in the preparation of this report?,No,,True
"University of California, Berkeley",2-5,External assurance,component,PRE-4,Narrative outlining the independent audits or external assurance processes used in the preparation of this report,,,False
"University of California, Berkeley",2-6,"Activities, value chain and other business relationships",partial,PRE-3,Which of the following features are included within the institutional boundary?,Museum,,True
"University of California, Berkeley",2-7,Employees,partial,PRE-3,Full-time equivalent of employees,"13,678",,True
"University of California, Berkeley",2-9,Governance structure and composition,component,PA-3,Are one or more academic staff representatives included as members of the institution’s highest decision-making body?,Yes,,True
"University of California, Berkeley",2-9,Governance structure and composition,component,PA-3,Are one or more staff members representing non-managerial workers included as members of the institution’s highest decision-making body?,Yes,,True
"University of California, Berkeley",2-9,Governance structure and composition,component,PA-3,Are one or more student representatives included as members of the institution’s highest decision-making body?,Yes,,True
"University of California, Berkeley",2-9,Governance structure and composition,component,PA-3,Narrative and/or website URL outlining academic staff representation on the institution’s highest decision-making body,"UC Berkeley has ongoing bodies through which academic staff can democratically participate in the governance of the institution, with the primary example being the Academic Senate. The Berkeley Division of the Academic Senate is part of the broader University of California Academic Senate, which serves as the primary governance body for faculty across the UC system. The Academic Senate allows academic staff to participate democratically in university governance through elections, committees, and representative councils. UC faculty in the Academic Senate carry out shared-governance responsibilities established by The Regents. The Senate is empowered by UC's governing body, the Board of Regents, to exercise direct control over academic matters of central importance to the University – to determine academic policy, set conditions for admission and the granting of degrees, authorize and supervise courses and curricula; and to advise the administration on faculty appointments, promotions and budgets. The Systemwide Academic Senate and the ten Divisional Senates (one for each UC campus) provide the organizational framework that enables the faculty to exercise its right to participate in the University's governance. The faculty voice is formed through a deliberative process that includes the Standing Committees of the Senate, the Academic Council, the Assembly of the Academic Senate, and their Divisional counterparts. Consultation with the senior administration occurs in a parallel structure: at the systemwide level between the Academic Council Chair and the President; and on the campus level between the Divisional Senate Chairs and the Chancellors. With some exceptions and as defined by the Standing Order of the Regents 105.1, Senate membership is granted to individuals who have a ladder-rank or other selected academic appointment at the University.",,True
"University of California, Berkeley",2-13,Delegation of responsibility for managing impacts,component,PA-1,Does the institution have one or more sustainability officers?,Yes,,True
"University of California, Berkeley",2-13,Delegation of responsibility for managing impacts,component,PA-1,"Is at least one of the institution’s sustainability committees, officers, or offices charged with coordinating various campus constituencies in the advancement of sustainability across the entire institution?",Yes,,True
"University of California, Berkeley",2-13,Delegation of responsibility for managing impacts,component,PA-1,Narrative and/or website URL providing an overview of the institution’s sustainability officers,"UC Berkeley’s Office of Sustainability is led by a dedicated team committed to advancing the campus's sustainability goals and meeting its climate commitments. The team, headed by the Chief Sustainability and Carbon Solutions Officer, collaborates with departments and stakeholders across UC Berkeley to develop strategies that reduce greenhouse gas emissions, enhance sustainable purchasing, and foster environmental responsibility in daily operations. UC Berkeley has several Sustainability Officers in the Office of Sustainability, HAAS, and SERC. https://sustainability.berkeley.edu/office-sustainability/our-team",,True
"University of California, Berkeley",2-14,Role of the highest governance body in sustainability reporting,partial,PRE-1,Executive cover letter,STARS_3.0_Executive_letter.pdf,,True
"University of California, Berkeley",2-22,Statement on sustainable development strategy,partial,PA-2,Narrative detailing the institution’s guiding vision or goals for sustainability and the plan(s) in which they are published,"UC Berkeley Climate Action Plan: UC Berkeley has a published Climate Action Plan that details its strategies to reduce greenhouse gas emissions and meet climate goals. This plan outlines steps for achieving energy efficiency, promoting renewable energy, and supporting sustainable transportation options on campus. Second Nature Climate Leadership Commitments: UC Berkeley is a signatory to the Climate Leadership Commitments by Second Nature, which includes the Carbon Commitment. This external pledge reinforces the university's commitment to reducing carbon emissions and building resilience in the face of climate change. UC Berkeley Sustainability Plan: The university has published a Sustainability Plan that includes specific targets and goals for areas such as energy, water, waste reduction, sustainable food systems, and biodiversity. The plan is aligned with the broader UC system’s sustainability policies but includes campus-specific goals and timelines. IRAP, Campus Master Plan, LRDP",,True
"University of California, Berkeley",2-23,Policy commitments,component,PA-2,"Has the institution made a public commitment to sustainability, as evidenced by an external commitment or a published plan?",Yes,,True
"University of California, Berkeley",2-23,Policy commitments,component,PA-2,Narrative and/or website URL outlining the institution’s external sustainability commitments that include a reporting requirement,"STARS Reporting through AASHE: UC Berkeley is a participant in the Sustainability Tracking, Assessment & Rating System (STARS), which is managed by AASHE. By completing and publishing STARS assessments, UC Berkeley transparently shares its sustainability performance and progress. The campus's ongoing participation in STARS reflects its commitment to continual improvement and accountability in sustainability. The Climate Registry (TCR): UC Berkeley reports greenhouse gas (GHG) emissions data to The Climate Registry, a non-profit organization that provides standardized methods for measuring and reporting carbon emissions. Through TCR, UC Berkeley submits verified annual GHG inventories, which are then made publicly accessible. This reporting helps ensure transparency and accuracy in tracking emissions over time.",,True
"University of California, Berkeley",2-24,Embedding policy commitments,component,OP-9,Does the institution have a published code of conduct to guide suppliers on the institution’s social and environmental expectations for them?,Yes,,True
"University of California, Berkeley",2-24,Embedding policy commitments,component,EN-3,Does the institution make available sustainability-focused training opportunities to non-academic staff on at least an annual basis?,Yes,,True
"University of California, Berkeley",2-24,Embedding policy commitments,partial,PA-1,Narrative outlining the activities and substantive accomplishments of the institution-wide coordinating body or officer during the previous three years,"The UC Berkeley Office of Sustainability provides campus leadership by setting ambitious sustainability goals and strategies and by accelerating the achievement of these goals through project implementation, planning, partnerships and community engagement. Our mission is to integrate cutting-edge sustainability practices into our operations, foster the culture of sustainability at home and in the world, and enable and improve excellence in sustainability. Some recent achievements led by the Sustainability Officer: - Earned the #1 spot in the first ever QS World University Sustainability Rankings - Helped lead the development of a clean electrified campus energy system which is slated for completion by 2035 - Helped secure $249 million from the State of California for the Berkeley Clean Energy Campus project - Led the climate change resilience strategy through the CACS Working Group - Certified staff as Sustainability Staff Advisors using a new Office of Sustainability Staff Training and Certification Program Additionally, UC Berkeley's highlighted achievements can be found in UC systemwide annual sustainability reports: http://ucop.edu/sustainability/policy-areas/annual-reports.html https://cleanenergycampus.berkeley.edu/sites/default/files/irap_final_05-2024_-_aei_report_version_2.pdf",,True
"University of California, Berkeley",2-25,Processes to remediate negative impacts,partial,PA-12,Does the institution publish information on grievance resolution in a format that is accessible to all employees?,Yes,,True
"University of California, Berkeley",2-26,Mechanisms for seeking advice and raising concerns,component,PA-12,Does the institution publish information on whistleblower protections in a format that is accessible to all employees?,Yes,,True
"University of California, Berkeley",2-26,Mechanisms for seeking advice and raising concerns,component,PA-12,Narrative and/or website URL providing an overview of the institution’s published measures to protect employee rights,"UC Berkeley Human Resources Policies: UC Berkeley has a dedicated section on its Human Resources website that outlines policies related to employee rights, including fair treatment, grievance procedures, and work-life balance. The policies cover areas like anti-discrimination, whistleblower protection, and employee benefits, offering a transparent overview of employee rights and support. University of California Statement of Ethical Values and Standards of Ethical Conduct: This is a comprehensive code that applies to all UC campuses, including Berkeley. It highlights the university’s commitment to integrity, respect, and accountability in its relations with employees. Union Representation and Collective Bargaining: UC Berkeley supports the right of employees to unionize and has a number of unions representing various employee groups. Information on union agreements, employee advocacy, and collective bargaining rights can be found on the UCOP Labor Relations website, which details agreements specific to each bargaining unit. Berkeley Office for the Prevention of Harassment and Discrimination (OPHD): OPHD is responsible for ensuring compliance with non-discrimination policies, providing resources, and supporting a fair work environment. More information on the measures in place to protect against discrimination and harassment can be found on their website.",,True
"University of California, Berkeley",2-28,Membership associations,partial,PA-2,Narrative and/or website URL outlining the institution’s external sustainability commitments that include a reporting requirement,"STARS Reporting through AASHE: UC Berkeley is a participant in the Sustainability Tracking, Assessment & Rating System (STARS), which is managed by AASHE. By completing and publishing STARS assessments, UC Berkeley transparently shares its sustainability performance and progress. The campus's ongoing participation in STARS reflects its commitment to continual improvement and accountability in sustainability. The Climate Registry (TCR): UC Berkeley reports greenhouse gas (GHG) emissions data to The Climate Registry, a non-profit organization that provides standardized methods for measuring and reporting carbon emissions. Through TCR, UC Berkeley submits verified annual GHG inventories, which are then made publicly accessible. This reporting helps ensure transparency and accuracy in tracking emissions over time.",,True
"University of California, Berkeley",2-29,Approach to stakeholder engagement,component,PA-3,"Description of other mechanisms used to consult students on institutional decisions, plans, or policies","Each year, one UC student is appointed as a Student Regent with voting rights, representing all UC students on the Board. Additionally, a Student Regent-designate is selected to serve a year as a non-voting member before transitioning to the voting position. These Student Regents have the responsibility to advocate for student perspectives and engage with systemwide issues, bringing student concerns directly to the Regents’ decision-making process. The Student Regent is a voting member of The Regents of the University of California, attending all meetings of the Board and its Committees and serving a one-year term. This position is not elected but is filled by application and open to all students currently enrolled in the UC system. From the time of appointment as a Student Regent, but prior to the commencement of service as a member of the Board, the appointee holds the title Regent-designate and is invited to participate in all meetings of the Board and of its Committees, but without a vote.",,True
"University of California, Berkeley",2-29,Approach to stakeholder engagement,component,PA-3,"Description of other mechanisms used to consult academic staff on institutional decisions, plans, or policies",Berkeley Academic Senate: https://academic-senate.berkeley.edu/,,True
"University of California, Berkeley",2-29,Approach to stakeholder engagement,component,PA-3,"Narrative and/or website URL outlining the ad hoc mechanisms used during the previous three years to consult local community members on institutional decisions, plans, or policies","The Government and Community Relations unit of the Chancellor’s Office partners with the Berkeley City Manager’s Office to facilitate the meetings of the Berkeley City Council’s Special City/UC/Student Committee , which meets at least once each semester. Known as the 4x6 Committee, the special committee includes the (4) City Councilmembers who represent neighborhoods that are adjacent to the campus, (2) representatives of the undergraduate student government, (2) representatives of the graduate student government, and (2) campus administrators. The committee agendas and discussions focus on issues of mutual concern, including presentations on the university’s Capital Projects and university programs and initiatives that are of shared interest to the stakeholders. UC Berkeley’s Government and Community Relations (GCR) website: https://chancellor.berkeley.edu/gcr",,True
"University of California, Berkeley",2-29,Approach to stakeholder engagement,component,PA-3,Does the institution have one or more ongoing bodies through which local community-based organizations not affiliated with the institution can democratically participate in its governance?,Yes,,True
"University of California, Berkeley",3-2,List of material topics,partial,PA-2,Has the institution adopted one or more measurable sustainability objectives that address campus operations?,Yes,,True
"University of California, Berkeley",3-2,List of material topics,partial,PA-2,"Has the institution adopted one or more measurable sustainability objectives that address teaching, learning, and/or research?",Yes,,True
"University of California, Berkeley",3-2,List of material topics,partial,PA-2,Has the institution adopted one or more measurable sustainability objectives that address racial equity and/or social justice?,Yes,,True
"University of California, Berkeley",3-3,Management of material topics,partial,PA-2,Narrative listing the institution’s measurable sustainability objectives that address campus operations,"UC Berkeley follows the UC systemwide Sustainable Practices Policy . Section III. C. outlines the goals that all UC locations have to meet, including reducing all emissions by at least 90% by 2045 and eliminating the remaining emissions through carbon capture and storage credits (section III.C.1.). UC Berkeley's Sustainability Plan includes a section on Climate & Resiliency which outlines plans to ""accelerate a just and equitable transition to a resilient, clean energy, and zero carbon campus."" UC Berkeley has already set ambitious greenhouse gas emissions reduction targets and identified multiple strategies for achieving the target. Waste goals for UC: - Achieve zero waste by prioritizing reduce, reuse, and then recycle and compost (or other forms of organic recycling) by the following: Reduce 25% per capita from FY 2015/16 levels by 2025 - Reduce 50% per capita from FY 2015/16 levels by 2030 - Divert 90% of municipal solid waste from the landfill UC Berkeley-specific waste goals: - Eliminate all non-essential single use plastic for which there is a viable alternative by end of calendar year 2030 UC goals for food & dining: - By 2030, 25% of food spend will be on sustainable food* products while maintaining accessibility and affordability for all students Moreover, the Berkeley Clean Energy Campus initiative states the following strategies: - Reduce 90% GHG Emissions from 2019 by 2045. - Support the planning and efforts to update the main campus heating, cooling and power system to operate primarily on clean electricity by 2030. This major capital improvement can reduce campus emissions by 60-80%. - Reduce short-lived climate pollutants including black carbon and methane. - Support the phase out hydrofluorocarbons (HFCs) by 2030. - Engage in efforts to increase telework options for employees and improve campus space utilization. https://sustainability.berkeley.edu/sites/default/files/uc_berkeley_sustainability_plan_2020_1.pdf The 2020 Green Labs Action Plan identifies near-term initiatives and responsibilities as well as longer-range ideas for Green Labs. The Green Labs Program was created to improve sustainable practices within research and teaching labs on campus with the goal to incorporate the use of water reduction, waste elimination and energy saving technology, along with actions and procurement strategies for researchers, instructors, and lab spaces. Every year Green Labs will focus on manageable projects within key areas identified by the program to aid the larger theme of sustainability that accomplishes water, energy or waste reduction in campus labs. Key actions & targets for 2020-2022 are outlined in the Green Labs Action Plan. https://sustainability.berkeley.edu/sites/default/files/uc_berkeley_green_labs_action_plan_may_2020.pdf The 2019 Zero Waste Plan outlines a variety of different strategies and approaches to achieve zero waste. Cal Zero Waste has expanded and grown the current portfolio of programs. Zero Waste October includes interactive and engagement elements; Cal Zero Waste will facilitate more conversations with Capital Projects to increase collaboration. Cal Zero Waste also facilitates conversations between procurement and also Green Labs to work on zero waste in laboratories and research spaces on campus. https://facilities.berkeley.edu/sites/default/files/2019_uc_berkeley_zero_waste_plan_final.pdf The 2021 Long Range Development Plan (LRDP) describes a framework for land use and investment to meet the academic goals and objectives of the University. The companion Environmental Impact Report provides information on the environmental implications of the LRDP and includes an extended treatment of potential impacts and mitigation best practices. Goal: Plan every new project to serve as a model of resource conservation and environmental stewardship (LRDP) Key Strategies: - Implement an ongoing program of investment to restore and renew the campus park landscape; implement a program of strategic investment in new and enhanced campus open park spaces. (LRDP) - Continue to manage runoff into storm drain systems such that the aggregate effect of projects implementing the 2020 LRDP is no net increase in runoff over existing conditions. (LRDP EIR) - Continue to revise and implement the Strawberry Creek Management Plan (SCMP) to include recommendations for habitat restoration and enhancement along specific segments of the creek. (LRDP EIR) - Continue implementing an urban runoff management program as published in the Strawberry Creek Management Plan. (LRDP EIR) - Manage the natural preserves based on ecological principles, including replacing invasive exotic plants with native plants suited to this biotic zone, replacing unhealthy plants and plants at the ends of their natural lives, and preserving and enhancing the habitat value of the zone. (LRDP) https://capitalstrategies.berkeley.edu/planning-documents",,True
"University of California, Berkeley",3-3,Management of material topics,partial,PA-1,Narrative outlining the activities and substantive accomplishments of the institution-wide coordinating body or officer during the previous three years,"The UC Berkeley Office of Sustainability provides campus leadership by setting ambitious sustainability goals and strategies and by accelerating the achievement of these goals through project implementation, planning, partnerships and community engagement. Our mission is to integrate cutting-edge sustainability practices into our operations, foster the culture of sustainability at home and in the world, and enable and improve excellence in sustainability. Some recent achievements led by the Sustainability Officer: - Earned the #1 spot in the first ever QS World University Sustainability Rankings - Helped lead the development of a clean electrified campus energy system which is slated for completion by 2035 - Helped secure $249 million from the State of California for the Berkeley Clean Energy Campus project - Led the climate change resilience strategy through the CACS Working Group - Certified staff as Sustainability Staff Advisors using a new Office of Sustainability Staff Training and Certification Program Additionally, UC Berkeley's highlighted achievements can be found in UC systemwide annual sustainability reports: http://ucop.edu/sustainability/policy-areas/annual-reports.html https://cleanenergycampus.berkeley.edu/sites/default/files/irap_final_05-2024_-_aei_report_version_2.pdf",,True
"University of California, Berkeley",3-3,Management of material topics,partial,PA-2,"Has the institution made a public commitment to sustainability, as evidenced by an external commitment or a published plan?",Yes,,True
"University of California, Berkeley",202-1,Ratios of standard entry level wage by gender compared to local minimum wage,partial,PA-13,Percentage of employees that receive remuneration equivalent to at least a living wage,96.20,,True
"University of California, Berkeley",202-1,Ratios of standard entry level wage by gender compared to local minimum wage,partial,PA-13,Living wage,39.62,,True
"University of California, Berkeley",302-1,Energy consumption within the organization,equivalent,OP-5,Total annual energy consumption,"78,414.00",Megawatt-hours,True
"University of California, Berkeley",302-1,Energy consumption within the organization,component,OP-5,Total electricity consumption,"47,744.70",Megawatt-hours,True
"University of California, Berkeley",302-1,Energy consumption within the organization,component,OP-5,Total stationary fuel consumption,"30,414",Megawatt-hours,True
"University of California, Berkeley",302-1,Energy consumption within the organization,partial,OP-5,Annual renewable energy consumption,"18,173",Megawatt-hours,True
"University of California, Berkeley",302-1,Energy consumption within the organization,component,OP-5,Renewable stationary fuels,0,Megawatt-hours,True
"University of California, Berkeley",302-1,Energy consumption within the organization,component,OP-5,Total heating and cooling from off-site sources,255.30,Megawatt-hours,True
"University of California, Berkeley",302-1,Energy consumption within the organization,component,OP-5,On-site renewable electricity exported,0,Megawatt-hours,True
"University of California, Berkeley",302-3,Energy intensity,intensity,OP-5,Annual energy consumption per person,"1,346.02",Kilowatt-hours,True
"University of California, Berkeley",302-3,Energy intensity,intensity,OP-5,Annual energy consumption per unit of floor area,52.17,Kilowatt-hours per square meter,True
"University of California, Berkeley",303-1,Interactions with water as a shared resource,partial,OP-3,Level of physical water quantity risk for the institution’s main campus,High,,True
"University of California, Berkeley",303-1,Interactions with water as a shared resource,component,OP-3,Does the institution harvest rainwater on-site for storage and use?,Yes,,True
"University of California, Berkeley",303-3,Water withdrawal,equivalent,OP-3,Total water withdrawal,"2,092,006",Cubic meters,True
"University of California, Berkeley",303-3,Water withdrawal,component,OP-3,Potable water from off-site sources,"2,092,006",Cubic meters,True
"University of California, Berkeley",303-3,Water withdrawal,component,OP-3,Potable water from on-site sources,0,Cubic meters,True
"University of California, Berkeley",305-1,Direct (Scope 1) GHG emissions,equivalent,OP-6,Annual scope 1 GHG emissions,,,False
"University of California, Berkeley",305-1,Direct (Scope 1) GHG emissions,component,OP-6,Scope 1 GHG emissions from stationary combustion,"134,957",Metric tons of CO2 equivalent,True
"University of California, Berkeley",305-1,Direct (Scope 1) GHG emissions,component,OP-6,Scope 1 GHG emissions from mobile combustion,"1,676",Metric tons of CO2 equivalent,True
"University of California, Berkeley",305-1,Direct (Scope 1) GHG emissions,component,OP-6,Scope 1 GHG fugitive emissions,76,Metric tons of CO2 equivalent,True
"University of California, Berkeley",305-1,Direct (Scope 1) GHG emissions,component,OP-6,Scope 1 GHG process emissions,,,False
"University of California, Berkeley",305-1,Direct (Scope 1) GHG emissions,partial,OP-6,GHG emissions from biogenic sources,0,Metric tons of CO2 equivalent,True
"University of California, Berkeley",305-2,Energy indirect (Scope 2) GHG emissions,equivalent,OP-6,Annual scope 2 GHG emissions,,,False
"University of California, Berkeley",305-2,Energy indirect (Scope 2) GHG emissions,component,OP-6,Scope 2 GHG emissions from off-site sources of electricity (market-based),"1,256",Metric tons of CO2 equivalent,True
"University of California, Berkeley",305-2,Energy indirect (Scope 2) GHG emissions,component,OP-6,Scope 2 GHG emissions from off-site sources of electricity (location-based),,,False
"University of California, Berkeley",305-2,Energy indirect (Scope 2) GHG emissions,component,OP-6,Scope 2 GHG emissions from off-site sources of heating and cooling,0,Metric tons of CO2 equivalent,True
"University of California, Berkeley",305-3,Other indirect (Scope 3) GHG emissions,component,OP-6,Scope 3 GHG emissions from business travel,"19,913",Metric tons of CO2 equivalent,True
"University of California, Berkeley",305-3,Other indirect (Scope 3) GHG emissions,component,OP-6,Scope 3 GHG emissions from commuting,"12,836",Metric tons of CO2 equivalent,True
"University of California, Berkeley",305-3,Other indirect (Scope 3) GHG emissions,component,OP-6,Scope 3 GHG emissions from purchased goods and services,,,False
"University of California, Berkeley",305-3,Other indirect (Scope 3) GHG emissions,component,OP-6,Scope 3 GHG emissions from capital goods,,,False
"University of California, Berkeley",305-3,Other indirect (Scope 3) GHG emissions,component,OP-6,Scope 3 GHG emissions from waste generated in operations,728,Metric tons of CO2 equivalent,True
"University of California, Berkeley",305-3,Other indirect (Scope 3) GHG emissions,component,OP-6,Scope 3 GHG emissions from fuel- and energy-related activities not included in scope 1 or scope 2,22,Metric tons of CO2 equivalent,True
"University of California, Berkeley",305-4,GHG emissions intensity,intensity,OP-6,Annual scope 1 and 2 GHG emissions per person,"2,368.25",Kilograms of CO2 equivalent,True
"University of California, Berkeley",305-4,GHG emissions intensity,intensity,OP-6,Annual scope 1 and 2 GHG emissions per unit of floor area,91.79,Kilograms per square meter,True
"University of California, Berkeley",305-5,Reduction of GHG emissions,partial,OP-6,Percentage reduction in scope 1 and 2 GHG emissions from baseline,9.83,,True
"University of California, Berkeley",306-2,Management of significant waste-related impacts,component,OP-11,"Does the institution have a surplus program through which institution-owned items that are no longer needed are stored for eventual sale, donation, or reuse?",Yes,,True
"University of California, Berkeley",306-2,Management of significant waste-related impacts,component,OP-11,Does the institution have or participate in a reuse program through which employees and/or students can donate personal items for redistribution?,Yes,,True
"University of California, Berkeley",306-2,Management of significant waste-related impacts,component,OP-11,Has the institution eliminated the on-site use of at least one form of single-use disposable plastic?,Yes,,True
"University of California, Berkeley",306-2,Management of significant waste-related impacts,component,OP-11,Does the institution have a hazardous waste management program or protocol that includes measures to minimize or reduce the use of hazardous materials?,Yes,,True
"University of California, Berkeley",306-2,Management of significant waste-related impacts,component,OP-11,Narrative and/or website URL providing an overview of the institution’s composting program,UC Berkeley campus has integrated composting into all of our collection systems and its sent to an industrial compost facility. https://facilities.berkeley.edu/operating-units/campus-operations/cal-zero-waste,,True
"University of California, Berkeley",306-2,Management of significant waste-related impacts,component,OP-12,Does the institution have sufficient data on construction and demolition waste to pursue this indicator?,Yes,,True
"University of California, Berkeley",306-3,Waste generated,partial,OP-12,Annual non-hazardous waste generated,"7,732.13",Metric tons,True
"University of California, Berkeley",306-3,Waste generated,component,OP-12,Annual construction and demolition waste generated,"4,753.09",Metric tons,True
"University of California, Berkeley",306-4,Waste diverted from disposal,component,OP-12,Total non-hazardous waste diverted from disposal,"4,254.13",Metric tons,True
"University of California, Berkeley",306-4,Waste diverted from disposal,component,OP-12,Non-hazardous waste recycled,"1,576",Metric tons,True
"University of California, Berkeley",306-4,Waste diverted from disposal,component,OP-12,Non-hazardous waste composted,"2,554",Metric tons,True
"University of California, Berkeley",306-4,Waste diverted from disposal,component,OP-12,Non-hazardous waste prepared for reuse,124.13,Metric tons,True
"University of California, Berkeley",306-4,Waste diverted from disposal,component,OP-12,Total construction and demolition waste diverted from disposal,"3,452.02",Metric tons,True
"University of California, Berkeley",306-4,Waste diverted from disposal,component,OP-12,Construction and demolition waste recycled,"2,858.23",Metric tons,True
"University of California, Berkeley",306-5,Waste directed to disposal,component,OP-12,Non-hazardous waste disposed of to a landfill or incinerator,"3,478",Metric tons,True
"University of California, Berkeley",306-5,Waste directed to disposal,component,OP-12,Construction and demolition waste disposed of to a landfill or incinerator,"1,301.07",Metric tons,True
"University of California, Berkeley",308-1,New suppliers that were screened using environmental criteria,partial,OP-9,Does the institution’s supplier code of conduct include one or more expectations in regard to environmental impact that exceed or are additional to regulatory compliance?,Yes,,True
"University of California, Berkeley",308-1,New suppliers that were screened using environmental criteria,partial,OP-9,Percentage of bid solicitations that identify supplier sustainability considerations,100,,True
"University of California, Berkeley",401-2,Benefits provided to full-time employees that are not provided to temporary or part-time employees,partial,PA-12,Percentage of employees eligible for paid all-gender family/medical leave,100,,True
"University of California, Berkeley",401-3,Parental leave,partial,PA-12,Number of weeks of paid maternity leave,12,,True
"University of California, Berkeley",401-3,Parental leave,partial,PA-12,Narrative and/or website URL providing an overview of the maternity leave options available to employees,"https://ucnet.universityofcalifornia.edu/wp-content/uploads/forms/pdf/pregnancy-newborn-child-and-adopted-child.pdf To be eligible for leave under the FMLA and/or CFRA, you need to have worked at UC for at least 12 cumulative months and must have worked at least 1,250 hours during the 12 months immediately before the date you wish to begin FML. To be eligible for leave under PDLL, you simply need to be employed and disabled by pregnancy. LENGTH OF LEAVE The FMLA and CFRA generally entitle an eligible employee to up to 12 workweeks of leave for qualifying reasons. If your leave qualifies under both statutes, it runs concurrently under both. Pregnancy disability leave qualifies under the FMLA and PDLL, but not under CFRA. Parental bonding leave qualifies under both the FMLA and CFRA, provided that the leave is taken within 12 months of the birth of your child or, in the case of an adoption or foster care placement, within 12 months of the child’s placement with you.",,True
"University of California, Berkeley",403-1,Occupational health and safety management system,partial,PA-11,Narrative and/or website URL providing an overview of the institution’s workplace health and safety committees,https://ehs.berkeley.edu/workplace-safety,,True
"University of California, Berkeley",403-3,Occupational health services,partial,PA-11,Does the institution make physical health services available to employees?,Yes,,True
"University of California, Berkeley",403-4,"Worker participation, consultation, and communication on occupational health and safety",component,PA-11,Does the institution have an institution-wide health and safety committee or network of committees that brings together workers and management in the development and review of workplace health and safety policies and procedures?,Yes,,True
"University of California, Berkeley",403-4,"Worker participation, consultation, and communication on occupational health and safety",component,PA-11,Narrative and/or website URL providing an overview of the institution’s workplace health and safety committees,https://ehs.berkeley.edu/workplace-safety,,True
"University of California, Berkeley",403-6,Promotion of worker health,component,PA-11,Does the institution make physical health services available to employees?,Yes,,True
"University of California, Berkeley",403-6,Promotion of worker health,component,PA-11,Does the institution make behavioral health services available to employees?,Yes,,True
"University of California, Berkeley",403-6,Promotion of worker health,component,PA-11,Does the institution make free or reduced cost fitness activities available to employees?,Yes,,True
"University of California, Berkeley",403-6,Promotion of worker health,component,PA-11,Does the institution prohibit smoking and tobacco use across the entire campus?,Yes,,True
"University of California, Berkeley",403-6,Promotion of worker health,component,PA-11,Does the institution make contemplative and/or spiritual activities available to employees?,Yes,,True
"University of California, Berkeley",405-1,Diversity of governance bodies and employees,partial,PA-7,Ethnic diversity index for executive staff,0.51,,True
"University of California, Berkeley",405-1,Diversity of governance bodies and employees,component,PA-8,Percentage of executive staff that identify as women or other marginalized gender identities,50,,True
"University of California, Berkeley",405-1,Diversity of governance bodies and employees,component,PA-8,Percentage of regular/permanent academic staff that identify as women or other marginalized gender identities,36.70,,True
"University of California, Berkeley",405-1,Diversity of governance bodies and employees,component,PA-8,Percentage of regular/permanent non-academic staff that identify as women or other marginalized gender identities,56.50,,True
"University of California, Berkeley",405-1,Diversity of governance bodies and employees,partial,PA-7,Ethnic diversity index for academic staff,0.50,,True
"University of California, Berkeley",405-1,Diversity of governance bodies and employees,partial,PA-7,Ethnic diversity index for non-academic staff,0.69,,True
University College Cork,2-1,Organizational details,component,PRE-3,Institutional control,Public,,True
University College Cork,2-2,Entities included in the organization’s sustainability reporting,component,PRE-3,Narrative outlining the institutional boundary used to complete this report,"This submission covers all of UCC main campus and satellite campuses that are under the management of UCC Buildings and Estates office. Subsidiary companies are not included in this submission, these include Campus Accommodation, the Mardyke Arena, the Student Centre and the Irish Management Institute (Dublin). As per guidelines, rented multi-tenant buildings are not included.",,True
University College Cork,2-3,"Reporting period, frequency and contact point",partial,OP-6,Performance year for scope 1 and 2 GHG emissions,2024,,True
University College Cork,2-3,"Reporting period, frequency and contact point",partial,PRE-4,List of personnel who led the reporting process,"Dr Maria Kirrane, Head of Sustainability and Climate",,True
University College Cork,2-5,External assurance,component,PRE-4,Were any independent audits or external assurance processes used in the preparation of this report?,Yes,,True
University College Cork,2-5,External assurance,component,PRE-4,Narrative outlining the independent audits or external assurance processes used in the preparation of this report,"Emissions figures were verified by the University's contracted carbon footprint provider, Sustineo.",,True
University College Cork,2-6,"Activities, value chain and other business relationships",partial,PRE-3,Which of the following features are included within the institutional boundary?,Medical school Museum Satellite campus(es),,True
University College Cork,2-7,Employees,partial,PRE-3,Full-time equivalent of employees,"3,643",,True
University College Cork,2-9,Governance structure and composition,component,PA-3,Are one or more academic staff representatives included as members of the institution’s highest decision-making body?,Yes,,True
University College Cork,2-9,Governance structure and composition,component,PA-3,Are one or more staff members representing non-managerial workers included as members of the institution’s highest decision-making body?,Yes,,True
University College Cork,2-9,Governance structure and composition,component,PA-3,Are one or more student representatives included as members of the institution’s highest decision-making body?,Yes,,True
University College Cork,2-9,Governance structure and composition,component,PA-3,Narrative and/or website URL outlining academic staff representation on the institution’s highest decision-making body,Two spaces on the UCC Governing Authority democratically elected by staff of UCC. https://www.ucc.ie/en/ocla/gov/ga/members/,,True
University College Cork,2-13,Delegation of responsibility for managing impacts,component,PA-1,Does the institution have one or more sustainability officers?,Yes,,True
University College Cork,2-13,Delegation of responsibility for managing impacts,component,PA-1,"Is at least one of the institution’s sustainability committees, officers, or offices charged with coordinating various campus constituencies in the advancement of sustainability across the entire institution?",Yes,,True
University College Cork,2-13,Delegation of responsibility for managing impacts,component,PA-1,Narrative and/or website URL providing an overview of the institution’s sustainability officers,"Dr Maria Kirrane is the University's Head of Sustianability and Climate Action, while Sandra Barry serves as Sustainability Support Officer. Irene Ní Shúilleabháin works specifically on student engagement, as Greenshoots coordinator.",,True
University College Cork,2-14,Role of the highest governance body in sustainability reporting,partial,PRE-1,Executive cover letter,03.03.26-STARSProgrammeSubmission.pdf,,True
University College Cork,2-22,Statement on sustainable development strategy,partial,PA-2,Narrative detailing the institution’s guiding vision or goals for sustainability and the plan(s) in which they are published,"The Sustainability and Climate Action Plan (2023-2028) builds on the successes of UCC’s Sustainability Strategy (2016) and sets out how UCC will continue to embed sustainability goals and targets across all aspects of the University’s educational, research, ancillary operations, infrastructural developments and interactions with the community. This plan seeks to help us as a university navigate this path and help shape and inspire a world that protects our environment and our society and furthers University College Cork’s commitment to a sustainable future. UCC aims to achieve significant targets including becoming a zero waste campus by 2030 and a carbon neutral campus by 2040.",,True
University College Cork,2-23,Policy commitments,component,PA-2,"Has the institution made a public commitment to sustainability, as evidenced by an external commitment or a published plan?",Yes,,True
University College Cork,2-23,Policy commitments,component,PA-2,Narrative and/or website URL outlining the institution’s external sustainability commitments that include a reporting requirement,UCC is required by the Irish government to reduce our absolute GHG emissions by 51% by 2030. The University must produce annual roadmaps outlining how it intends to achieve these targets. UCC's most recent Climate Action Roadmap can be viewed here: https://www.ucc.ie/en/media/support/sustainabilityandclimateaction/UCCClimateActionRoadmap2024FINALv02.pdf,,True
University College Cork,2-24,Embedding policy commitments,component,OP-9,Does the institution have a published code of conduct to guide suppliers on the institution’s social and environmental expectations for them?,Yes,,True
University College Cork,2-24,Embedding policy commitments,component,EN-3,Does the institution make available sustainability-focused training opportunities to non-academic staff on at least an annual basis?,Yes,,True
University College Cork,2-24,Embedding policy commitments,partial,PA-1,Narrative outlining the activities and substantive accomplishments of the institution-wide coordinating body or officer during the previous three years,"The Head of Sustainability and Climate Action coordinates the Office of Sustainability and Climate Action. This office also coordinates the Green Campus Committee, Green Forum and ULT Subcommittee on Sustainability and Climate Action. Activities and accomplishments over the last three years include: - Publication of the University's Sustainability and Climate Action Plan - Awarding of the University's 5th Green Flag from the Foundation for Environmental Education - Consistent top ten UI Green Metric Ranking - Coordination of the Green Campus Living Laboratory Fund.",,True
University College Cork,2-25,Processes to remediate negative impacts,partial,PA-12,Does the institution publish information on grievance resolution in a format that is accessible to all employees?,Yes,,True
University College Cork,2-26,Mechanisms for seeking advice and raising concerns,component,PA-12,Does the institution publish information on whistleblower protections in a format that is accessible to all employees?,Yes,,True
University College Cork,2-26,Mechanisms for seeking advice and raising concerns,component,PA-12,Narrative and/or website URL providing an overview of the institution’s published measures to protect employee rights,https://www.ucc.ie/en/edi/sexual-violence-harassment-framework/ https://www.ucc.ie/en/hr/policies/relations/grievance/ https://www.ucc.ie/en/ocla/policy/disclosures-policy/ Freedom of Association is a fundamental right under the irish constitution and https://www.citizensinformation.ie/en/government-in-ireland/irish-constitution-1/constitution-fundamental-rights/ Information on the UCC Trade Union IFUT is available here: https://www.ucc.ie/en/rsa/our-partners/ifut/,,True
University College Cork,2-28,Membership associations,partial,PA-2,Narrative and/or website URL outlining the institution’s external sustainability commitments that include a reporting requirement,UCC is required by the Irish government to reduce our absolute GHG emissions by 51% by 2030. The University must produce annual roadmaps outlining how it intends to achieve these targets. UCC's most recent Climate Action Roadmap can be viewed here: https://www.ucc.ie/en/media/support/sustainabilityandclimateaction/UCCClimateActionRoadmap2024FINALv02.pdf,,True
University College Cork,2-29,Approach to stakeholder engagement,component,PA-3,"Description of other mechanisms used to consult students on institutional decisions, plans, or policies","Born from UCC’s strategic plan, the UCC Student Forum is an exercise in deliberative and participatory democracy that places students at the heart of important strategic and policy issues facing UCC as a community. UCC is committed to widening participation, an intention that goes beyond mere access but extends to active involvement in decision-making. The model chosen for the Student Forum is that of the Irish Citizens’ Assembly . Some of the main aims of the Forum are to strengthen transparency and integrity in decision making and to facilitate good decision making. As a university, we are consciously cultivating citizens who shape society for the common good and betterment of humanity and the planet. Therefore, via ‘sortition’, we committed to creating a truly representative assembly of students who displayed civic and leadership capacities through constructive participation.",,True
University College Cork,2-29,Approach to stakeholder engagement,component,PA-3,"Description of other mechanisms used to consult academic staff on institutional decisions, plans, or policies","The Academic Leadership Forum in UCC is Non-executive forum for academic leadership of the University. Reference group for academic leadership and strategy. Initiates discussions on matters of common University interest for reference to Academic Council or Academic Board, e.g. CAO quotas, postgraduate intake, academic strategy. Coordinates University input and advise on academic matters, e.g. HEA calls, DES calls, skills agenda, IUA, EUA Promotes inter-disciplinarity and research-based approaches for the University. Acts as a forum for sharing and developing cross-University academic initiatives. Enables a greater connection between teaching and research and across Colleges, Schools, the Library and Information Services.",,True
University College Cork,2-29,Approach to stakeholder engagement,component,PA-3,"Narrative and/or website URL outlining the ad hoc mechanisms used during the previous three years to consult local community members on institutional decisions, plans, or policies","UCC supports and actively engages with the local Magazine Road Residents Association, example of this engagement can be seen here - https://magazineroadresidents.com/ - https://www.ucc.ie/en/accommodation/localcommunitymember/",,True
University College Cork,2-29,Approach to stakeholder engagement,component,PA-3,Does the institution have one or more ongoing bodies through which local community-based organizations not affiliated with the institution can democratically participate in its governance?,Yes,,True
University College Cork,3-2,List of material topics,partial,PA-2,Has the institution adopted one or more measurable sustainability objectives that address campus operations?,Yes,,True
University College Cork,3-2,List of material topics,partial,PA-2,"Has the institution adopted one or more measurable sustainability objectives that address teaching, learning, and/or research?",Yes,,True
University College Cork,3-2,List of material topics,partial,PA-2,Has the institution adopted one or more measurable sustainability objectives that address racial equity and/or social justice?,Yes,,True
University College Cork,3-3,Management of material topics,partial,PA-2,Narrative listing the institution’s measurable sustainability objectives that address campus operations,"Within the University's Sustainability and Climate Action Plan 2023-28, UCC has committed to a number of objectives regarding campus operations, a selection of these include: - Exceed government target of reducing scope 1 and 2 GHG emissions by 51% by 2030 and achieving net zero total GHG emissions by 2040. - Implement and adapt our estate management policies and infrastructure to mitigate the impacts of climate change. - Capitalise on funding opportunities to deliver carbon reduction programmes and see the UCC campus act as a Living Laboratory for solutions to climate change. - Prioritise the protection of campus green space in line with UCC Campus Masterplan and promote restoration where possible. - Trial innovative approaches to waste reduction and reuse in collaboration with internal and external stakeholders",,True
University College Cork,3-3,Management of material topics,partial,PA-1,Narrative outlining the activities and substantive accomplishments of the institution-wide coordinating body or officer during the previous three years,"The Head of Sustainability and Climate Action coordinates the Office of Sustainability and Climate Action. This office also coordinates the Green Campus Committee, Green Forum and ULT Subcommittee on Sustainability and Climate Action. Activities and accomplishments over the last three years include: - Publication of the University's Sustainability and Climate Action Plan - Awarding of the University's 5th Green Flag from the Foundation for Environmental Education - Consistent top ten UI Green Metric Ranking - Coordination of the Green Campus Living Laboratory Fund.",,True
University College Cork,3-3,Management of material topics,partial,PA-2,"Has the institution made a public commitment to sustainability, as evidenced by an external commitment or a published plan?",Yes,,True
University College Cork,202-1,Ratios of standard entry level wage by gender compared to local minimum wage,partial,PA-13,Percentage of employees that receive remuneration equivalent to at least a living wage,100,,True
University College Cork,202-1,Ratios of standard entry level wage by gender compared to local minimum wage,partial,PA-13,Living wage,15.40,,True
University College Cork,302-1,Energy consumption within the organization,equivalent,OP-5,Total annual energy consumption,"55,148.70",Megawatt-hours,True
University College Cork,302-1,Energy consumption within the organization,component,OP-5,Total electricity consumption,"32,599.70",Megawatt-hours,True
University College Cork,302-1,Energy consumption within the organization,component,OP-5,Total stationary fuel consumption,"22,549",Megawatt-hours,True
University College Cork,302-1,Energy consumption within the organization,partial,OP-5,Annual renewable energy consumption,0.70,Megawatt-hours,True
University College Cork,302-1,Energy consumption within the organization,component,OP-5,Renewable stationary fuels,0,Megawatt-hours,True
University College Cork,302-1,Energy consumption within the organization,component,OP-5,Total heating and cooling from off-site sources,0,Megawatt-hours,True
University College Cork,302-1,Energy consumption within the organization,component,OP-5,On-site renewable electricity exported,0,Megawatt-hours,True
University College Cork,302-3,Energy intensity,intensity,OP-5,Annual energy consumption per person,"2,139.20",Kilowatt-hours,True
University College Cork,302-3,Energy intensity,intensity,OP-5,Annual energy consumption per unit of floor area,195.31,Kilowatt-hours per square meter,True
University College Cork,303-1,Interactions with water as a shared resource,partial,OP-3,Level of physical water quantity risk for the institution’s main campus,Low-medium,,True
University College Cork,303-1,Interactions with water as a shared resource,component,OP-3,Does the institution harvest rainwater on-site for storage and use?,Yes,,True
University College Cork,303-3,Water withdrawal,equivalent,OP-3,Total water withdrawal,"54,153",Cubic meters,True
University College Cork,303-3,Water withdrawal,component,OP-3,Potable water from off-site sources,"54,153",Cubic meters,True
University College Cork,303-3,Water withdrawal,component,OP-3,Potable water from on-site sources,0,Cubic meters,True
University College Cork,305-1,Direct (Scope 1) GHG emissions,equivalent,OP-6,Annual scope 1 GHG emissions,"6,215.78",Metric tons of CO2 equivalent,True
University College Cork,305-1,Direct (Scope 1) GHG emissions,component,OP-6,Scope 1 GHG emissions from stationary combustion,"5,517",Metric tons of CO2 equivalent,True
University College Cork,305-1,Direct (Scope 1) GHG emissions,component,OP-6,Scope 1 GHG emissions from mobile combustion,62.78,Metric tons of CO2 equivalent,True
University College Cork,305-1,Direct (Scope 1) GHG emissions,component,OP-6,Scope 1 GHG fugitive emissions,636,Metric tons of CO2 equivalent,True
University College Cork,305-1,Direct (Scope 1) GHG emissions,component,OP-6,Scope 1 GHG process emissions,,,False
University College Cork,305-1,Direct (Scope 1) GHG emissions,partial,OP-6,GHG emissions from biogenic sources,0,Metric tons of CO2 equivalent,True
University College Cork,305-2,Energy indirect (Scope 2) GHG emissions,equivalent,OP-6,Annual scope 2 GHG emissions,"8,144",Metric tons of CO2 equivalent,True
University College Cork,305-2,Energy indirect (Scope 2) GHG emissions,component,OP-6,Scope 2 GHG emissions from off-site sources of electricity (market-based),"8,144",Metric tons of CO2 equivalent,True
University College Cork,305-2,Energy indirect (Scope 2) GHG emissions,component,OP-6,Scope 2 GHG emissions from off-site sources of electricity (location-based),"8,144",Metric tons of CO2 equivalent,True
University College Cork,305-2,Energy indirect (Scope 2) GHG emissions,component,OP-6,Scope 2 GHG emissions from off-site sources of heating and cooling,0,Metric tons of CO2 equivalent,True
University College Cork,305-3,Other indirect (Scope 3) GHG emissions,component,OP-6,Scope 3 GHG emissions from business travel,"3,565",Metric tons of CO2 equivalent,True
University College Cork,305-3,Other indirect (Scope 3) GHG emissions,component,OP-6,Scope 3 GHG emissions from commuting,"20,991",Metric tons of CO2 equivalent,True
University College Cork,305-3,Other indirect (Scope 3) GHG emissions,component,OP-6,Scope 3 GHG emissions from purchased goods and services,"1,572",Metric tons of CO2 equivalent,True
University College Cork,305-3,Other indirect (Scope 3) GHG emissions,component,OP-6,Scope 3 GHG emissions from capital goods,0,Metric tons of CO2 equivalent,True
University College Cork,305-3,Other indirect (Scope 3) GHG emissions,component,OP-6,Scope 3 GHG emissions from waste generated in operations,,,False
University College Cork,305-3,Other indirect (Scope 3) GHG emissions,component,OP-6,Scope 3 GHG emissions from fuel- and energy-related activities not included in scope 1 or scope 2,"3,318",Metric tons of CO2 equivalent,True
University College Cork,305-4,GHG emissions intensity,intensity,OP-6,Annual scope 1 and 2 GHG emissions per person,557.01,Kilograms of CO2 equivalent,True
University College Cork,305-4,GHG emissions intensity,intensity,OP-6,Annual scope 1 and 2 GHG emissions per unit of floor area,50.86,Kilograms per square meter,True
University College Cork,305-5,Reduction of GHG emissions,partial,OP-6,Percentage reduction in scope 1 and 2 GHG emissions from baseline,26.21,,True
University College Cork,306-2,Management of significant waste-related impacts,component,OP-11,"Does the institution have a surplus program through which institution-owned items that are no longer needed are stored for eventual sale, donation, or reuse?",Yes,,True
University College Cork,306-2,Management of significant waste-related impacts,component,OP-11,Does the institution have or participate in a reuse program through which employees and/or students can donate personal items for redistribution?,Yes,,True
University College Cork,306-2,Management of significant waste-related impacts,component,OP-11,Has the institution eliminated the on-site use of at least one form of single-use disposable plastic?,Yes,,True
University College Cork,306-2,Management of significant waste-related impacts,component,OP-11,Does the institution have a hazardous waste management program or protocol that includes measures to minimize or reduce the use of hazardous materials?,Yes,,True
University College Cork,306-2,Management of significant waste-related impacts,component,OP-11,Narrative and/or website URL providing an overview of the institution’s composting program,Compostable lunchboxes are accepted in the University's food waste bins.,,True
University College Cork,306-2,Management of significant waste-related impacts,component,OP-12,Does the institution have sufficient data on construction and demolition waste to pursue this indicator?,Yes,,True
University College Cork,306-3,Waste generated,partial,OP-12,Annual non-hazardous waste generated,520,Metric tons,True
University College Cork,306-3,Waste generated,component,OP-12,Annual construction and demolition waste generated,"6,914.08",Metric tons,True
University College Cork,306-4,Waste diverted from disposal,component,OP-12,Total non-hazardous waste diverted from disposal,242,Metric tons,True
University College Cork,306-4,Waste diverted from disposal,component,OP-12,Non-hazardous waste recycled,183,Metric tons,True
University College Cork,306-4,Waste diverted from disposal,component,OP-12,Non-hazardous waste composted,59,Metric tons,True
University College Cork,306-4,Waste diverted from disposal,component,OP-12,Non-hazardous waste prepared for reuse,0,Metric tons,True
University College Cork,306-4,Waste diverted from disposal,component,OP-12,Total construction and demolition waste diverted from disposal,"6,837.95",Metric tons,True
University College Cork,306-4,Waste diverted from disposal,component,OP-12,Construction and demolition waste recycled,"5,675.22",Metric tons,True
University College Cork,306-5,Waste directed to disposal,component,OP-12,Non-hazardous waste disposed of to a landfill or incinerator,278,Metric tons,True
University College Cork,306-5,Waste directed to disposal,component,OP-12,Construction and demolition waste disposed of to a landfill or incinerator,76.13,Metric tons,True
University College Cork,308-1,New suppliers that were screened using environmental criteria,partial,OP-9,Does the institution’s supplier code of conduct include one or more expectations in regard to environmental impact that exceed or are additional to regulatory compliance?,No,,True
University College Cork,308-1,New suppliers that were screened using environmental criteria,partial,OP-9,Percentage of bid solicitations that identify supplier sustainability considerations,21,,True
University College Cork,401-2,Benefits provided to full-time employees that are not provided to temporary or part-time employees,partial,PA-12,Percentage of employees eligible for paid all-gender family/medical leave,100,,True
University College Cork,401-3,Parental leave,partial,PA-12,Number of weeks of paid maternity leave,26,,True
University College Cork,401-3,Parental leave,partial,PA-12,Narrative and/or website URL providing an overview of the maternity leave options available to employees,Under the maternity legislation all women are entitled to 42 weeks maternity leave. Payment of maternity leave may be sourced both from the Department of Social Welfare and/or the University. The 42 week entitlement is divided into 26 weeks paid and an additional 16 weeks unpaid. Entitlements to paid leave and unpaid leave are outlined in the Universities maternity leave policy. Employees are entitled to full pay for twenty six (26) weeks. For more information see https://www.ucc.ie/en/hr/policies/leave/maternity/,,True
University College Cork,403-1,Occupational health and safety management system,partial,PA-11,Narrative and/or website URL providing an overview of the institution’s workplace health and safety committees,"The University has a Safety Representative Forum. The aim of the Forum is to enhance the Safety, Health and Welfare of employees at work and help safeguard students and others affected by the work of UCC and secure legal compliance through consultation. Staff safety reps : Represent staff on Safety, Health and Welfare matters (e.g. on a Safety Action Team/Committee or other group) Carry out safety tours of workplaces on request Review Accident/Dangerous Occurrence reports and contribute if appropriate Contribute to initiatives that improve Safety Culture, raise Safety, Health & Welfare awareness etc., all very much focused on the employees point of view. More information is available here: https://www.ucc.ie/en/ocla/erm/healthandsafety/managinghealthsafety/staffsafetyreps/",,True
University College Cork,403-3,Occupational health services,partial,PA-11,Does the institution make physical health services available to employees?,Yes,,True
University College Cork,403-4,"Worker participation, consultation, and communication on occupational health and safety",component,PA-11,Does the institution have an institution-wide health and safety committee or network of committees that brings together workers and management in the development and review of workplace health and safety policies and procedures?,Yes,,True
University College Cork,403-4,"Worker participation, consultation, and communication on occupational health and safety",component,PA-11,Narrative and/or website URL providing an overview of the institution’s workplace health and safety committees,"The University has a Safety Representative Forum. The aim of the Forum is to enhance the Safety, Health and Welfare of employees at work and help safeguard students and others affected by the work of UCC and secure legal compliance through consultation. Staff safety reps : Represent staff on Safety, Health and Welfare matters (e.g. on a Safety Action Team/Committee or other group) Carry out safety tours of workplaces on request Review Accident/Dangerous Occurrence reports and contribute if appropriate Contribute to initiatives that improve Safety Culture, raise Safety, Health & Welfare awareness etc., all very much focused on the employees point of view. More information is available here: https://www.ucc.ie/en/ocla/erm/healthandsafety/managinghealthsafety/staffsafetyreps/",,True
University College Cork,403-6,Promotion of worker health,component,PA-11,Does the institution make physical health services available to employees?,Yes,,True
University College Cork,403-6,Promotion of worker health,component,PA-11,Does the institution make behavioral health services available to employees?,Yes,,True
University College Cork,403-6,Promotion of worker health,component,PA-11,Does the institution make free or reduced cost fitness activities available to employees?,Yes,,True
University College Cork,403-6,Promotion of worker health,component,PA-11,Does the institution prohibit smoking and tobacco use across the entire campus?,No,,True
University College Cork,403-6,Promotion of worker health,component,PA-11,Does the institution make contemplative and/or spiritual activities available to employees?,Yes,,True
University College Cork,405-1,Diversity of governance bodies and employees,partial,PA-7,Ethnic diversity index for executive staff,0,,True
University College Cork,405-1,Diversity of governance bodies and employees,component,PA-8,Percentage of executive staff that identify as women or other marginalized gender identities,47,,True
University College Cork,405-1,Diversity of governance bodies and employees,component,PA-8,Percentage of regular/permanent academic staff that identify as women or other marginalized gender identities,49,,True
University College Cork,405-1,Diversity of governance bodies and employees,component,PA-8,Percentage of regular/permanent non-academic staff that identify as women or other marginalized gender identities,63,,True
University College Cork,405-1,Diversity of governance bodies and employees,partial,PA-7,Ethnic diversity index for academic staff,0.44,,True
University College Cork,405-1,Diversity of governance bodies and employees,partial,PA-7,Ethnic diversity index for non-academic staff,0.34,,True
Technological University Dublin,2-1,Organizational details,component,PRE-3,Institutional control,Public,,True
Technological University Dublin,2-2,Entities included in the organization’s sustainability reporting,component,PRE-3,Narrative outlining the institutional boundary used to complete this report,"TU Dublin consists of three campuses, namely City, Tallaght, and Blanchardstown. The City campus is itself a regroupement of areas such as Grangegorman, Bolton Street, Aungier Street and other smaller building located in Dublin city centre. Our STARS report includes data for all campuses, all estates and buildings, all university functions, all academic and non-academic staff, all students, all research hubs and research outputs collected from Scopus and Arrow (TU Dublin repository). About 60 people have contributed to the data collection and validation. The limitation of the report, addressed in the Operation section, relates to the access of data from food service providers . All data regarding food and beverages mostle come from 1 of 4 food service providers. However service provider serves our City campus which represents, as a headcount, 18,487 students out of 26,677 students (excluding distance learning and e-learning students) and 2,530 out of 3,283 staff. This means that the reported values address 21,017 people out of a headcount of 29,960 people, i.e. 70% of TU Dublin population. Based on FTE values, City campus represents 15,429 out of 22,841 students and 1,970 out of 2,626, i.e 17,399 FTE out of 25,467 FTE representing 68% of the population.",,True
Technological University Dublin,2-3,"Reporting period, frequency and contact point",partial,OP-6,Performance year for scope 1 and 2 GHG emissions,2023,,True
Technological University Dublin,2-3,"Reporting period, frequency and contact point",partial,PRE-4,List of personnel who led the reporting process,Dr. Philippe Lemarchand - Head of Sustainability Intelligence Dr Zeyan Zhao - Data Analyst in Sustainability Intelligence,,True
Technological University Dublin,2-5,External assurance,component,PRE-4,Were any independent audits or external assurance processes used in the preparation of this report?,No,,True
Technological University Dublin,2-5,External assurance,component,PRE-4,Narrative outlining the independent audits or external assurance processes used in the preparation of this report,,,False
Technological University Dublin,2-6,"Activities, value chain and other business relationships",partial,PRE-3,Which of the following features are included within the institutional boundary?,Agricultural school,,True
Technological University Dublin,2-7,Employees,partial,PRE-3,Full-time equivalent of employees,"2,404",,True
Technological University Dublin,2-9,Governance structure and composition,component,PA-3,Are one or more academic staff representatives included as members of the institution’s highest decision-making body?,Yes,,True
Technological University Dublin,2-9,Governance structure and composition,component,PA-3,Are one or more staff members representing non-managerial workers included as members of the institution’s highest decision-making body?,Yes,,True
Technological University Dublin,2-9,Governance structure and composition,component,PA-3,Are one or more student representatives included as members of the institution’s highest decision-making body?,Yes,,True
Technological University Dublin,2-9,Governance structure and composition,component,PA-3,Narrative and/or website URL outlining academic staff representation on the institution’s highest decision-making body,"TU Dublin's highest decision-making body is Governing Body. This includes both student and staff members, including two academic staff members as voting members (Ref 1). Membership profiles (Ref 2). URL References: Ref 1: https://www.tudublin.ie/media/website/explore/about-the-university/governance/documents/TU-Dublin-Governing-Body-Membership-(02-Sept-2024).pdf Ref 2: https://www.tudublin.ie/explore/about-the-university/governance/membership-profiles/",,True
Technological University Dublin,2-13,Delegation of responsibility for managing impacts,component,PA-1,Does the institution have one or more sustainability officers?,Yes,,True
Technological University Dublin,2-13,Delegation of responsibility for managing impacts,component,PA-1,"Is at least one of the institution’s sustainability committees, officers, or offices charged with coordinating various campus constituencies in the advancement of sustainability across the entire institution?",Yes,,True
Technological University Dublin,2-13,Delegation of responsibility for managing impacts,component,PA-1,Narrative and/or website URL providing an overview of the institution’s sustainability officers,"TU Dublin has a VP of Sustainability, Jennifer Boyer, who is governing 4 sustainability functions that are ""Sustainability Education"", ""Decarbonisation"", ""Sutainability Intelligence"", and ""Societal Engagement"", and 1 sustainability group ""Sustainability Action Research & Innovation Projects"" (Ref 1). Each sustainability function has a head of function: Dr Brian Gormley, Rosie Webb, Dr Philippe Lemarchand, Helena F1tzgerald. The sustainability group gathers 3 project managers and innovation leads, as well as 2 Green-Campus Co-Chair. By the end of 2023, the sustainability office was composed of 12 females and 6 males. URL References: Ref 1: https://www.tudublin.ie/explore/about-the-university/sustainability/about/sustainability-team/",,True
Technological University Dublin,2-14,Role of the highest governance body in sustainability reporting,partial,PRE-1,Executive cover letter,TU_Dublin_Executive_letter_STARS_Application_2024.pdf,,True
Technological University Dublin,2-21,Annual total compensation ratio,partial,IL-62,The factor by which the compensation of the highest compensated senior administrator exceeds that of the lowest compensated full-time employee,8.08,,True
Technological University Dublin,2-22,Statement on sustainable development strategy,partial,PA-2,Narrative detailing the institution’s guiding vision or goals for sustainability and the plan(s) in which they are published,"TU Dublin’s sustainability vision is centered around its commitment to creating a sustainable, equitable, and environmentally responsible institution, as outlined in several key documents, including the Strategic Intent 2030, the Climate Action Roadmap, and the UN SDGs Progress Report. These plans collectively frame the university’s approach to addressing sustainability challenges and embedding sustainability into its core operations. Key Elements of TU Dublin’s Sustainability Vision: Strategic Intent 2030: TU Dublin’s Strategic Intent 2030 serves as the primary guiding document for sustainability. It focuses on three key pillars: People: Promoting well-being, inclusion, and engagement within the university community. Planet: Aiming to reduce the environmental impact of the university’s operations by targeting carbon neutrality, enhancing resource efficiency, and promoting environmental education. Partnership: Building strong collaborations to advance sustainability goals locally and globally, particularly through partnerships aligned with the UN Sustainable Development Goals (SDGs). Climate Action Roadmap: TU Dublin has also developed a Climate Action Roadmap as part of its broader sustainability strategy. This roadmap outlines the university’s commitment to reducing carbon emissions, enhancing energy efficiency, and transitioning to a more sustainable campus environment. The roadmap provides clear targets for reducing carbon footprints across operations, improving building efficiency, and increasing renewable energy usage. The Climate Action Roadmap aligns closely with SDG 13 (Climate Action) and involves engaging with staff, students, and external stakeholders to meet carbon reduction targets in line with the Irish government’s climate goals. UN SDGs Progress Report 2020: The UN SDGs Progress Report highlights TU Dublin’s alignment with the global SDGs, particularly in areas like SDG 4 (Quality Education), SDG 13 (Climate Action), and SDG 17 (Partnerships for the Goals). The report tracks the university’s sustainability initiatives and its impact on the wider community through education, research, and partnerships aimed at fostering sustainable development. Key Plans and Publications: Strategic Intent 2030: Focuses on embedding sustainability into all university functions. Climate Action Roadmap: Provides a specific plan for addressing carbon emissions and achieving climate-related goals. UN SDGs Progress Report 2020: Monitors the university’s progress towards the UN Sustainable Development Goals. These documents collectively highlight TU Dublin’s comprehensive approach to sustainability, with clear objectives to reduce its environmental footprint and contribute to the global sustainability agenda.",,True
Technological University Dublin,2-23,Policy commitments,component,PA-2,"Has the institution made a public commitment to sustainability, as evidenced by an external commitment or a published plan?",Yes,,True
Technological University Dublin,2-23,Policy commitments,component,PA-2,Narrative and/or website URL outlining the institution’s external sustainability commitments that include a reporting requirement,The following URL and documents highlight our sustainability commitments that include reporting requirements: Strategic Intent 2030 (Ref 1) Sustainability Strategy (Ref 2) Climate Action Roadmap (updated every 6 to 12 months) (Ref 3) TU-Dublin-UN-Sustainability-Goals-Progress-Reports (Ref 4 and Ref 5) URL References: Ref 1: https://www.tudublin.ie/explore/about-the-university/strategicintent/2030/ Ref 2: https://www.tudublin.ie/explore/about-the-university/sustainability/vision--progress/sustainability-strategy/ Ref 3: https://www.tudublin.ie/explore/about-the-university/sustainability/vision--progress/sustainability-strategy/climate-action-roadmap/ Ref 4: https://www.tudublin.ie/media/website/explore/about-the-university/strategic-plan/creating-impact/documents/TU-Dublin-UN-Sustainability-Goals-Progress-Report-2020.pdf Ref 5: https://www.tudublin.ie/media/website/explore/about-the-university/strategic-plan/creating-impact/documents/TU-Dublin-UN-Sustainability-Goals-Progress-Report-2021.pdf,,True
Technological University Dublin,2-24,Embedding policy commitments,component,OP-9,Does the institution have a published code of conduct to guide suppliers on the institution’s social and environmental expectations for them?,Yes,,True
Technological University Dublin,2-24,Embedding policy commitments,component,EN-3,Does the institution make available sustainability-focused training opportunities to non-academic staff on at least an annual basis?,Yes,,True
Technological University Dublin,2-24,Embedding policy commitments,partial,PA-1,Narrative outlining the activities and substantive accomplishments of the institution-wide coordinating body or officer during the previous three years,"TU Dublin Sustainability Education team (Ref 1) is driving the sustainability transformation of the curriculum, professional development and upskilling of staff and students. AASHE recognises TU Dublin as the first Centre for Sustainability Across the Curriculum in Europe (Ref 2). Other major recognitions include: (i) sustainability educaton framework (Ref 3), (ii) the start of the University Education Model led by Academic Affair (Ref 4), (iii) the participation to the Sulitest (Ref 1), (iv) the development of a Sustainability Toolkit (Ref 3), (v) the partnership with UNITAR (Ref 7), (vi) the re-iterated funding of the SATLE project (Ref 8) TU Dublin Sustainable Campus programme (https://www.tudublin.ie/explore/about-the-university/sustainability/sustainable-campus/) bi-annually report the Climate Action Roadmap (CAR) (Ref 9). This is a significant effort that looks at contiuously measuring and reporting Scope 1, 2, and 3 carbon emissions and planning the decarbonisation of the university. A major recognition of the wholistic sustainability measures across campuses is seen with TU Dublin raising the Green Flag at all campuses (Ref 10). TU Dublin Sustainability Intelligence (Ref 11) leads the Digital Transformation programme of the unversity on the sustainability theme. The team looks at gathering all data from all the university to assess and report on the sustainability level of the university, and develop new digital methodology to enhance and consolidate the assessment and report on all sustainability aspects. The sustainability digitalisation programme already produced three web applications that enable to assess the sustainability in the curriculum (analysing the curriculum databases), sustainability in research (analysing all research outputs in the TU Dublin research repository and Scopus), and sustainability in communication (analysing website content). These web apps assess the sustainablity level (Focused, Incluside, or Nothing) of text among the 17 UN SDG. These applications are available to all staff, students, and the public. Another project within the programme is ""Towards a Sustainability University Campus"" (Ref 12) which looks at digitalisation the operation of TU Dublin buildings and campuses with outputs feeding into scope 1, 2 and 3 outputs reported in the Climate Action Roadmap. Further background on TU Dublin ""Digitalisation Transformation"" programme of the universiy: TU Dublin Strategic Plan (Ref 13 and Ref 14) is build 3 sustainability pillars, namely People, Planet, and Partnership. A fouth pillar is ""Enablers"" and includes the ""Digital Transformation"" programme of the university that is made evident across a non-exhaustive list of university activities such as (i) the N-TUTORR project on the Digital Transformation in Teaching and Learning (Ref 15) leading to TU Dublin policy and guidance on Digital Education (Ref 16), (ii) the Technology Services Digital Transformation Programme 24/25 (Ref 17), and (iii) digital transformation courses delivered by various schools in the Faculty of Computing, Digital and Data (Ref 18). URL References: Ref 1: https://www.tudublin.ie/explore/about-the-university/sustainability/sustainability-education/ Ref 2: https://www.tudublin.ie/explore/news/tu-dublin-is-recognised-as-the-first-centre-for-sustainability-across-the-curriculum-in-europe.html Ref 3: https://www.tudublin.ie/explore/about-the-university/sustainability/sustainability-education/sustainability-toolkit/ Ref 4: https://www.tudublin.ie/explore/about-the-university/academic-affairs/lta/lta-resources/ Ref 7: https://www.tudublin.ie/explore/about-the-university/sustainability/about/news-and-events/tu-dublin-and-unitar-establish-strategic-partnership-.php Ref 8: https://www.tudublin.ie/explore/about-the-university/academic-affairs/education-innovation-projects/past-projects/satle2/ Ref 9: https://www.tudublin.ie/explore/about-the-university/sustainability/vision--progress/sustainability-strategy/climate-action-roadmap/ Ref 10: https://www.tudublin.ie/explore/news/tu-dublin-raise-the-green-flag-at-all-campuses-.html#:~:text=TU%20Dublin%20is%20the%20first,strategic%20milestone%20for%20the%20University Ref 11: https://www.tudublin.ie/explore/about-the-university/sustainability/about/sustainability-team/sustainability-intelligence/ Ref 12: https://www.tudublin.ie/explore/about-the-university/sustainability/strategic-projects/action-research/towards-a-sustainable-university-campus/ Ref 13: https://www.tudublin.ie/media/website/explore/about-the-university/strategic-plan/documents/Strategic-Plan-2024-2028-FINAL.pdf Ref 14: https://www.tudublin.ie/explore/about-the-university/strategicintent/2030/ Ref 15: https://www.tudublin.ie/explore/about-the-university/academic-affairs/ntutorr/themes/digital-transformation-in-teaching-and-learning/ Ref 16: https://www.tudublin.ie/explore/about-the-university/academic-affairs/digital-education/ Ref 17: https://www.tudublin.ie/connect/technology-services/about-us/enterprise-systems-and-planning/ict-project-office/technology-services-digital-transformation-programme-24-25/ Ref 18: https://www.tudublin.ie/explore/faculties-and-schools/computing-digital-data/",,True
Technological University Dublin,2-25,Processes to remediate negative impacts,partial,PA-12,Does the institution publish information on grievance resolution in a format that is accessible to all employees?,Yes,,True
Technological University Dublin,2-26,Mechanisms for seeking advice and raising concerns,component,PA-12,Does the institution publish information on whistleblower protections in a format that is accessible to all employees?,Yes,,True
Technological University Dublin,2-26,Mechanisms for seeking advice and raising concerns,component,PA-12,Narrative and/or website URL providing an overview of the institution’s published measures to protect employee rights,"This is a legal obligation covered by Article 11 of the European Convention on Human Rights. In addition to many HR policies, there is support available through unions or the Workplace Relations office.",,True
Technological University Dublin,2-28,Membership associations,partial,PA-2,Narrative and/or website URL outlining the institution’s external sustainability commitments that include a reporting requirement,The following URL and documents highlight our sustainability commitments that include reporting requirements: Strategic Intent 2030 (Ref 1) Sustainability Strategy (Ref 2) Climate Action Roadmap (updated every 6 to 12 months) (Ref 3) TU-Dublin-UN-Sustainability-Goals-Progress-Reports (Ref 4 and Ref 5) URL References: Ref 1: https://www.tudublin.ie/explore/about-the-university/strategicintent/2030/ Ref 2: https://www.tudublin.ie/explore/about-the-university/sustainability/vision--progress/sustainability-strategy/ Ref 3: https://www.tudublin.ie/explore/about-the-university/sustainability/vision--progress/sustainability-strategy/climate-action-roadmap/ Ref 4: https://www.tudublin.ie/media/website/explore/about-the-university/strategic-plan/creating-impact/documents/TU-Dublin-UN-Sustainability-Goals-Progress-Report-2020.pdf Ref 5: https://www.tudublin.ie/media/website/explore/about-the-university/strategic-plan/creating-impact/documents/TU-Dublin-UN-Sustainability-Goals-Progress-Report-2021.pdf,,True
Technological University Dublin,2-29,Approach to stakeholder engagement,component,PA-3,"Description of other mechanisms used to consult students on institutional decisions, plans, or policies","Students in TU Dublin sit on a wide variety of formal committees, working groups, and engage in University-owned surveys on a regular basis. Student representation is virtually always filtered through the Students' Union. Students are engaged in various university groups: USC; Green campus; Student finance committee; Research ethics committee; EUt+ Governing Body",,True
Technological University Dublin,2-29,Approach to stakeholder engagement,component,PA-3,"Description of other mechanisms used to consult academic staff on institutional decisions, plans, or policies","The University committee that decides on resource allocation is the University Executive team, which has five academic Deans on the group (Ref 1). TU Dublin academic staff are actively consulted on decsions via multiple goverance committees, such as Faculty and School Boards, the academic quality processes and procedures, e.g. Academic Quality Assurance and Enhancement Committee (Ref 2). TU Dublin also has a strong trade union for academic staff which is consulted on relevant decisions as a social partner (Ref 3). URL References: Ref 1: https://www.tudublin.ie/explore/about-the-university/uet/ Ref 2: https://www.tudublin.ie/media/website/explore/about-the-university/academic-affairs/documents/AQAEC-Terms-of-Reference-V-1.1.pdf Ref 3: https://www.tudublin.ie/for-staff/human-resources/workplace-relations/",,True
Technological University Dublin,2-29,Approach to stakeholder engagement,component,PA-3,"Narrative and/or website URL outlining the ad hoc mechanisms used during the previous three years to consult local community members on institutional decisions, plans, or policies","The Stoneybatter SEC ""Cosybatter"" is engaged with the Grangegorman Development Agency (managing TU Dublin City - Grangegorman campus) and TU Dublin Estates & Campus Planning, Decarbonisation and Sustainability Intelligence for the provision of renewable energy that may be produced from TU Dublin Grangegorman geothermal project and distributed to loac communities through TU DUblin district heating network. In other words the community have a direct voice into the planning of such decarbonisation project.",,True
Technological University Dublin,2-29,Approach to stakeholder engagement,component,PA-3,Does the institution have one or more ongoing bodies through which local community-based organizations not affiliated with the institution can democratically participate in its governance?,Yes,,True
Technological University Dublin,3-2,List of material topics,partial,PA-2,Has the institution adopted one or more measurable sustainability objectives that address campus operations?,Yes,,True
Technological University Dublin,3-2,List of material topics,partial,PA-2,"Has the institution adopted one or more measurable sustainability objectives that address teaching, learning, and/or research?",Yes,,True
Technological University Dublin,3-2,List of material topics,partial,PA-2,Has the institution adopted one or more measurable sustainability objectives that address racial equity and/or social justice?,Yes,,True
Technological University Dublin,3-3,Management of material topics,partial,PA-2,Narrative listing the institution’s measurable sustainability objectives that address campus operations,"1. TU Dublin Strategic Plan 2024 – 2028 (Ref 1) include clear measurable sustainability objectives for which the sponsor is the VP of Sustainability, and the lead is Rosie Webb. In page 9, our campus related targets are 46.5% reduction in GHG emissions by 2028, and 45% increase in energy efficiency by 2028. These targets are in line with the Climate Action Plan 2021 (CAP21) whereby the public sector must lead by example on climate action to reach the target of reducing Ireland’s greenhouse gas emissions by 51% by 2030 and becoming climate neutral no later than 2050. (Ref 2) URL References: Ref 1: https://www.tudublin.ie/media/website/explore/about-the-university/strategic-plan/documents/Strategic-Plan-2024-2028-FINAL.pdf Ref 2: https://www.gov.ie/en/publication/337b6-public-sector-climate-action-mandate/",,True
Technological University Dublin,3-3,Management of material topics,partial,PA-1,Narrative outlining the activities and substantive accomplishments of the institution-wide coordinating body or officer during the previous three years,"TU Dublin Sustainability Education team (Ref 1) is driving the sustainability transformation of the curriculum, professional development and upskilling of staff and students. AASHE recognises TU Dublin as the first Centre for Sustainability Across the Curriculum in Europe (Ref 2). Other major recognitions include: (i) sustainability educaton framework (Ref 3), (ii) the start of the University Education Model led by Academic Affair (Ref 4), (iii) the participation to the Sulitest (Ref 1), (iv) the development of a Sustainability Toolkit (Ref 3), (v) the partnership with UNITAR (Ref 7), (vi) the re-iterated funding of the SATLE project (Ref 8) TU Dublin Sustainable Campus programme (https://www.tudublin.ie/explore/about-the-university/sustainability/sustainable-campus/) bi-annually report the Climate Action Roadmap (CAR) (Ref 9). This is a significant effort that looks at contiuously measuring and reporting Scope 1, 2, and 3 carbon emissions and planning the decarbonisation of the university. A major recognition of the wholistic sustainability measures across campuses is seen with TU Dublin raising the Green Flag at all campuses (Ref 10). TU Dublin Sustainability Intelligence (Ref 11) leads the Digital Transformation programme of the unversity on the sustainability theme. The team looks at gathering all data from all the university to assess and report on the sustainability level of the university, and develop new digital methodology to enhance and consolidate the assessment and report on all sustainability aspects. The sustainability digitalisation programme already produced three web applications that enable to assess the sustainability in the curriculum (analysing the curriculum databases), sustainability in research (analysing all research outputs in the TU Dublin research repository and Scopus), and sustainability in communication (analysing website content). These web apps assess the sustainablity level (Focused, Incluside, or Nothing) of text among the 17 UN SDG. These applications are available to all staff, students, and the public. Another project within the programme is ""Towards a Sustainability University Campus"" (Ref 12) which looks at digitalisation the operation of TU Dublin buildings and campuses with outputs feeding into scope 1, 2 and 3 outputs reported in the Climate Action Roadmap. Further background on TU Dublin ""Digitalisation Transformation"" programme of the universiy: TU Dublin Strategic Plan (Ref 13 and Ref 14) is build 3 sustainability pillars, namely People, Planet, and Partnership. A fouth pillar is ""Enablers"" and includes the ""Digital Transformation"" programme of the university that is made evident across a non-exhaustive list of university activities such as (i) the N-TUTORR project on the Digital Transformation in Teaching and Learning (Ref 15) leading to TU Dublin policy and guidance on Digital Education (Ref 16), (ii) the Technology Services Digital Transformation Programme 24/25 (Ref 17), and (iii) digital transformation courses delivered by various schools in the Faculty of Computing, Digital and Data (Ref 18). URL References: Ref 1: https://www.tudublin.ie/explore/about-the-university/sustainability/sustainability-education/ Ref 2: https://www.tudublin.ie/explore/news/tu-dublin-is-recognised-as-the-first-centre-for-sustainability-across-the-curriculum-in-europe.html Ref 3: https://www.tudublin.ie/explore/about-the-university/sustainability/sustainability-education/sustainability-toolkit/ Ref 4: https://www.tudublin.ie/explore/about-the-university/academic-affairs/lta/lta-resources/ Ref 7: https://www.tudublin.ie/explore/about-the-university/sustainability/about/news-and-events/tu-dublin-and-unitar-establish-strategic-partnership-.php Ref 8: https://www.tudublin.ie/explore/about-the-university/academic-affairs/education-innovation-projects/past-projects/satle2/ Ref 9: https://www.tudublin.ie/explore/about-the-university/sustainability/vision--progress/sustainability-strategy/climate-action-roadmap/ Ref 10: https://www.tudublin.ie/explore/news/tu-dublin-raise-the-green-flag-at-all-campuses-.html#:~:text=TU%20Dublin%20is%20the%20first,strategic%20milestone%20for%20the%20University Ref 11: https://www.tudublin.ie/explore/about-the-university/sustainability/about/sustainability-team/sustainability-intelligence/ Ref 12: https://www.tudublin.ie/explore/about-the-university/sustainability/strategic-projects/action-research/towards-a-sustainable-university-campus/ Ref 13: https://www.tudublin.ie/media/website/explore/about-the-university/strategic-plan/documents/Strategic-Plan-2024-2028-FINAL.pdf Ref 14: https://www.tudublin.ie/explore/about-the-university/strategicintent/2030/ Ref 15: https://www.tudublin.ie/explore/about-the-university/academic-affairs/ntutorr/themes/digital-transformation-in-teaching-and-learning/ Ref 16: https://www.tudublin.ie/explore/about-the-university/academic-affairs/digital-education/ Ref 17: https://www.tudublin.ie/connect/technology-services/about-us/enterprise-systems-and-planning/ict-project-office/technology-services-digital-transformation-programme-24-25/ Ref 18: https://www.tudublin.ie/explore/faculties-and-schools/computing-digital-data/",,True
Technological University Dublin,3-3,Management of material topics,partial,PA-2,"Has the institution made a public commitment to sustainability, as evidenced by an external commitment or a published plan?",Yes,,True
Technological University Dublin,202-1,Ratios of standard entry level wage by gender compared to local minimum wage,partial,PA-13,Percentage of employees that receive remuneration equivalent to at least a living wage,100,,True
Technological University Dublin,202-1,Ratios of standard entry level wage by gender compared to local minimum wage,partial,PA-13,Living wage,13.85,,True
Technological University Dublin,302-1,Energy consumption within the organization,equivalent,OP-5,Total annual energy consumption,"38,391",Megawatt-hours,True
Technological University Dublin,302-1,Energy consumption within the organization,component,OP-5,Total electricity consumption,"15,053",Megawatt-hours,True
Technological University Dublin,302-1,Energy consumption within the organization,component,OP-5,Total stationary fuel consumption,"21,072",Megawatt-hours,True
Technological University Dublin,302-1,Energy consumption within the organization,partial,OP-5,Annual renewable energy consumption,"8,397.21",Megawatt-hours,True
Technological University Dublin,302-1,Energy consumption within the organization,component,OP-5,Renewable stationary fuels,0.21,Megawatt-hours,True
Technological University Dublin,302-1,Energy consumption within the organization,component,OP-5,Total heating and cooling from off-site sources,"2,266",Megawatt-hours,True
Technological University Dublin,302-1,Energy consumption within the organization,component,OP-5,On-site renewable electricity exported,0,Megawatt-hours,True
Technological University Dublin,302-3,Energy intensity,intensity,OP-5,Annual energy consumption per person,"1,520.74",Kilowatt-hours,True
Technological University Dublin,302-3,Energy intensity,intensity,OP-5,Annual energy consumption per unit of floor area,182.05,Kilowatt-hours per square meter,True
Technological University Dublin,303-1,Interactions with water as a shared resource,partial,OP-3,Level of physical water quantity risk for the institution’s main campus,Medium-high,,True
Technological University Dublin,303-1,Interactions with water as a shared resource,component,OP-3,Does the institution harvest rainwater on-site for storage and use?,Yes,,True
Technological University Dublin,303-3,Water withdrawal,equivalent,OP-3,Total water withdrawal,"56,570",Cubic meters,True
Technological University Dublin,303-3,Water withdrawal,component,OP-3,Potable water from off-site sources,"56,570",Cubic meters,True
Technological University Dublin,303-3,Water withdrawal,component,OP-3,Potable water from on-site sources,0,Cubic meters,True
Technological University Dublin,305-1,Direct (Scope 1) GHG emissions,equivalent,OP-6,Annual scope 1 GHG emissions,,,False
Technological University Dublin,305-1,Direct (Scope 1) GHG emissions,component,OP-6,Scope 1 GHG emissions from stationary combustion,"3,728",Metric tons of CO2 equivalent,True
Technological University Dublin,305-1,Direct (Scope 1) GHG emissions,component,OP-6,Scope 1 GHG emissions from mobile combustion,2,Metric tons of CO2 equivalent,True
Technological University Dublin,305-1,Direct (Scope 1) GHG emissions,component,OP-6,Scope 1 GHG fugitive emissions,55,Metric tons of CO2 equivalent,True
Technological University Dublin,305-1,Direct (Scope 1) GHG emissions,component,OP-6,Scope 1 GHG process emissions,0,Metric tons of CO2 equivalent,True
Technological University Dublin,305-1,Direct (Scope 1) GHG emissions,partial,OP-6,GHG emissions from biogenic sources,,,False
Technological University Dublin,305-2,Energy indirect (Scope 2) GHG emissions,equivalent,OP-6,Annual scope 2 GHG emissions,,,False
Technological University Dublin,305-2,Energy indirect (Scope 2) GHG emissions,component,OP-6,Scope 2 GHG emissions from off-site sources of electricity (market-based),"4,992",Metric tons of CO2 equivalent,True
Technological University Dublin,305-2,Energy indirect (Scope 2) GHG emissions,component,OP-6,Scope 2 GHG emissions from off-site sources of electricity (location-based),0,Metric tons of CO2 equivalent,True
Technological University Dublin,305-2,Energy indirect (Scope 2) GHG emissions,component,OP-6,Scope 2 GHG emissions from off-site sources of heating and cooling,181,Metric tons of CO2 equivalent,True
Technological University Dublin,305-3,Other indirect (Scope 3) GHG emissions,component,OP-6,Scope 3 GHG emissions from business travel,410,Metric tons of CO2 equivalent,True
Technological University Dublin,305-3,Other indirect (Scope 3) GHG emissions,component,OP-6,Scope 3 GHG emissions from commuting,"10,694",Metric tons of CO2 equivalent,True
Technological University Dublin,305-3,Other indirect (Scope 3) GHG emissions,component,OP-6,Scope 3 GHG emissions from purchased goods and services,"26,269",Metric tons of CO2 equivalent,True
Technological University Dublin,305-3,Other indirect (Scope 3) GHG emissions,component,OP-6,Scope 3 GHG emissions from capital goods,83,Metric tons of CO2 equivalent,True
Technological University Dublin,305-3,Other indirect (Scope 3) GHG emissions,component,OP-6,Scope 3 GHG emissions from waste generated in operations,9,Metric tons of CO2 equivalent,True
Technological University Dublin,305-3,Other indirect (Scope 3) GHG emissions,component,OP-6,Scope 3 GHG emissions from fuel- and energy-related activities not included in scope 1 or scope 2,0,Metric tons of CO2 equivalent,True
Technological University Dublin,305-4,GHG emissions intensity,intensity,OP-6,Annual scope 1 and 2 GHG emissions per person,354.84,Kilograms of CO2 equivalent,True
Technological University Dublin,305-4,GHG emissions intensity,intensity,OP-6,Annual scope 1 and 2 GHG emissions per unit of floor area,42.48,Kilograms per square meter,True
Technological University Dublin,305-5,Reduction of GHG emissions,partial,OP-6,Percentage reduction in scope 1 and 2 GHG emissions from baseline,10.99,,True
Technological University Dublin,306-2,Management of significant waste-related impacts,component,OP-11,"Does the institution have a surplus program through which institution-owned items that are no longer needed are stored for eventual sale, donation, or reuse?",Yes,,True
Technological University Dublin,306-2,Management of significant waste-related impacts,component,OP-11,Does the institution have or participate in a reuse program through which employees and/or students can donate personal items for redistribution?,Yes,,True
Technological University Dublin,306-2,Management of significant waste-related impacts,component,OP-11,Has the institution eliminated the on-site use of at least one form of single-use disposable plastic?,Yes,,True
Technological University Dublin,306-2,Management of significant waste-related impacts,component,OP-11,Does the institution have a hazardous waste management program or protocol that includes measures to minimize or reduce the use of hazardous materials?,Yes,,True
Technological University Dublin,306-2,Management of significant waste-related impacts,component,OP-11,Narrative and/or website URL providing an overview of the institution’s composting program,Some of TU Dublin food service providers provide compostable alternatives to single-use disposable plastic with products certified against the “EN 13432 Certified Bioplastics” standard. C ompostable alternatives to single-use disposable plastic can then be disposed of in the organic bins collected by our waste service provider (Panda). Most alternative to single-use disposable plastic are paper based (e.g. paper cups). Dry paper-based waste must be disposed in the paper bins (not the compostable bins).,,True
Technological University Dublin,306-2,Management of significant waste-related impacts,component,OP-12,Does the institution have sufficient data on construction and demolition waste to pursue this indicator?,Yes,,True
Technological University Dublin,306-3,Waste generated,partial,OP-12,Annual non-hazardous waste generated,"1,768.85",Metric tons,True
Technological University Dublin,306-3,Waste generated,component,OP-12,Annual construction and demolition waste generated,"1,244.08",Metric tons,True
Technological University Dublin,306-4,Waste diverted from disposal,component,OP-12,Total non-hazardous waste diverted from disposal,"1,452.64",Metric tons,True
Technological University Dublin,306-4,Waste diverted from disposal,component,OP-12,Non-hazardous waste recycled,691.73,Metric tons,True
Technological University Dublin,306-4,Waste diverted from disposal,component,OP-12,Non-hazardous waste composted,56.01,Metric tons,True
Technological University Dublin,306-4,Waste diverted from disposal,component,OP-12,Non-hazardous waste prepared for reuse,704.90,Metric tons,True
Technological University Dublin,306-4,Waste diverted from disposal,component,OP-12,Total construction and demolition waste diverted from disposal,"1,121.85",Metric tons,True
Technological University Dublin,306-4,Waste diverted from disposal,component,OP-12,Construction and demolition waste recycled,531.95,Metric tons,True
Technological University Dublin,306-5,Waste directed to disposal,component,OP-12,Non-hazardous waste disposed of to a landfill or incinerator,316.21,Metric tons,True
Technological University Dublin,306-5,Waste directed to disposal,component,OP-12,Construction and demolition waste disposed of to a landfill or incinerator,122.23,Metric tons,True
Technological University Dublin,308-1,New suppliers that were screened using environmental criteria,partial,OP-9,Does the institution’s supplier code of conduct include one or more expectations in regard to environmental impact that exceed or are additional to regulatory compliance?,Yes,,True
Technological University Dublin,308-1,New suppliers that were screened using environmental criteria,partial,OP-9,Percentage of bid solicitations that identify supplier sustainability considerations,0,,True
Technological University Dublin,401-2,Benefits provided to full-time employees that are not provided to temporary or part-time employees,partial,PA-12,Percentage of employees eligible for paid all-gender family/medical leave,100,,True
Technological University Dublin,401-3,Parental leave,partial,PA-12,Number of weeks of paid maternity leave,26,,True
Technological University Dublin,401-3,Parental leave,partial,PA-12,Narrative and/or website URL providing an overview of the maternity leave options available to employees,"The Maternity Protection Acts cover the entitlements for allstaff who are pregnant, have recently given birth, or who are breastfeeding. This is inclusive of transgender males who have obtained a gender recognition certificate in accordance with the Gender Recognition Act 2015. All staff who commence maternity leave are entitled to 26 consecutive weeks paid* maternity leave (Ref 1). URL References: Ref 1: https://www.tudublin.ie/media/intranet/hr/policies/Maternity-Leave-HRP021-22.05.24.pdf",,True
Technological University Dublin,403-1,Occupational health and safety management system,partial,PA-11,Narrative and/or website URL providing an overview of the institution’s workplace health and safety committees,"TU Dublin has established a comprehensive safety management system (Ref 1) that includes the University Safety, Health and Welfare (SHW) Steering Committee, Campus SHW Committees, and various working groups. These committees ensure effective coordination and management of health and safety issues, promote employee participation, and facilitate compliance with relevant legislation. URL References: Ref 1: https://www.tudublin.ie/for-staff/safety-health-welfare/safety-hub/committees-and-working-groups/",,True
Technological University Dublin,403-3,Occupational health services,partial,PA-11,Does the institution make physical health services available to employees?,Yes,,True
Technological University Dublin,403-4,"Worker participation, consultation, and communication on occupational health and safety",component,PA-11,Does the institution have an institution-wide health and safety committee or network of committees that brings together workers and management in the development and review of workplace health and safety policies and procedures?,Yes,,True
Technological University Dublin,403-4,"Worker participation, consultation, and communication on occupational health and safety",component,PA-11,Narrative and/or website URL providing an overview of the institution’s workplace health and safety committees,"TU Dublin has established a comprehensive safety management system (Ref 1) that includes the University Safety, Health and Welfare (SHW) Steering Committee, Campus SHW Committees, and various working groups. These committees ensure effective coordination and management of health and safety issues, promote employee participation, and facilitate compliance with relevant legislation. URL References: Ref 1: https://www.tudublin.ie/for-staff/safety-health-welfare/safety-hub/committees-and-working-groups/",,True
Technological University Dublin,403-6,Promotion of worker health,component,PA-11,Does the institution make physical health services available to employees?,Yes,,True
Technological University Dublin,403-6,Promotion of worker health,component,PA-11,Does the institution make behavioral health services available to employees?,Yes,,True
Technological University Dublin,403-6,Promotion of worker health,component,PA-11,Does the institution make free or reduced cost fitness activities available to employees?,Yes,,True
Technological University Dublin,403-6,Promotion of worker health,component,PA-11,Does the institution prohibit smoking and tobacco use across the entire campus?,Yes,,True
Technological University Dublin,403-6,Promotion of worker health,component,PA-11,Does the institution make contemplative and/or spiritual activities available to employees?,Yes,,True
Technological University Dublin,405-1,Diversity of governance bodies and employees,partial,PA-7,Ethnic diversity index for executive staff,"0 Revised on Nov. 24, 2025",,True
Technological University Dublin,405-1,Diversity of governance bodies and employees,component,PA-8,Percentage of executive staff that identify as women or other marginalized gender identities,41.09,,True
Technological University Dublin,405-1,Diversity of governance bodies and employees,component,PA-8,Percentage of regular/permanent academic staff that identify as women or other marginalized gender identities,41.55,,True
Technological University Dublin,405-1,Diversity of governance bodies and employees,component,PA-8,Percentage of regular/permanent non-academic staff that identify as women or other marginalized gender identities,56.40,,True
Technological University Dublin,405-1,Diversity of governance bodies and employees,partial,PA-7,Ethnic diversity index for academic staff,"0 Revised on Nov. 24, 2025",,True
Technological University Dublin,405-1,Diversity of governance bodies and employees,partial,PA-7,Ethnic diversity index for non-academic staff,"0 Revised on Nov. 24, 2025",,True
