institution,credit_code,category,pillar,credit_name,section,field,value,units,value_numeric,value_type
Technological University Dublin,PRE-1,PRE,Preface,Executive Letter,,Executive cover letter,TU_Dublin_Executive_letter_STARS_Application_2024.pdf,,,text
Technological University Dublin,PRE-1,PRE,Preface,Executive Letter,,Notes about the information provided for this credit,,,,not_reported
Technological University Dublin,PRE-2,PRE,Preface,Points of Distinction,,"Name of the institution’s featured sustainability program, initiative, or accomplishment",TU Dublin Sustainability Education Transformation programme,,,text
Technological University Dublin,PRE-2,PRE,Preface,Points of Distinction,,"Narrative and/or website URL providing an overview of the institution’s featured program initiative, or accomplishment","TU Dublin Sustainability Education team (Ref1) is driving the sustainability transformation of the curriculum, professional development and upskilling of staff and students. AASHE recognises TU Dublin as the first Centre for Sustainability Across the Curriculum in Europe (Ref2 ) . URL References: Ref1: https://www.tudublin.ie/explore/about-the-university/sustainability/sustainability-education/ Ref2: https://www.tudublin.ie/explore/news/tu-dublin-is-recognised-as-the-first-centre-for-sustainability-across-the-curriculum-in-europe.html",,,text_long
Technological University Dublin,PRE-2,PRE,Preface,Points of Distinction,,"A photograph or document associated with the featured program, initiative, or accomplishment",PRE_2_centre-for-sustainability-main.png,,,text
Technological University Dublin,PRE-2,PRE,Preface,Points of Distinction,,"Name of a second featured sustainability program, initiative, or accomplishment",TU Dublin Sustainable Campus programme,,,text
Technological University Dublin,PRE-2,PRE,Preface,Points of Distinction,,"Narrative and/or website URL providing an overview of the second featured program initiative, or accomplishment","TU Dublin Sustainable Campus programme (Ref1) bi-annually report the Climate Action Roadmap (CAR) (Ref2). This is a significant effort that looks at contiuously measuring and reporting Scope 1, 2, and 3 carbon emissions and planning the decarbonisation of the university. A major recognition of the wholistic sustainability measures across campuses is seen with TU Dublin raising the Green Flag at all campuses (Ref3 ) URL References: Ref1: https://www.tudublin.ie/explore/about-the-university/sustainability/sustainable-campus/ Ref2: https://www.tudublin.ie/explore/about-the-university/sustainability/vision--progress/sustainability-strategy/climate-action-roadmap/ Ref3: https://www.tudublin.ie/explore/news/tu-dublin-raise-the-green-flag-at-all-campuses-.html#:~:text=TU%20Dublin%20is%20the%20first,strategic%20milestone%20for%20the%20University.",,,text_long
Technological University Dublin,PRE-2,PRE,Preface,Points of Distinction,,"A photograph or document associated with the second featured program, initiative, or accomplishment",PRE_2_Green-Flag.jpg,,,text
Technological University Dublin,PRE-2,PRE,Preface,Points of Distinction,,"Name of a third featured sustainability program, initiative, or accomplishment",TU Dublin Sustainability Digitalisation programme,,,text
Technological University Dublin,PRE-2,PRE,Preface,Points of Distinction,,"Narrative and/or website URL providing an overview of the third featured program initiative, or accomplishment","TU Dublin Sustainability Intelligence team (Ref1) leads the Digital Transformation programme of the university on sustainability themes. The team looks at gathering all data from all the university to assess and report on the sustainability level of the university, and develop new digital methodology to enhance and consolidate the assessment and report on all sustainability aspects. The sustainability digitalisation programme already produced three web applications that enable to assess the sustainability in the curriculum (analysing the curriculum databases), sustainability in research (analysing all research outputs in the TU Dublin research repository and Scopus), and sustainability in communication (analysing website content). These web apps assess the sustainablity level (Focused, Incluside, or Nothing) of text among the 17 UN SDG. These applications are currently in the process of being made available to all TU Dublin staff and students. Another project within the sustainability digitalisation programme is ""Towards a Sustainability University Campus"" (Ref2) which looks at digitalising, modelling, monitoring and reporting the operation of TU Dublin buildings and campuses with outputs feeding into scope 1, 2 and 3 outputs reported in the Climate Action Roadmap and other reporting framework such as STARS. Further background on TU Dublin ""Digitalisation Transformation"" programme of the universiy: TU Dublin Strategic Plan (Ref3 and Ref4) is built on 3 sustainability pillars, namely People, Planet, and Partnership. A fouth pillar is ""Enablers"" and includes the ""Digital Transformation"" programme of the university that is made evident across a non-exhaustive list of university activities such as (i) the N-TUTORR project on the Digital Transformation in Teaching and Learning (Ref5) leading to TU Dublin policy and guidance on Digital Education (Ref6), (ii) the Technology Services Digital Transformation Programme 24/25 (Ref7), and (iii) digital transformation courses delivered by various schools in the Faculty of Computing, Digital and Data (Ref8). URL References: Ref1: https://www.tudublin.ie/explore/about-the-university/sustainability/about/sustainability-team/sustainability-intelligence/ Ref2: https://www.tudublin.ie/explore/about-the-university/sustainability/strategic-projects/action-research/towards-a-sustainable-university-campus/ Ref3: https://www.tudublin.ie/media/website/explore/about-the-university/strategic-plan/documents/Strategic-Plan-2024-2028-FINAL.pdf Ref4: https://www.tudublin.ie/explore/about-the-university/strategicintent/2030/ Ref5: https://www.tudublin.ie/explore/about-the-university/academic-affairs/ntutorr/themes/digital-transformation-in-teaching-and-learning/ Ref6: https://www.tudublin.ie/explore/about-the-university/academic-affairs/digital-education/ Ref7: https://www.tudublin.ie/connect/technology-services/about-us/enterprise-systems-and-planning/ict-project-office/technology-services-digital-transformation-programme-24-25/ Ref8: https://www.tudublin.ie/explore/faculties-and-schools/computing-digital-data/",,,text_long
Technological University Dublin,PRE-2,PRE,Preface,Points of Distinction,,"A photograph or document associated with the third featured program, initiative, or accomplishment",PRE_2_towards_a_sustainable_university_campus.jpg,,,text
Technological University Dublin,PRE-2,PRE,Preface,Points of Distinction,,Notes about the information provided for this credit,,,,not_reported
Technological University Dublin,PRE-3,PRE,Preface,Institutional Characteristics,,Institution type,Doctoral/Research,,,text
Technological University Dublin,PRE-3,PRE,Preface,Institutional Characteristics,,Institutional control,Public,,,text
Technological University Dublin,PRE-3,PRE,Preface,Institutional Characteristics,,Narrative outlining the institutional boundary used to complete this report,"TU Dublin consists of three campuses, namely City, Tallaght, and Blanchardstown. The City campus is itself a regroupement of areas such as Grangegorman, Bolton Street, Aungier Street and other smaller building located in Dublin city centre. Our STARS report includes data for all campuses, all estates and buildings, all university functions, all academic and non-academic staff, all students, all research hubs and research outputs collected from Scopus and Arrow (TU Dublin repository). About 60 people have contributed to the data collection and validation. The limitation of the report, addressed in the Operation section, relates to the access of data from food service providers . All data regarding food and beverages mostle come from 1 of 4 food service providers. However service provider serves our City campus which represents, as a headcount, 18,487 students out of 26,677 students (excluding distance learning and e-learning students) and 2,530 out of 3,283 staff. This means that the reported values address 21,017 people out of a headcount of 29,960 people, i.e. 70% of TU Dublin population. Based on FTE values, City campus represents 15,429 out of 22,841 students and 1,970 out of 2,626, i.e 17,399 FTE out of 25,467 FTE representing 68% of the population.",,,text_long
Technological University Dublin,PRE-3,PRE,Preface,Institutional Characteristics,,Which of the following features are included within the institutional boundary?,Agricultural school,,,text
Technological University Dublin,PRE-3,PRE,Preface,Institutional Characteristics,,Locale,Large city,,,text
Technological University Dublin,PRE-3,PRE,Preface,Institutional Characteristics,,Climate zone,4 - Mixed,,,text
Technological University Dublin,PRE-3,PRE,Preface,Institutional Characteristics,,Gross floor area of building space,"210,887",Square meters,210887.0,number
Technological University Dublin,PRE-3,PRE,Preface,Institutional Characteristics,,Full-time equivalent student enrollment,"22,841",,22841.0,number
Technological University Dublin,PRE-3,PRE,Preface,Institutional Characteristics,,Full-time equivalent of employees,"2,404",,2404.0,number
Technological University Dublin,PRE-3,PRE,Preface,Institutional Characteristics,,Percentage of students that live in campus housing,0,,0.0,number
Technological University Dublin,PRE-3,PRE,Preface,Institutional Characteristics,,Percentage of students enrolled exclusively in distance education,1.74,,1.74,number
Technological University Dublin,PRE-3,PRE,Preface,Institutional Characteristics,,Notes about the information provided for this credit,,,,not_reported
Technological University Dublin,PRE-3,PRE,Preface,Institutional Characteristics,,Additional documentation for this credit,,,,not_reported
Technological University Dublin,PRE-4,PRE,Preface,Reporting Methodologies,,Narrative outlining the data collection process used in the preparation of this report,"An extensive mapping exercise identifying which people collect, process and validate information behind each STARS questions has been conducted. The supply chain of information was tracked as information was seeked. A second mapping exercise looked at identifying which IT system holds which pieces of information requested in STARS or exploitable to report in STARS. Each stakeholder were given the user manual, the section of the user manual relevant to them, STARS Tracking Worksheet templates complemented with all the credit criteria information and examples provided in the manual. STARS Tracking Worksheets were customised to groups of stakeholders with people designated to input and function/department leads to review. Meetings were organised with each stakeholder (including student union representatives) to introduce the questions and approach, and follow up to address any concern and issues. When dealing with external suppiers/contractors required to report a large amount of data (e.g. list of food and beverages, and other items purchased, as well as the sustainability certificates of each supplier) new templates were design to take the data available and treat it to report on STARS criteria. This engagement formed a training to suppliers on how to address sustainability questions. All progress updates and issues were reported to the University Sustainability Council gathering leaders and student representatives who enabled the data collection process. Overall about 60 people contributed to the data collection and validation.",,,text_long
Technological University Dublin,PRE-4,PRE,Preface,Reporting Methodologies,,List of personnel who led the reporting process,Dr. Philippe Lemarchand - Head of Sustainability Intelligence Dr Zeyan Zhao - Data Analyst in Sustainability Intelligence,,,text
Technological University Dublin,PRE-4,PRE,Preface,Reporting Methodologies,,List of additional personnel who contributed to the reporting process,"Aideen Gurrin, Aimee Byrne, Alan Bruce, Anne Campion, Aoibheana Hobson, Ayesha O'Reilly, Beatriz Lorenzo, Brendon Duffy, Brendan Jennings, Brian Gormley, Brian Jordan, Bronagh Elliot, Catherina Benson, Claire Flannery, Collette Burns, Damian Bruce, David Gavin, Dorothy Dalton, Dusan Kovacevic, Edel Niland, Elizabeth Darcy, Frances Madden, Helena Fitzgerald, Hugh Byrne, Iseult O'Siochain, Jennifer Boyer, Jennifer Farrell, Jesus Frias, Jimmy Kane, Joanne Kearney, Ken Boyle, Lindsay Dowling, Lorraine D'Arcy, Lucia Walsh, Mark Geraghty, Mark Russell, Mary Deasy, Melody Chinenyanga, Nick Skelly, Olivia Freeman, Orlaith McEvoy, Paul Campbell, Paul Coleman, Rachel Freeman, Rachel O'Connor, Rebecca Flanagan, Rebecca Grogan, Richard Gallery, Robert Kiernan, Rosie Webb, Sarah Maher, Sarah Woodhouse, Shauna Lawlor, Stephen Folan, Tara Kilkenny, Thomas Cooney, Thomas Stone, Yvonne Galligan",,,text_long
Technological University Dublin,PRE-4,PRE,Preface,Reporting Methodologies,,Were students involved in the data collection process?,Yes,,,boolean
Technological University Dublin,PRE-4,PRE,Preface,Reporting Methodologies,,Narrative outlining how students were involved in the data collection process,Student Union representatives members of the University Sustainability Council contributed to answering questions related to students.,,,text
Technological University Dublin,PRE-4,PRE,Preface,Reporting Methodologies,,Description of the internal data quality controls used in the preparation of this report,"Data from various sources (files managed by university functions and IT systems) were collected, consolidated, cleaned, and validated with function owners. Staff and students were assigned STARS categories and questions to answer. Reported data were manually validated by the Sustainability Intelligence team (coordinating the report), heads of function/department, data analysts in various departments assigned to STARS sections and questions. A sustainability language model was developped to systematically assess the SDG associated to text and the sustainability level per SDG. The model accuracy was tested and validated for short and long text, and compared to state-of-the-art models. The sustainability language model developped in >88% accurate across all SDGs for both long and short text, and represent a significant advancement of the sate-of-the-art which had an accuracy of only 88% for short text, and 76% for long text . While the results provided by the model have been manually validated by sustainability champions, the results are in the process of being further manually reviewed by document owners (e.g. module coordinator/owner, school and faculty leads, academic affairs; authors of research papers; communication officers managing a TU Dublin website section) with some guidance on what sustainability and SDG definitions and background knowledge. The model will evolve with user feedback while also educating users on sustainability aspect, providing a systematic and consolidated means to assess, review, and report sustainability.",,,text_long
Technological University Dublin,PRE-4,PRE,Preface,Reporting Methodologies,,Were any independent audits or external assurance processes used in the preparation of this report?,No,,,boolean
Technological University Dublin,PRE-4,PRE,Preface,Reporting Methodologies,,Narrative outlining the independent audits or external assurance processes used in the preparation of this report,,,,not_reported
Technological University Dublin,PRE-4,PRE,Preface,Reporting Methodologies,,Notes about the information provided for this credit,,,,not_reported
Technological University Dublin,PRE-4,PRE,Preface,Reporting Methodologies,,Additional documentation for this credit,,,,not_reported
Technological University Dublin,AC-1,AC,Context,Sustainability Course Offerings,,Total number of academic departments that offer courses that may be taken for credit,26,,26.0,number
Technological University Dublin,AC-1,AC,Context,Sustainability Course Offerings,,Number of academic departments with at least one sustainability course offering,26,,26.0,number
Technological University Dublin,AC-1,AC,Context,Sustainability Course Offerings,,Annotated list or inventory of the institution’s sustainability course offerings by department,AC_1.1_sustainability_course_offerings_revised.xlsx,,,text
Technological University Dublin,AC-1,AC,Context,Sustainability Course Offerings,,Description of the process used to identify the institution’s sustainability course offerings by department,"A sustainability language model to classify text among the 17 UN SDG and identify the sustainability level as Sustainability-Focused, Sustainability-Inclusive, and Non-Sustainable has been developped and patented. The model accuracy was tested and validated for short and long text, and compared to state-of-the-art models. The sustainability language model developped in >88% accurate across all SDGs for both long and short text, and represent a significant advancement of the sate-of-the-art which had an accuracy of only 88% for short text, and 76% for long text. While the results provided by the model have been manually validated by sustainability champions, the results are in the process of being further manually reviewed by document owners (e.g. module coordinator/owner, school and faculty leads, academic affairs; authors of research papers; communication officers managing a TU Dublin website section) with some guidance on what sustainability and SDG definitions and background knowledge. The model will evolve with user feedback while also educating users on sustainability aspect, providing a systematic and consolidated means to assess, review, and report sustainability. All TU Dublin module/course descriptors including the module code, title, overview, learning outcomes, assessments, department owners/coordinators, and NFQ level were retrieved from our Programme and Module Catalogue (PMC). The sustainability level per SDG of each module was analysed using our validated sustainability language model. The analysis could then report on the sustainbility of modules/courses offered by each TU Dublin department.",,,text_long
Technological University Dublin,AC-1,AC,Context,Sustainability Course Offerings,,Percentage of departments with sustainability course offerings,100,,100.0,number
Technological University Dublin,AC-1,AC,Context,Sustainability Course Offerings,,Points earned for indicator AC 1.1,8,,8.0,number
Technological University Dublin,AC-1,AC,Context,Sustainability Course Offerings,,Does the institution maintain a public multidisciplinary listing of its sustainability course offerings as a resource for current and prospective students?,Yes,,,boolean
Technological University Dublin,AC-1,AC,Context,Sustainability Course Offerings,,Online location where the institution’s sustainability course listings are maintained,,,,not_reported
Technological University Dublin,AC-1,AC,Context,Sustainability Course Offerings,,Publication where the institution’s sustainability course listings are maintained,AC_1.2_Sustainability_Course_Listings_Report_20241004.pdf,,,text
Technological University Dublin,AC-1,AC,Context,Sustainability Course Offerings,,Description of the process used to create and maintain the institution’s sustainability course listings,Active modules are listed in our Programme Module Catalogue (PMC). The validated Sustainability Language Model (Natural Language Processing and Machine Learning tool) assess the sustainability level and SDG association of text (described in AC1.1) provided in our modules' descriptors.,,,text_long
Technological University Dublin,AC-1,AC,Context,Sustainability Course Offerings,,Points earned for indicator AC 1.2,3,,3.0,number
Technological University Dublin,AC-1,AC,Context,Sustainability Course Offerings,,Does the institution provide incentives for individual academic staff working to integrate sustainability into the curriculum to pursue relevant professional development and/or training?,Yes,,,boolean
Technological University Dublin,AC-1,AC,Context,Sustainability Course Offerings,,Narrative and/or website URL providing an overview of the incentives provided for individual academic staff to integrate sustainability into the curriculum,"TU Dublin created the Sustainability Office with a VP of Sustainability (Jennifer Boyer). Incentives for academic staff to integrate sustainability in the curriculum are supported by the TU Dublin Strategic Intent (Ref1) and Strategic Plan' KPIs (Ref2). The Sustainability Education team are five academic staff (Ref3) who have been seconded to the Sustainability team to support all academic staff as they integrate sustainability in the curriculum with TU Dublin being ""recognised as the first Centre for Sustainability Across the Curriculum in Europe"" (Ref4). Staff who are integrating sustainability into the curriculum are supported by seed funding grants of €5,000 to implement projects. Eight of the projects listed on this webpage (Ref5) are sustainability focused, e.g. "" Introducing Sustainability Development Goal problems in Maths Education""; ""A case study on the effects of sustainability-oriented work placement on student mindset"". TU Dublin also provided funded Fellowships for staff to complete ESD projects: Ref6. Staff who completed the Digital Badge in Education for Sustainability (Ref7) received “a bursary of €500 to implement sustainability-related innovative pedagogical approaches in their TLA (Teaching Learning & Assessment) practice.” URL References: Ref1: https://www.tudublin.ie/explore/about-the-university/strategicintent/2030/ Ref2: https://www.tudublin.ie/media/website/explore/about-the-university/strategic-plan/documents/Strategic-Plan-2024-2028-FINAL.pdf Ref3: https://www.tudublin.ie/explore/about-the-university/sustainability/about/sustainability-team/sustainability-education/ Ref4: https://www.tudublin.ie/explore/news/archive-2024/tu-dublin-is-recognised-as-the-first-centre-for-sustainability-across-the-curriculum-in-europe.html Ref5: https://www.tudublin.ie/explore/about-the-university/academic-affairs/digital-education/building-organisational-digital-capability/projects/ Ref6: https://www.tudublin.ie/explore/about-the-university/academic-affairs/ntutorr/partners/fellowships/education-for-sustainability/ Ref7: https://www.tudublin.ie/explore/about-the-university/sustainability/about/news-and-events/education-for-sustainability-digital-badge-2025.php",,,text_long
Technological University Dublin,AC-1,AC,Context,Sustainability Course Offerings,,"Does the institution host an ongoing multidisciplinary community of practice, sustainability across the curriculum training program, or equivalent support program for academic staff who are working to integrate sustainability into the curriculum?",Yes,,,boolean
Technological University Dublin,AC-1,AC,Context,Sustainability Course Offerings,,"Narrative and/or website URL providing an overview the institution’s sustainability-focused community of practice, sustainability across the curriculum training program, or equivalent support program","TU Dublin Sustainability Office (Ref1) is composed of 4 functions ""Sustainability Education"", ""Sustainability Intelligence"", ""Societal Engagement"" and ""Decarbonisation"". The first two functions work with staff and students at identifying and integrating sustainability in the curriculum. Within TU Dublin Communities of Practice (Ref2) is the SDG Literacy Community of Practice (Ref3). TU Dublin is also a member of the European University of Technology (Ref4) which include the formation of a sustainability office including 9 university partners. The Eut+ sustainability office remit includes assessing and integrating sustainability in the curriculum. URL References: Ref1: https://www.tudublin.ie/explore/about-the-university/sustainability/ Ref2: https://www.tudublin.ie/explore/about-the-university/academic-affairs/lta/communities-of-practice/ Ref3: https://www.tudublin.ie/explore/about-the-university/sustainability/sustainability-education/sdgliteracy/ Ref4: https://www.tudublin.ie/explore/about-the-university/european-university-of-technology/",,,text_long
Technological University Dublin,AC-1,AC,Context,Sustainability Course Offerings,,Points earned for indicator AC 1.3,3,,3.0,number
Technological University Dublin,AC-1,AC,Context,Sustainability Course Offerings,,Notes about the information provided for this credit,,,,not_reported
Technological University Dublin,AC-1,AC,Context,Sustainability Course Offerings,,Additional documentation for this credit,,,,not_reported
Technological University Dublin,AC-2,AC,Context,Undergraduate Programs,,Has the institution established institutional learning outcomes for its undergraduate students?,Yes,,,boolean
Technological University Dublin,AC-2,AC,Context,Undergraduate Programs,,Online resource detailing the institutional learning outcomes for undergraduate students,https://www.tudublin.ie/explore/about-the-university/academic-affairs/lta/lta-resources/graduate-attributes/,,,url
Technological University Dublin,AC-2,AC,Context,Undergraduate Programs,,Publication detailing the institutional learning outcomes for undergraduate students,AC_2.1_TU-Dublin-Strategic-Intent-2030.pdf,,,text
Technological University Dublin,AC-2,AC,Context,Undergraduate Programs,,Are one or more of the institutional learning outcomes for undergraduate students sustainability-focused?,Yes,,,boolean
Technological University Dublin,AC-2,AC,Context,Undergraduate Programs,,Text of each institutional learning outcome for undergraduate students that qualifies as sustainability-focused,"TU Dublin Strategic Plan mandate ""All programmes will have sustainability as a learning outcome and every learner will engage in practice-based research"" (Ref1). This applies to both undergraduates and postgraduates. The statement applies to both sustainability-focused and sustainability-inclusive/supportive learning outcomes. TU Dublin Academic Council has approved Graduate Attributes, which include the Planet Graduate Attribute: “Planet: Sustainability-focused, global citizens : Socially engaged and responsible graduates leading the sustainability and equity agendas with passion, purpose and resilience Definition: Sustainability–focused, global citizens are defined at TU Dublin as students who have developed the key competencies of embodying sustainability and equity values; embracing complexity in sustainability; envisioning sustainable futures; and acting for sustainability to address the Sustainable Development Goals (SDGs) as set out in Green Comp, the European Sustainability Competence Framework.” (Ref2) The process for implementation of these graduate attributes is set out in the policy document (Ref3) and this notes that: 5.3 “ The TU Dublin Strategic Plan has set out that sustainability-related learning outcomes will be embedded in each programme.” and 5.4 “Faculties and Schools will be supported in the progressive integration of sustainability learning outcomes through resources, tools and supports provided by the University Sustainability Team.” URL References: Ref1: https://www.tudublin.ie/media/website/explore/about-the-university/equality-and-diversity/TU-Dublin-Strategic-Intent-2030.pdf Ref2: https://www.tudublin.ie/explore/about-the-university/academic-affairs/lta/lta-resources/graduate-attributes / Ref3: https://www.tudublin.ie/media/website/explore/about-the-university/academic-affairs/quality-framework/documents/Graduate-Attributes-V1.pd f",,,text_long
Technological University Dublin,AC-2,AC,Context,Undergraduate Programs,,Are one or more of the institutional learning outcomes for undergraduate students sustainability-supportive?,Yes,,,boolean
Technological University Dublin,AC-2,AC,Context,Undergraduate Programs,,Text of each institutional learning outcome for undergraduate students that qualifies as sustainability-supportive,"TU Dublin Strategic Plan mandate ""All programmes will have sustainability as a learning outcome and every learner will engage in practice-based research"" (Ref1). This applies to both undergraduates and postgradates. The statement applies to both sustainability-focused and sustainability-inclusive/supportive learning outcomes. List and description of sustainability-focused and sustainability-inclusive/supportive modules (including learning outcomes) from undergraduates and post-graduates is made available to STARS with the AC 1.1_sustainability course offerings_revised.xlsx file. URL References: Ref1: https://www.tudublin.ie/media/website/explore/about-the-university/equality-and-diversity/TU-Dublin-Strategic-Intent-2030.pdf",,,text_long
Technological University Dublin,AC-2,AC,Context,Undergraduate Programs,,Points earned for indicator AC 2.1,4,,4.0,number
Technological University Dublin,AC-2,AC,Context,Undergraduate Programs,,"Does the institution offer at least one sustainability-focused degree, certificate, or major for undergraduate students?",Yes,,,boolean
Technological University Dublin,AC-2,AC,Context,Undergraduate Programs,,"List and description of the institution’s sustainability-focused degrees, certificates, and majors for undergraduate students","TU Dublin offers undergraduate students the following sustainability-focused programmes: TU838, Sustainable Timber Technology, Undergraduate 4 years Full-time Level 8 Bolton Street, Award: Bachelor of Science (Honours) TU801, Sustainable Energy Engineering, Undergraduate 4 years Full-time Level 8 Tallaght, Award: Bachelor of Engineering (Honours)",,,text_long
Technological University Dublin,AC-2,AC,Context,Undergraduate Programs,,Does the institution offer at least one sustainability-focused concentration or minor for undergraduate students?,Yes,,,boolean
Technological University Dublin,AC-2,AC,Context,Undergraduate Programs,,List and description of the institution’s sustainability-focused concentrations and minors for undergraduate students,"Within some TU Dublin degree programmes, students can choose (i) a stream/pathway within a programme consisting of bundled modules and/or (ii) to take optional elective modules for further specialisation. While these may not be formally labelled as 'minors' or 'concentrations,' they allow students to concentrate subjects as part of their overall studies. Examples of sustainability-focused “stream” and “elective modules” for undergraduate students are provided below. The programme TU835 on “ Planning & Environmental Management ” (Ref1), is a 4-Years Full-time programme awarding the Bachelors of Science (Honours) which provide an Environmental Management stream in year 2, 3 & 4. The programme TU835 on “ Business & Management ” (Ref2), is a 4-Years Full-time programme awarding the Bachelors of Science (Honours) which provide elective modules on year 2, 3 and 4. Sustainability-focused elective modules include “Business Sustainability” and “Sustainable Supply Chain Management”. URL References: Ref 1: https://www.tudublin.ie/study/undergraduate/courses/planning-and-environmental-management-tu835/ Ref2: https://www.tudublin.ie/study/undergraduate/courses/business-and-management-tu903/",,,text_long
Technological University Dublin,AC-2,AC,Context,Undergraduate Programs,,Does the institution offer at least one undergraduate qualification focused on a subject other than sustainability that has a sustainability-focused learning requirement?,Yes,,,boolean
Technological University Dublin,AC-2,AC,Context,Undergraduate Programs,,List and description of the institution’s undergraduate qualifications focused on subjects other than sustainability that have sustainability-focused learning requirements,"TU706, Electrical Services Engineering, Undergraduate 3 years Full-time Level 7 Grangegorman, Award: Bachelor of Engineering Technology TU716, Networking Technologies, Undergraduate 3 years Full-time Level 7 Grangegorman, Award: BTech TU835, Planning & Environmental Management, Undergraduate 4 years Full-time Level 8 Bolton Street TU953, Tourism & Digital Marketing, Undergraduate 4 years Full-time Level 8 Grangegorman TU747, Tourism Management, Undergraduate 3 years Full-time Level 7 Grangegorman TU831, Architectural Technology, Undergraduate 4 years Full-time Level 8 Bolton Street TU943, Culinary Entrepreneurship, Undergraduate 4 years Full-time Level 8 Grangegorman",,,text_long
Technological University Dublin,AC-2,AC,Context,Undergraduate Programs,,Points earned for indicator AC 2.2,4,,4.0,number
Technological University Dublin,AC-2,AC,Context,Undergraduate Programs,,Performance year for undergraduate qualifications,2023,,2023.0,year
Technological University Dublin,AC-2,AC,Context,Undergraduate Programs,,Total number of undergraduate qualifications awarded,643,,643.0,number
Technological University Dublin,AC-2,AC,Context,Undergraduate Programs,,Number of undergraduate qualifications awarded that are sustainability-focused,341,,341.0,number
Technological University Dublin,AC-2,AC,Context,Undergraduate Programs,,Number of undergraduate qualifications awarded that are focused on subjects other than sustainability but have sustainability-focused learning requirements,144,,144.0,number
Technological University Dublin,AC-2,AC,Context,Undergraduate Programs,,Total number of undergraduate qualifications awarded that have sustainability-focused learning requirements,485,,485.0,number
Technological University Dublin,AC-2,AC,Context,Undergraduate Programs,,Percentage of undergraduate qualifications awarded that have sustainability-focused learning requirements,75.43,,75.43,number
Technological University Dublin,AC-2,AC,Context,Undergraduate Programs,,Points earned for indicator AC 2.3,5.28,,5.28,number
Technological University Dublin,AC-2,AC,Context,Undergraduate Programs,,Notes about the information provided for this credit,See the AC1.1_Sustainability_course_offerings_Revised.xlsx file attached,,,text
Technological University Dublin,AC-2,AC,Context,Undergraduate Programs,,Additional documentation for this credit,AC_1.1_sustainability_course_offerings_revised.xlsx,,,text
Technological University Dublin,AC-3,AC,Context,Graduate Programs,,Does the institution offer at least one sustainability-focused degree or major for graduate students?,Yes,,,boolean
Technological University Dublin,AC-3,AC,Context,Graduate Programs,,List and description of the institution’s sustainability-focused degrees and majors for graduate students,"TU Dublin offers undergraduate students the following sustainability-focused programmes: TU236, Sustainable Food Safety Management, Postgraduate Master of Science 1 year Full Time Level 9 Grangegorman TU236P, Sustainable Food Safety Management, Postgraduate Master of Science 2 years Part Time Level 9 Grangegorman TU205, Sustainable Development, Postgraduate Master of Science 1 year Full Time Level 9 Bolton Street, Grangegorman TU218, Sustainable Development, Postgraduate Master of Science 1 year, 2 years Part Time Level 9 Bolton Street, Grangegorman TU338A, Sustainability Leadership, Postgraduate Postgraduate Certificate 1 year Part Time Level 9 Aungier Street TU226, Sustainable Transport and Mobility, Postgraduate Master of Science 2 years Part Time Level 9 Bolton Street TU207, Sustainable Electrical Energy Systems, Postgraduate Master of Engineering 1 year Full Time Level 9 Grangegorman TU217, Sustainable Electrical Energy Systems, Postgraduate Master of Engineering 3 years Part Time Level 9 Grangegorman TU350, Global Sustainability Leadership, Postgraduate Master of Arts 2 years Part Time Level 9 Online TU213A, Civil Engineering (Sustainable Infrastructure), Postgraduate Master of Engineering 1 year Full Time Level 9 Bolton Street TU219A, Civil Engineering (Sustainable Infrastructure), Postgraduate Master of Engineering 2 years, 3 years Part Time Level 9 Bolton Street",,,text_long
Technological University Dublin,AC-3,AC,Context,Graduate Programs,,"Does the institution offer at least one sustainability-focused certificate, concentration, or minor for graduate students?",Yes,,,boolean
Technological University Dublin,AC-3,AC,Context,Graduate Programs,,"List and description of the institution’s sustainability-focused certificates, concentrations, and minors for graduate students","1. Within some TU Dublin degree programmes, students can choose (i) a stream/pathway within a programme consisting of bundled modules and/or (ii) to take optional elective modules for further specialisation. While these may not be formally labelled as 'minors' or 'concentrations,' they allow students to concentrate subjects as part of their overall studies. Examples of sustainability-focused “stream” and “elective modules” for postgraduate students are provided below. The programme TU227 on “ Urban Regeneration & Development ” (Ref1) is a 2-Years part-time programme awarding the Master of Science. In addition to core modules, the following sustainability-focused elective modules are available for students to choose from: Economy and Sustainable Development; Society and Sustainable Development; Introduction to Sustainable Transport and Mobility. The programme TU227 on “ Energy Management ” (Ref2) is a 1-Year full-time programme awarding the Master of Science. Students can choose sustainability-focused elective modules such as Wind Energy for Electricity Supply, Sustainable Building Design, Renewable Energy Technologies, and Biomass Technology/Bio fuels for Transport. The programme TU307A on “ Advertising and Creativity ” (Ref3) is a 1-Year full-time programme awarding the Master of Science. Students can choose sustainability-focused elective modules such as Sustainability Leadership. URL References: Ref 1: https://www.tudublin.ie/study/postgraduate/courses/urban-regeneration-and-development/ Ref 2: https://www.tudublin.ie/study/postgraduate/courses/energy-management/ Ref 3: https://www.tudublin.ie/study/postgraduate/courses/advertising-and-creativity/",,,text_long
Technological University Dublin,AC-3,AC,Context,Graduate Programs,,Does the institution offer at least one graduate qualification focused on a subject other than sustainability that has a sustainability-focused learning requirement?,Yes,,,boolean
Technological University Dublin,AC-3,AC,Context,Graduate Programs,,List and description of the institution’s graduate qualifications focused on subjects other than sustainability that have sustainability-focused learning requirements,"Within TU Dublin degree programmes, some programmes focused on subjects other than sustainability require students to take mandatory modules that are sustainability-focused. Example programmes are provided below. The programme TU317 on “ Fashion Buying & Management” (Ref 1) is a 1.5 years full-time programme awarding the Master of Science. The programme requires students to complete a sustainability-focused mandatory module: Fashion Sustainability & Social Responsibility. The programme TU378 on “Logistics and Supply Chain Management” (Ref 2) is a 1 year full-time programme awarding the Master of Science. The programme requires students to complete a sustainability-focused mandatory module: Sustainable Supply Chains. The programme TU223 on “Quantity Surveying” is a 2 years part-time programme awarding Master of Science. The programme requires students to complete sustainability-focused mandatory modules including: Construction and Sustainable Technologies – Residential, Construction and Sustainable Technologies – Non-residential, and Sustainable Construction & life cycle analysis (LCA). URL References: Ref 1: https://www.tudublin.ie/study/postgraduate/courses/fashion-buying-and-management/ Ref 2: https://www.tudublin.ie/study/postgraduate/courses/logistics-supply-chain-management/ Ref 3: https://www.tudublin.ie/study/postgraduate/courses/quantity-surveying/",,,text_long
Technological University Dublin,AC-3,AC,Context,Graduate Programs,,Points earned for indicator AC 3.1,4,,4.0,number
Technological University Dublin,AC-3,AC,Context,Graduate Programs,,Performance year for graduate qualifications,2023,,2023.0,year
Technological University Dublin,AC-3,AC,Context,Graduate Programs,,Total number of graduate qualifications awarded,200,,200.0,number
Technological University Dublin,AC-3,AC,Context,Graduate Programs,,Number of graduate qualifications awarded that are sustainability-focused,108,,108.0,number
Technological University Dublin,AC-3,AC,Context,Graduate Programs,,Number of graduate qualifications awarded that are focused on subjects other than sustainability but have sustainability-focused learning requirements,35,,35.0,number
Technological University Dublin,AC-3,AC,Context,Graduate Programs,,Total number of graduate qualifications awarded that have sustainability-focused learning requirements,143,,143.0,number
Technological University Dublin,AC-3,AC,Context,Graduate Programs,,Percentage of graduate qualifications awarded that have sustainability-focused learning requirements,71.50,,71.5,number
Technological University Dublin,AC-3,AC,Context,Graduate Programs,,Points earned for indicator AC 3.2,4,,4.0,number
Technological University Dublin,AC-3,AC,Context,Graduate Programs,,Notes about the information provided for this credit,,,,not_reported
Technological University Dublin,AC-3,AC,Context,Graduate Programs,,Additional documentation for this credit,,,,not_reported
Technological University Dublin,AC-4,AC,Context,Applied Learning,,Does the institution make available solutions-focused applied learning or living laboratory experiences for students that address sustainability challenges?,Yes,,,boolean
Technological University Dublin,AC-4,AC,Context,Applied Learning,,List or sample of currently active/available applied learning or living laboratory experiences for students that address sustainability challenges,"""The emphasis of the TU Dublin student experience is on practice, with a range of opportunities in the curriculum applying theory to real-world challenges through problem-based learning, active citizenship, work-placement opportunities, project work, active learning, community-based learning, research and engagement with contemporary practitioners."" (Ref1) Active living labs are described here: Ref2 URL References: Ref1: https://www.tudublin.ie/study/international-students/why-study-at-tu-dublin/ Ref2: https://www.tudublin.ie/explore/about-the-university/sustainability/societal-engagement/living-labs/",,,text_long
Technological University Dublin,AC-4,AC,Context,Applied Learning,,Are three or more institutional departments or units currently supporting solutions-focused applied learning or living laboratory experiences for students?,Yes,,,boolean
Technological University Dublin,AC-4,AC,Context,Applied Learning,,Are there processes or tools in place to assess the success of the applied learning projects?,Yes,,,boolean
Technological University Dublin,AC-4,AC,Context,Applied Learning,,Description of the processes or tools used to assess the success of the applied learning projects,"The processes or tools used to assess the success of applied learning projects, also defined as “modules” within a programme, are specific to each programme. Example of programmes with sustainability-focused applied learning projects and assessment methods are provided below: - the TU835 programme on “Planning & Environment” (Ref1) with Environmental Licensing Project and Environmental Assessment Project in Year 4. Students conducting Environmental Licensing Project are assessed against the following learning outcomes: o 'MLO1: Critically review waste streams', o 'MLO2: Evaluate auditing methods', o 'MLO3: Be familiar with regulatory processes and emission limits', o 'MLO4: Prepare the outline of an Integrated Pollution Control License', o 'MLO5: Apply a range of environmental management techniques in a pollution control licensing context’ Students conducting Environmental Assessment Project are assessed against the following learning outcomes: o 'MLO1: Write Screening and Scoping reports', o 'MLO2: Prepare a table of contents and a work programme for an EIAR', o 'MLO3: Edit specialist reports', o 'MLO4: Systematically review and critically analyse an EIAR or an ER', o 'MLO5: Prepare Non-technical summaries' - The TU996 programme on Social Care (Ref2) with a Professional Practice Placement on Year 3 (Ref3) assessed against the following learning outcomes: o 'MLO1: Show themselves as professional, autonomous and accountable social care workers. o 'MLO2: Show themselves as competent social care workers capable of communicating in a professional manner and evidence their ability to work collaboratively in a team. o 'MLO3: Demonstrate knowledge of the principles of safe practice and quality standards in social care practice and service delivery. o 'MLO4: Illustrate how they take responsibility for their own professional development and performance management. o 'MLO5: Demonstrate knowledge of key theories, concepts and skills relevant to the practice of the social care worker. The student’s ability to meet the proficiencies related to all domains (1. Professional Autonomy and Accountability, 2. Communication, Collaborative Practice and Team Work, 3. Safety and Quality, 4. Professional Development, and 5. Professional Knowledge Skills) are assessed by the placement education team. - The TU174 programme on BIM (Digital Construction) includes a Work-Based Learning module in Semester 2 (Ref5) with students assessed on the following learning outcomes: o 'MLO1: Analyse the context in which a work based learning is being undertaken including their own role as worker in that context', o 'MLO2: Identify appropriate inquiry methodologies and approaches to data in relation to the specific contexts of the workplace/practice with the guidance of a supervisor', o 'MLO3: Appraise applied research and professional literature, organizational and national policy, professional standards and directives relevant to the work-based learning context', o 'MLO4: Apply appropriate academic theories and national, EU and international policies, directives, and standards to the workplace', o 'MLO5: Implement a work-based project / task set appropriate to level 8 study', o 'MLO6: Appraise the application of specialisation skills in a workplace context', o 'MLO7: Communicate appropriately in both the work-based and the academic environments using verbal and written means', o 'MLO8: Evaluate and disseminate findings of, and understandings gained from, the work-based learning experience via peer-to-peer presentations', o 'MLO9: Apply time and project management skills appropriate to industry', o 'MLO10: Demonstrate work-based readiness in terms of communication and presentation skills, report writing skills and interpersonal skills.' URL References: Ref1: https://www.tudublin.ie/study/undergraduate/courses/planning-and-environmental-management-tu835/ Ref2: https://www.tudublin.ie/study/undergraduate/courses/social-care-tu996 Ref3: https://www.tudublin.ie/study/modules/soc-3006-professional-practice-placement-3/ Ref4: https://www.tudublin.ie/study/part-time/courses/bim-digital-construction-tu174/ Ref5: https://www.tudublin.ie/study/modules/wkpl-1004-work-based-learning-at-bsc-level/",,,text_long
Technological University Dublin,AC-4,AC,Context,Applied Learning,,"Is there an online portal or equivalent vehicle that documents completed, current, and/or prospective applied learning projects that address sustainability challenges?",Yes,,,boolean
Technological University Dublin,AC-4,AC,Context,Applied Learning,,"Description of and/or website URL for the online portal or equivalent vehicle that documents completed, current, and/or prospective applied learning projects","The Sustainability Strategic Projects portal (Ref1) includes several portals with various sustainability challenges described thereafter. The Sustainability Green-Campus portal (Ref2) includes open-call sustainability projects for and led by students (e.g. the “Re-Fridge”, “Encouraging Circular Behaviour on Campus”, “Re-Turn” and “Circular Economies in Design Workshop”) that tackle specifically SDG 12 “Responsible Consumption and Production” The Sustainability Healthy Campus portal (Ref3) include sustainability projects contributed by students such as the “TU Dublin Healthy Campus Cookbook” and for students such as the “Healthy Food Made Easy Programme for Students and Staff” which specifically target SDG 3 “Good Health and Well-Being”. The Sustainability Living Labs (Ref4) include the student sustainability project “The Grangegorman Community Garden” addressing more specifically SDG 15 “Life on Land” with links to SDG 2 “Zero Hunger”, SDG 6 “Clean water and Sanitation”, SDG 12 “Responsible consumption and production”, SDG 13 “Climate Action”. URL References: Ref1: https://www.tudublin.ie/explore/about-the-university/sustainability/strategic-projects/# Ref2: https://www.tudublin.ie/explore/about-the-university/sustainability/strategic-projects/green-campus/ Ref3: https://www.tudublin.ie/explore/about-the-university/sustainability/strategic-projects/healthy-campus/ Ref4: https://www.tudublin.ie/explore/about-the-university/sustainability/societal-engagement/living-labs/",,,text_long
Technological University Dublin,AC-4,AC,Context,Applied Learning,,Points earned for indicator AC 4.1,4,,4.0,number
Technological University Dublin,AC-4,AC,Context,Applied Learning,,Notes about the information provided for this credit,,,,not_reported
Technological University Dublin,AC-4,AC,Context,Applied Learning,,Additional documentation for this credit,,,,not_reported
Technological University Dublin,AC-5,AC,Context,Sustainability Literacy Assessment,,Has the institution conducted one or more assessments of the sustainability literacy of its students during the previous three years?,Yes,,,boolean
Technological University Dublin,AC-5,AC,Context,Sustainability Literacy Assessment,,Narrative overview of of the instruments/tools used to assess sustainability literacy,The Sustainability Education team (Ref1) offers a Sustainability Education toolkit (Ref2 ) and to take the SuliTest (Ref3) for which TU Dublin is a member. URL References: Ref1: https://www.tudublin.ie/explore/about-the-university/sustainability/sustainability-education/ Ref2: https://www.tudublin.ie/explore/about-the-university/sustainability/sustainability-education/sustainability-toolkit/ Ref3: https://edu.sulitest.org/account.html,,,text_long
Technological University Dublin,AC-5,AC,Context,Sustainability Literacy Assessment,,Description of the institution’s recent sustainability literacy assessment findings and any notable trends,The Sustainability Education team (Ref1) offers a Sustainability Education toolkit (Ref2 ) and to take the SuliTest (Ref3) for which TU Dublin is a member. URL References: Ref1: https://www.tudublin.ie/explore/about-the-university/sustainability/sustainability-education/ Ref2: https://www.tudublin.ie/explore/about-the-university/sustainability/sustainability-education/sustainability-toolkit/ Ref3: https://edu.sulitest.org/account.html,,,text_long
Technological University Dublin,AC-5,AC,Context,Sustainability Literacy Assessment,,Were academic staff engaged in sustainability education at the institution involved in developing and/or adopting the methodologies used to assess sustainability literacy?,Yes,,,boolean
Technological University Dublin,AC-5,AC,Context,Sustainability Literacy Assessment,,Description of the process through which academic staff were involved in developing and/or adopting the methodologies used to assess sustainability literacy,"A case-study project took place to assess the effectiveness of Sulitest as a Sustainability Literacy Tool (Ref1). This found that Sulitest worked best when combined with a reflective activity for students. Additionally, some TU Dublin staff were involved in the creation of the sulitest Ireland module which is an elective add on to the general sulitest and was launched in September 2024 (Ref2). Also TU Dublin academic staff administer the test at present. URL References: Ref1: https://edu.sulitest.org/files/source/Case%20Study_TUDublin_Final.pdf Ref2: https://www.tudublin.ie/explore/about-the-university/academic-affairs/education-innovation-projects/past-projects/satle2/",,,text_long
Technological University Dublin,AC-5,AC,Context,Sustainability Literacy Assessment,,Are the literacy assessments designed and administered in such a way that the results can be used to evaluate the success of the institution’s sustainability education initiatives?,No,,,boolean
Technological University Dublin,AC-5,AC,Context,Sustainability Literacy Assessment,,Description of how the design and administration of the sustainability literacy assessments supports the evaluation of the success of the institution’s sustainability education initiatives,Currently Sulitest does not give an accurate indication of progress in sustainability education. The University are currently considering Sulitest TASK but the cost may be prohibitive.,,,text
Technological University Dublin,AC-5,AC,Context,Sustainability Literacy Assessment,,Points earned for indicator AC 5.1,1.33,,1.33,number
Technological University Dublin,AC-5,AC,Context,Sustainability Literacy Assessment,,"Percentage of students assessed for sustainability literacy, either directly or by representative sample",1 to 24,,,text
Technological University Dublin,AC-5,AC,Context,Sustainability Literacy Assessment,,Description of the process used to measure or estimate the percentage of students assessed for sustainability literacy,"This percentage is based on the number of students who have completed the Sulitest. This is typically administered in the first year of the programme. Since 2019, nearly 5,000 people took the Sulitest. Since 2021, in the last 4 years, about 3,500 TU Dublin students have completed at least one Sulitest test. Assuming all students are full-time, the population of students that have been assessed for sustainability literacy is 3,500 FTE students out a student population of 22,841 FTE students, which is 15.3%.",,,text_long
Technological University Dublin,AC-5,AC,Context,Sustainability Literacy Assessment,,Points earned for indicator AC 5.2,0.25,,0.25,number
Technological University Dublin,AC-5,AC,Context,Sustainability Literacy Assessment,,Notes about the information provided for this credit,,,,not_reported
Technological University Dublin,AC-5,AC,Context,Sustainability Literacy Assessment,,Additional documentation for this credit,,,,not_reported
Technological University Dublin,AC-6,AC,Context,Sustainability Research,,Total number of academic departments engaged in research,26,,26.0,number
Technological University Dublin,AC-6,AC,Context,Sustainability Research,,Number of academic departments engaged in sustainability research,26,,26.0,number
Technological University Dublin,AC-6,AC,Context,Sustainability Research,,Annotated list or inventory of the institution’s sustainability research by department,AC_6.1_Annotated_List_of_Sustainability_Research_by_DPT_revised.xlsm,,,text
Technological University Dublin,AC-6,AC,Context,Sustainability Research,,Description of the process used to identify the institution’s sustainability research,"All research articles affiliated to ""Technological University Dublin"" OR ""TU Dublin"" OR ""TUDublin"" have been retrieved interrogating https://www.scopus.com/. 2,969 documents found since 2018. Results have been exported in a CSV format with all information on ""Citation information"", ""Bibliographic information"", ""Abstract & Keywords"". A unique list of affiliation is extracted - one found 276 affiliations. The title and abstract of each document have then been analysed by our sustainability language model to identify the SDGs and sustainability level associated to each paper. A list (CSV and/or XLSX file) of documents identified by our tool as being Sustainability-Focused and Sustainability-Inclusive is produced. Out of the 2,9696 research papers, 990 are identified as sustainable. The list of affiliation is then filtered to the 26 identifiable academic departments engaged in research. One then found 129 sustainability-focused o -inclusive papers affiliated to the 26 identifiable research departments. This list is consequently a sample of sustainability-focused or -inclusive papers published across the university.",,,text_long
Technological University Dublin,AC-6,AC,Context,Sustainability Research,,Percentage of academic departments engaged in sustainability research,100,,100.0,number
Technological University Dublin,AC-6,AC,Context,Sustainability Research,,Points earned for indicator AC 6.1,8,,8.0,number
Technological University Dublin,AC-6,AC,Context,Sustainability Research,,Does the institution provide incentives for academic staff to conduct sustainability research?,Yes,,,boolean
Technological University Dublin,AC-6,AC,Context,Sustainability Research,,Description of the sustainability research incentives for academic staff,"1) Funding and time release/buy-out for staff for sustainability research (or any other topic) is possible upon research proposals being funded. To support / incentivise academic-researchers in submitting research proposals, 2h per week of teaching buy-out is offered to supervisors. This incentive is applicable to all research projects – not only to “Sustainability research”. 2) A Research Hub has been developed with focus on ""Sustainability & Health"" (Ref1). The research Hub pushes the Sustainability agenda across many sustainability topics such as water, food, energy, policies, and health. 3) TU Dublin Sustainability Strategy promotes sustainable research agendas (Ref2). For example, our Climate Action Roadmaps (Ref3) track carbon emission in scope 1, 2, and 3; then identify a list of actions or which some are associated to research. Sustainability research is further promoted with monetary award provided by the Vice-President for Research and Innovation at the annual TU Dublin R&I Awards to cement the importance of recognising and incentivising excellent researchers for their efforts. 4) TU Dublin developed a living laboratory approach bridging sustainability research and the university operation (Ref4) 5) In some instances, funded research projects create sub-research programmes that are accelerating the participation of staff, researchers and students, and accelerating the sustainability research agenda. For example, funded sustainability research projects (Ref5) include ""Towards a Sustainability University Campus"" (Ref6), SATLE (Ref7) and N-TUTORR (Ref8). Under these National, international, or industrially funded projects, leaders have recruited researchers focused on sustainability aspects and/or created calls of interests to staff and students to apply for sustainability research projects grants. URL References: Ref1: https://www.tudublin.ie/research-innovation/research/discover-our-research/research-hubs/sustainability-health/ Ref2: https://www.tudublin.ie/explore/about-the-university/sustainability/vision--progress/sustainability-strategy/ Ref3: https://www.tudublin.ie/explore/about-the-university/sustainability/vision--progress/sustainability-strategy/climate-action-roadmap/ Ref4: https://www.tudublin.ie/explore/about-the-university/sustainability/societal-engagement/living-labs/ Ref5: https://www.tudublin.ie/explore/about-the-university/sustainability/strategic-projects/ Ref6: https://www.tudublin.ie/explore/about-the-university/sustainability/strategic-projects/action-research/towards-a-sustainable-university-campus/ Ref7: https://www.tudublin.ie/explore/about-the-university/academic-affairs/digital-education/building-organisational-digital-capability/projects/ Ref8: https://www.tudublin.ie/explore/about-the-university/academic-affairs/ntutorr/about/",,,text_long
Technological University Dublin,AC-6,AC,Context,Sustainability Research,,Does the institution provide incentives for students to conduct sustainability research?,Yes,,,boolean
Technological University Dublin,AC-6,AC,Context,Sustainability Research,,Description of the sustainability research incentives for students,"1) Top-Down approach: Sustainability projects (Ref1) involve academic partners promoting potential internships on sustainability. 2) Bottom-up approach: On a large number of programmes students must conduct an internship. Students are encouraged to think of a sustainability topic that they could align and research with sustainability office functions. (e.g. A master project consisted in reviewing the range of bins in the university, their sorting capacities, and develop sensors that could measure volume and weight in each bin) 3) Transversal approach: Our living labs (Ref2) create the dynamic connections between operation, academic, researchers, students, and the public. 4) A large range of PhD research topics addressing sustainability are offered by each school 5) PhD Research Grant are provided on some topics addressing sustainability URL References: Ref1: https://www.tudublin.ie/explore/about-the-university/sustainability/strategic-projects/ Ref2: https://www.tudublin.ie/explore/about-the-university/sustainability/societal-engagement/living-labs/",,,text_long
Technological University Dublin,AC-6,AC,Context,Sustainability Research,,Points earned for indicator AC 6.2,2,,2.0,number
Technological University Dublin,AC-6,AC,Context,Sustainability Research,,Notes about the information provided for this credit,,,,not_reported
Technological University Dublin,AC-6,AC,Context,Sustainability Research,,Additional documentation for this credit,,,,not_reported
Technological University Dublin,AC-7,AC,Context,Center for Sustainability Research,,"Does the institution have at least one organized research center, institute, or equivalent unit that is focused on sustainability and/or integrated approaches to address sustainability challenges?",Yes,,,boolean
Technological University Dublin,AC-7,AC,Context,Center for Sustainability Research,,List and description of the institution’s sustainability research units,"TU Dublin has 5 research hubs (Ref1) regrouping units (laboratories, research groups, and institutes) which all address sustainability topics from different perspectives, covering various SDGs. This is further made evident via the TU Dublin Research & Innovation Strategy (Ref2). We have two research Hub focused on sustainability and integrated approaches to address sustainability challenges. Hub 3, Sustainability & Health (Ref3) addresses SDG 2, 3, 6, 7, 11, 12, 13, 16. The hub research sustainability topics such as water, food, energy, health, and policies. Hub 5: Culture and Society (Ref4) addresses SDG 4, 5, 8, 10, 15, 16 with research on culture, innovation and inclusivity in a changing society. There are 7 main research areas: creative and performing arts; education; media studies; digital studies; digital humanities; sustainable tourism and food; and equality, diversity and inclusion. The hub includes the European Culture and Technology Lab (Ref5) that is a collaborative research institute affiliated with the European University of Technology (EUt+; Ref6) serving as a vital platform for interdisciplinary research, collaboration, and innovation at the intersection of culture, technology, and society within the European academic landscape. EUt+ is itself a European Alliance of 9 universities in 9 EU countries to form the first European University of Technology. EUt+ includes various Research Institutes with TU Dublin being a member. ECT Lab is led by TU Dublin. In addition, the EUt+ Green Office co-led by TU Dublin is conduction various research sustainability focused projects based on STARS framework. URL References: Ref1: https://www.tudublin.ie/research-innovation/research/discover-our-research/research-hubs/ Ref2: https://www.tudublin.ie/media/website/research/images/TU-Dublin-Research--Innovation-Strategy-Final-Landscape.pdf Ref3: https://www.tudublin.ie/research-innovation/research/discover-our-research/research-hubs/sustainability-health/ Ref4: https://www.tudublin.ie/research-innovation/research/discover-our-research/research-hubs/culture-society/about/ Ref5: https://ectlab.eu/ Ref6: https://www.univ-tech.eu/",,,text_long
Technological University Dublin,AC-7,AC,Context,Center for Sustainability Research,,"Does the institution have at least one organized research center, institute, or equivalent unit focused on a subject other than sustainability that produces sustainability research?",Yes,,,boolean
Technological University Dublin,AC-7,AC,Context,Center for Sustainability Research,,List and description of the institution’s research units focused on subjects other than sustainability that produce sustainability research,"TU Dublin has 5 research hubs (Ref1) which all address sustainability topics from different perspectives, covering various SDGs. The following hubs focused on subjects other than sustainability that produce sustainability research. Hub 1: Health Engineering & Materials Science (Ref2) that has 12 thematic areas and 8 cluster groups tacking research associated to SDG 3, 9, 11, 12. Health research topic include bioengineering; physical exercises and nutrition; interactions between pathogenic bacteria and human cells to better understand diseases and develop antimicrobial therapies; future skills of agriculture and manufacturing; and to undertake and translate scientific research on sport into practice with communities. Material topics include material characterisation and process analytical technology services to pharmaceutical industries; the design and synthesis of new molecules; and research in inorganic and organic synthesis, and in molecular recognition. Hub 2: Digital Futures (Ref3) tackles research on SDG 3, 4, 7, 8, 9, 11, 13. The centre conduct research in the computer, mathematical and engineering sciences, bring expertise from legal, regulatory, ethics and social sciences, and apply research in application domains such as healthcare, physical sciences, finance, education, agriculture and energy. Hub 4: Physical to Life Sciences (Ref4) tackles SDG 2, 3, 6, 7, 9, 13, 14, 15 with Radiation and Environmental Science; nano material characterisation and the analysis of the interaction of Nanomaterials with biological systems, both mammalian and aquatic (fresh and marine water) systems; dedicated surface coatings laboratory with environmental impacts; and holographic and interferometric techniques and has developed novel technologies with applications in product authentication, sensing, vibration measurement and optical device fabrication. URL References: Ref1: https://www.tudublin.ie/research-innovation/research/discover-our-research/research-hubs/ Ref2: https://www.tudublin.ie/research-innovation/research/discover-our-research/research-hubs/health-engineering-materials-science/research/ Ref3: https://www.tudublin.ie/research-innovation/research/discover-our-research/research-hubs/digital-futures/impact/ Ref4: https://www.tudublin.ie/research-innovation/research/discover-our-research/research-hubs/physical-to-life-sciences/research/research-groups/",,,text_long
Technological University Dublin,AC-7,AC,Context,Center for Sustainability Research,,Points earned for indicator AC 7.1,6,,6.0,number
Technological University Dublin,AC-7,AC,Context,Center for Sustainability Research,,Notes about the information provided for this credit,,,,not_reported
Technological University Dublin,AC-7,AC,Context,Center for Sustainability Research,,Additional documentation for this credit,,,,not_reported
Technological University Dublin,AC-8,AC,Context,Responsible Research and Innovation,,Does the institution have a published ethical code of conduct for research?,Yes,,,boolean
Technological University Dublin,AC-8,AC,Context,Responsible Research and Innovation,,Online location of the institution’s ethical code of conduct for research,https://www.tudublin.ie/media/website/research/postgraduate-research/graduate-research-school/documents/TU-Dublin-Code-of-Conduct-for-Research-Integrity.pdf,,,url
Technological University Dublin,AC-8,AC,Context,Responsible Research and Innovation,,Copy of the institution’s ethical code of conduct for research,,,,not_reported
Technological University Dublin,AC-8,AC,Context,Responsible Research and Innovation,,Points earned for indicator AC 8.1,1,,1.0,number
Technological University Dublin,AC-8,AC,Context,Responsible Research and Innovation,,Does the institution have published promotion or tenure guidelines or policies that give explicit positive recognition to integrated research?,Yes,,,boolean
Technological University Dublin,AC-8,AC,Context,Responsible Research and Innovation,,Description or text of the promotion/tenure guidelines or policies that explicitly recognize integrated research,"The promotion of interdisciplinary, transdisciplinary, and/or multidisciplinary research is recognised in TU Dublin Performance Agreement 2024-2028 , a fundamental pan-University document a pproved by the Higher Education Authority (Ref 1 ) . The Sponsor for Performance Objective 3 ( G row th of research activity) is the Vice President for Research & Innovation; the Leads are the Head of Research Support (for Research Active Staff) and the Head of the Graduate Research School (for PGRs). To ensure delivery, a number of actions are planned, including: “ The launch of five TU Dublin Research Hubs that will support development of crossdisciplinary teams and manage a range of research infrastructures. Academic and operational Leads will carry out horizon scanning for research opportunities, help create interdisciplinary teams for proposal development and form strategic research partnerships (notably through participation in the “European Research Institutes” being created as part of the EUt + alliance to foster research collaboration between alliance member universities) ” . “In addition to the creation of the five Research Hubs, Faculty Heads of Research work to help identify and facilitate multidisciplinary research across the University. ” “The University has secured resources under the TU RISE programme that will provide complementary supports. It will fund five R&I enterprise support teams, each comprising one Business Development Manager and 15 post-doctoral researchers (in total), to broker and develop relationships between university experts and regionally based enterprises. The programme will support embedding an ethos of enterprise support across our R&I community, leveraging university–industry collaboration in R&I activity to address societal challenges and generate societal impact ” TU Dublin also “developed a Researcher Career Development Framework that will contribute to more ground-breaking research contributions, fostering interdisciplinary collaboration and focusing on cutting-edge research” (Ref 1 ). TU Dublin Commitment to Postgraduate Research include the provision and access to a “Broad range of individual and multidisciplinary research degree programmes from Masters to Doctoral levels” (Ref 2 ) . When multi disciplinary research groups are formed , “ a specific domain-committee may co-opt members of another Reviewing Research Ethics Committee ( RREC ) to ensure that the relevant expertise is available ” ( Ref 3 ). TU Dublin includes a wide range of interdisciplinary, transdisciplinary, and/or multidisciplinary research groups and centres (Ref 4 ). For examples, ( i ) the Digital Marketing Research Group (DMRG) “provides an inclusive and outward looking environment for research development, fostering interdisciplinary and multidisciplinary research to achieve maximum impact in real-world applications” ( R ef 5 ) ; (ii) the Bio and Circular Economies Research Group (Bio-CERG) is a multi-disciplinary group overlapping areas in Engineering, Science, Construction, Food Science, Environmental Health, Education, Financing, Management and Materials (Ref 6 ); (iii) Dublin Energy Lab is an “interdisciplinary group of researchers who research sustainable solutions for energy generation, transport, and end-use ” (Ref 7 ) ; (iv) the Human Factors in Safety & Sustainability (H FISS) recently received the Multidisciplinary Research Team Award for “ the development of adaptive systems that predict and mitigate human errors and safety risks, for high-risk industries like aviation, healthcare, and nuclear energy, where both technical and human failures can lead to severe societal, economic, and environmental consequences ” (Ref 8 ) ; ( v) The Built Environment Research and Innovation Centre (BERIC) is “a multidisciplinary research centre working across the whole life of built environment, including planning, design, construction, operation, and asset management” (Ref 9 ). URL References: Ref 1 : https://hea.ie/assets/uploads/2024/11/TU-Dublin-Performance-Agreement-2024–2028.pdf Ref 2 : https://www.tudublin.ie/media/website/explore/about-the-university/academic-affairs/quality-framework/tallaght-qa/BOOK3_Research_Degree_Programme_Quality_Manual.pdf Ref 3 : https://www.tudublin.ie/media/website/explore/policies-and-forms/research-and-innovation/TU-Dublin-Research-Ethics-Policy-REP03-Approved.pdf Ref 4 : https://www.tudublin.ie/research-innovation/research/discover-our-research/ Ref 5 : https://www.tudublin.ie/explore/faculties-and-schools/business/marketing-and-entrepreneurship/research/ Ref 6 : https://www.tudublin.ie/research-innovation/research/discover-our-research/research-groups/bio-cerg/ Ref 7 : https://www.tudublin.ie/research-innovation/research/discover-our-research/research-groups/del/ Ref 8 : https://www.tudublin.ie/research-innovation/research/discover-our-research/research-groups/hfiss/news/the-hfiss-won-the-multidisciplinary-research-team-award-in-tu-dublin.php Ref 9 : https://www.tudublin.ie/research-innovation/research/discover-our-research/research-centres/beric/about/",,,text_long
Technological University Dublin,AC-8,AC,Context,Responsible Research and Innovation,,Do the promotion/tenure guidelines or policies that recognize integrated research cover all of the institution’s research-producing academic divisions?,Yes,,,boolean
Technological University Dublin,AC-8,AC,Context,Responsible Research and Innovation,,Does the institution have published promotion or tenure guidelines or policies that give explicit positive recognition to community-based research?,Yes,,,boolean
Technological University Dublin,AC-8,AC,Context,Responsible Research and Innovation,,Description or text of the promotion/tenure guidelines or policies that explicitly recognize community-based research,"The research integrity policy (Ref1) covers community-based research. The policy recognises that ""staff and students of TU Dublin engage in a wide variety of different research and innovation endeavours, both internally and in collaboration with external academic, community, society and industrial partners. Ensuring that all such activities are carried out in line with good research practice is critical to support continued trust in the University’s research capabilities and outputs, including commercial outputs which are based on research."" Moreover, community-based research projects are recognised in our Community Engaged Research and Learning (CERL) projects as described here: Ref2. TU Dublin aslo has the Engaged Research Network (Ref3) that is open to staff and PhD students interested in engaged research. Engaged Research describes a wide range of rigorous research approaches and methodologies that share a common interest in collaborative engagement with the community. It aims to improve, understand, or investigate an issue of public interest or concern, including societal challenges. Engaged research is advanced with community partners rather than for them. URL References: Ref1: https://www.tudublin.ie/media/website/explore/policies-and-forms/research-and-innovation/TU-Dublin-Research-Integrity-Policy-REP04-Approved.pdf Ref2: https://www.tudublin.ie/connect/communities/slwc/community-engaged-research-and-learning/ Ref3: https://www.tudublin.ie/research-innovation/research/engagement-impact/engaged-research-network/",,,text_long
Technological University Dublin,AC-8,AC,Context,Responsible Research and Innovation,,Do the promotion/tenure guidelines or policies that recognize community-based research cover all of the institution’s research-producing academic divisions?,Yes,,,boolean
Technological University Dublin,AC-8,AC,Context,Responsible Research and Innovation,,Does the institution have published promotion or tenure guidelines or policies that give explicit positive recognition to research impact or reach outside of academic journals?,Yes,,,boolean
Technological University Dublin,AC-8,AC,Context,Responsible Research and Innovation,,Description or text of the promotion/tenure guidelines or policies that explicitly recognize research impact or reach outside of academic journals,"TU Dublin Research and Innovation Services provide guidance, expert advices, and access to specialist infrastructural platforms and training (Ref1). TU Dublin Research Engagement and Impact (Ref2, Ref3) provide university-wide support and guidance to, among many things, (i) develop research engagement, (ii) plan for impact, (iii) realising impact across the lifecycle of your research project. The ""Research Impact Framework"", file ""AC 8.2 Research Impact Framework.pdf"" uploaded thereafter, was designed to guide researchers through every stage of achieving meaningful impact (Ref3). Technological University Dublin (TU Dublin) recently released its Coalition for Advancing Research Assessment (CoARA) Action Plan, published in September 2024 (Ref4). By joining CoARA, TU Dublin has formalised its commitment to developing a research assessment framework to recognise the diverse outputs, practices and activities that maximise the quality and impact of our research. TU Dublin Library Services and its ""Research Impact Framework"" provide a detailed list of research communication pathways (Ref5), how to publish (Ref5), how to create impacts (Ref6) and the means to assess research impacts (Ref7) through all research outputs, going way beyond dissemination via academic journals. TU Dublin also promote open access publishing (Ref8). Suitable LibGuides (educational tools developed by the library) based on current advisory: Ref9, Ref10. URL References: Ref1: https://www.tudublin.ie/research-innovation/research/research-journey/ Ref2: https://www.tudublin.ie/research-innovation/research/engagement-impact/ Ref3: https://www.tudublin.ie/research-innovation/research/engagement-impact/impact-resources/ Ref4: https://zenodo.org/records/13684066 Ref5: https://tudublin.libguides.com/c.php?g=670487&p=4760305 (Available only on TU Dublin intranet) Ref6: https://tudublin.libguides.com/c.php?g=670487&p=4760328 (Available only on TU Dublin intranet) Ref7: https://tudublin.libguides.com/c.php?g=670487&p=4760402 (Available only on TU Dublin intranet) Ref8: https://www.tudublin.ie/research-innovation/research/open-research/open-access-publishing/ Ref9: https://tudublin.libguides.com/c.php?g=716878 (Available only on TU Dublin intranet) Ref10: https://tudublin.libguides.com/c.php?g=721668&p=5240351&preview=a703237177989afe309fb79377caefdf (Available only on TU Dublin intranet)",,,text_long
Technological University Dublin,AC-8,AC,Context,Responsible Research and Innovation,,Do the promotion/tenure guidelines or policies that recognize research impact or reach outside of academic journals cover all of the institution’s research-producing academic divisions?,Yes,,,boolean
Technological University Dublin,AC-8,AC,Context,Responsible Research and Innovation,,Online location of the institution’s promotion/tenure guidelines or policies,https://www.tudublin.ie/research-innovation/research/engagement-impact/impact-resources/,,,url
Technological University Dublin,AC-8,AC,Context,Responsible Research and Innovation,,Copy of the institution’s promotion/tenure guidelines or policies,,,,not_reported
Technological University Dublin,AC-8,AC,Context,Responsible Research and Innovation,,Points earned for indicator AC 8.2,3,,3.0,number
Technological University Dublin,AC-8,AC,Context,Responsible Research and Innovation,,Does the institution participate in one or more inter-campus research collaboratives that have an explicit mission to promote responsible research and innovation?,Yes,,,boolean
Technological University Dublin,AC-8,AC,Context,Responsible Research and Innovation,,Description of the institution’s inter-campus collaborations for responsible research and innovation,"TU Dublin signed to the Caliper Charter ( https://caliper-project.eu/caliper-charter/ ) The Rectors of all nine partners of EUt+ have endorsed the Caliper Charter at an organisational level in a joint commitment to foster inclusiveness and gender equality in research and innovation. Building on the European Union's active promotion of gender equality in research since 2012, the Caliper Charter represents a transformative initiative designed to create lasting change in organisations and ecosystems. TU Dublin is a member of inter-campus networks such as the: - CoARA National Chapter ( https://coara.eu/ ), - TU-NET ( https://arrow.tudublin.ie/liboth/11/ ), - RESIN ( https://resin.heanet.ie/ ), - OSCAIL (Open Scholarship All Ireland Libraries), - Library Association of Ireland Open Scholarship Group ( https://www.libraryassociation.ie/open-scholarship-group/ ), - CONUL Research Group( https://conul.ie/research/ ), IOAP ( https://www.ioap.ie/ ). - OpenAire RDM Working Group ( https://www.openaire.eu/guides ) and EARMA ( https://earma.org/ ), which are international collaborations. - Also various projects, e.g. OSTrails, SCOIR, EDIRE that are research funded but inter-institutional and concerned with research practice. - European University Association ( https://www.eua.eu/ ) on topics including EU R&I Programmes whereby university members provide feedback, input to policy makers and campaign for the recognition of a sustainable and inclusive future (the vision) and provide recommendations - European University of Technology (EUt+; https://www.univ-tech.eu/ ) is a network of 9 EU universities including TU Dublin that created various research institutes for the development of responsible research across sustainability topic. Collaborative institutes include the ESSLab+ that is the Sustainability Science Lab ( https://www.univ-tech.eu/sustainability-lab ), the European Culture and Technology Laboratory (ECT Lab; https://www.univ-tech.eu/ect-lab-plus ) with objective to clarify and promote a specific European model around technology while helping legal and regulatory frameworks to evolve in a relevant direction; the European Laboratory For Pedagogical Action - Research And Student-Centred Learning (ELaRA; https://www.univ-tech.eu/elara-the-eut-pedagogical-touch ) ; the EUt+ Innovation and Technology Transfer Office (EITTO; https://www.univ-tech.eu/eitto ). EUt+ influence EU policies in domains such as the European Research Area (ERA), societal engagement (developing methodologies such as Living Labs), and transnational teaching and learning. - Irish University Association ( https://www.iua.ie/ourwork/research-innovation/ ) pursuing and implementing common policies and actions, including Policy development for supporting research, Specific Operations to support access to funding, Supporting Researchers Careers - International Association of Universities ( https://www.iau-aiu.net/ ) with 1 of the 4 strategic priorities on Higher Education and Research for Sustainable Development. - strategic partnership with United Nations (e.g. UN DESA and UNITAR; https://unitar.org/about/news-stories/press/unitar-and-tu-dublin-establish-strategic-partnership ) which for example contributed to the development of ELARA and projects in the centre, and a Special Edition in the Irish Journal of Academic Practice (IJAP) on Education for Sustainable Development ( https://arrow.tudublin.ie/ijap/vol11/iss2/ )",,,text_long
Technological University Dublin,AC-8,AC,Context,Responsible Research and Innovation,,Points earned for indicator AC 8.3,1,,1.0,number
Technological University Dublin,AC-8,AC,Context,Responsible Research and Innovation,,"Does the institution offer repository hosting that makes versions of journal articles, book chapters, and other peer-reviewed scholarly works by its employees freely available on the public internet?",Yes,,,boolean
Technological University Dublin,AC-8,AC,Context,Responsible Research and Innovation,,Narrative and/or website URL providing an overview of the open access repository,Arrow ( https://arrow.tudublin.ie/ ) and PURE ( https://researchprofiles.tudublin.ie/ ; https://www.elsevier.com/products/pure ).,,,text
Technological University Dublin,AC-8,AC,Context,Responsible Research and Innovation,,Does the institution have one or more published policies that require its employees to publish scholarly works open access or archive final post-peer reviewed versions of scholarly works in an open access repository?,Yes,,,boolean
Technological University Dublin,AC-8,AC,Context,Responsible Research and Innovation,,Do the open access policies cover all of the institution’s research-producing academic divisions?,Yes,,,boolean
Technological University Dublin,AC-8,AC,Context,Responsible Research and Innovation,,Text or online location of the institution’s open access policies,Open Access Publishing information: https://www.tudublin.ie/research-innovation/research/open-research/open-access-publishing/ Open access policy: https://arrow.tudublin.ie/open_access_policy.pdf Authorship and Publication Policy: https://www.tudublin.ie/media/website/explore/policies-and-forms/research-and-innovation/REP05-TU-Dublin-Authorship-and-Publication-Policy.pdf,,,text_long
Technological University Dublin,AC-8,AC,Context,Responsible Research and Innovation,,Copy of the institution’s open access policies,AC_8.4_open_access_policy.pdf,,,text
Technological University Dublin,AC-8,AC,Context,Responsible Research and Innovation,,Does the institution provide an open access article processing charge (APC) fund for employees?,Yes,,,boolean
Technological University Dublin,AC-8,AC,Context,Responsible Research and Innovation,,Narrative and/or website URL providing an overview of the open access APC fund,"Open Access Publishing information: https://www.tudublin.ie/research-innovation/research/open-research/open-access-publishing/ APC can be funded via research funding and/or through the IReL consortium. TU Dublin is a member of IReL (Irish Research eLibrary; https://tudublin.libguides.com/IReL-APCs ), and through this membership, we have publication agreements with many of the larger publishers.",,,text_long
Technological University Dublin,AC-8,AC,Context,Responsible Research and Innovation,,Does the institution negotiate or participate in transformative open access agreements that are consistent with ESAC guidelines?,Yes,,,boolean
Technological University Dublin,AC-8,AC,Context,Responsible Research and Innovation,,Narrative and/or website URL providing an overview of the institution’s transformative open access agreements with publishers,Elsevier and IReL are members of the ESAC Transformative Agreement Registry (Ref1). TU Dublin is a member of IReL since 2021 (Ref2; Ref3) and also work with Elsevier on transformative agreements (Ref4) URL References: Ref1: https://esac-initiative.org/about/transformative-agreements/agreement-registry/ Ref2: https://www.tudublin.ie/research-innovation/news/transforming-irelands-open-access-publishing.html Ref3: https://www.tudublin.ie/research-innovation/research/open-research/open-access-publishing/ Ref4: https://www.tudublin.ie/library/about/news-events/irish-higher-education-institutions-and-elsevier-sign-a-new-transformative-agreement-to-continue-to-support-open-access-for-research-in-ireland.html,,,text_long
Technological University Dublin,AC-8,AC,Context,Responsible Research and Innovation,,Points earned for indicator AC 8.4,2,,2.0,number
Technological University Dublin,AC-8,AC,Context,Responsible Research and Innovation,,Notes about the information provided for this credit,Research Ethic & Integrity: https://www.tudublin.ie/research-innovation/research/ethics-integrity/ Code of Conduct for Ensuring Excellence in Research Integrity: https://www.tudublin.ie/media/website/research/postgraduate-research/graduate-research-school/documents/TU-Dublin-Code-of-Conduct-for-Research-Integrity.pdf Research Ethics Policy: https://www.tudublin.ie/media/website/explore/policies-and-forms/research-and-innovation/TU-Dublin-Research-Ethics-Policy-REP03-Approved.pdf Research Integrity Policy: https://www.tudublin.ie/media/website/explore/policies-and-forms/research-and-innovation/TU-Dublin-Research-Integrity-Policy-REP04-Approved.pdf,,,text_long
Technological University Dublin,AC-8,AC,Context,Responsible Research and Innovation,,Additional documentation for this credit,AC_8.2_Research_Impact_Framework.pdf,,,text
Technological University Dublin,EN-1,EN,Context,Outreach and Communications,,Does the institution have a central sustainability website that consolidates information about its sustainability efforts?,Yes,,,boolean
Technological University Dublin,EN-1,EN,Context,Outreach and Communications,,Website URL of the institution’s central sustainability website,https://www.tudublin.ie/explore/about-the-university/sustainability/,,,url
Technological University Dublin,EN-1,EN,Context,Outreach and Communications,,Does the institution integrate sustainability information into the educational offerings or materials provided during new student orientation or the equivalent?,Yes,,,boolean
Technological University Dublin,EN-1,EN,Context,Outreach and Communications,,Narrative outlining how sustainability information is integrated into new student orientation or the equivalent,"Every one of the incoming 6,000 TU Dublin students take part in an engaging sustainability presentation during orientation to learn about the Sustainable Development Goals (SDGs) and how they are applied to enhance academic programmes, student life and our campus environment (Ref1, Ref2). They also receive an academic wall-planner/calendar which contains important information about living and studying sustainably on TU Dublin campuses, e.g. sustainable transport information, recycling info, and EDI information. URL References: Ref1: https://www.tudublin.ie/explore/about-the-university/sustainability/sustainability-education/orientation/ Ref2: https://www.tudublin.ie/explore/about-the-university/sustainability/about/news-and-events/tu-dublin-sustainability-2024-2025-academic-year-welcome.php",,,text_long
Technological University Dublin,EN-1,EN,Context,Outreach and Communications,,Does the institution integrate sustainability information into the educational offerings or materials provided during new employee orientation or the equivalent?,Yes,,,boolean
Technological University Dublin,EN-1,EN,Context,Outreach and Communications,,Narrative outlining how sustainability information is integrated into new employee orientation of the equivalent,All new staff are invited to a new Staff Welcome event. This includes a presentation on the Sustainability aims and objectives of the University. This welcome event happens twice a year.,,,text
Technological University Dublin,EN-1,EN,Context,Outreach and Communications,,Does the institution have dashboards and/or signage highlighting the institution’s sustainability features or performance?,Yes,,,boolean
Technological University Dublin,EN-1,EN,Context,Outreach and Communications,,Description of the institution’s sustainability dashboards and/or signage,"The Sustainability Intelligence team developed three Web Applications that provides dashboards to visualise and understand the sustainability level and related SDG impacts associated to taught modules, research outputs, and websites. These are, in phases, being made available to 1) academic functions (faculties, schools, programme coordinators, UET, Governing Body Committees); 2) research functions (research hubs and groups, research office, faculties, schools, UET); 3) Communication functions; and 4) all TU Dublin staff and students, 5) the public. The Decarbonisation team developed the Climate Action Roadmap (Ref1) that is our ""dashboard"" reporting scope 1, 2, and 3 emissions. Special signage highlighting the institution's sustainability performance are used such as flags across our campuses to show the Green Flag achievement (Ref2) TU Dublin Estates & Campus has TV in the common areas of each TU Dublin's buildings. This is used to communicate sustainability data and information to all staff, students, and the public (public access to buildings' foyers). TU Dublin Estates & Campus provides signages for all our buildings and offices typically visible in the foyer of buildings. Signage is shown for each Research Hub, including the Sustainability & Health research hub, previously called the Environmental Sustainability & Health Institute (ESHI). URL References: Ref1: https://www.tudublin.ie/explore/about-the-university/sustainability/vision--progress/sustainability-strategy/climate-action-roadmap/ Ref2: https://www.tudublin.ie/explore/news/tu-dublin-raise-the-green-flag-at-all-campuses-.html",,,text_long
Technological University Dublin,EN-1,EN,Context,Outreach and Communications,,"Does the institution manage a sustainability-focused social media account, newsletter, blog, online community, podcast, video series, or equivalent communications medium or platform?",Yes,,,boolean
Technological University Dublin,EN-1,EN,Context,Outreach and Communications,,Description of and/or website URL for at least one sustainability-focused communication medium or platform,The sustainability-focused communication platform is https://www.tudublin.ie/explore/about-the-university/sustainability/ TU Dublin Sustainability only socials are listed below: https://x.com/tudublinsustain/ https://www.instagram.com/tudublinsustainability https://www.youtube.com/@tudublinsustainability5657 https://bsky.app/profile/tudublinsustain.bsky.social Curation of sustainability podcasts are available here: https://www.tudublin.ie/explore/about-the-university/sustainability/learn/ Sustainability Blog/news are available here: https://www.tudublin.ie/explore/about-the-university/sustainability/about/news-and-events/,,,text_long
Technological University Dublin,EN-1,EN,Context,Outreach and Communications,,Has the institution coordinated one or more sustainability-focused outreach campaigns during the previous three years?,Yes,,,boolean
Technological University Dublin,EN-1,EN,Context,Outreach and Communications,,Description of sustainability-focused outreach campaigns from the previous three years,"A list of sustainability-focused outreach campaigns over the last three years is available here: https://www.tudublin.ie/explore/about-the-university/sustainability/about/news-and-events/ TU Dublin also has a sustainability communications and events strategy and plan for 2024 (confidential file with password protection available to STARS if required: ""EN 1.1 Sustainability Media and Events Strategy and Plan 2024_CONFIDENTIAL.pdf"") listing annual events.",,,text_long
Technological University Dublin,EN-1,EN,Context,Outreach and Communications,,Points earned for indicator EN 1.1,3,,3.0,number
Technological University Dublin,EN-1,EN,Context,Outreach and Communications,,Does the institution collect data on the reach of its sustainability outreach and communications efforts and/or stakeholder awareness of its sustainability initiatives?,Yes,,,boolean
Technological University Dublin,EN-1,EN,Context,Outreach and Communications,,Percentage of campus stakeholders reached annually through sustainability outreach and communications,80 to 100,,,text
Technological University Dublin,EN-1,EN,Context,Outreach and Communications,,Approach used to determine the percentage of campus stakeholders reached annually,Communication analytics,,,text
Technological University Dublin,EN-1,EN,Context,Outreach and Communications,,Description of the methodology used to determine the reach of the institution’s sustainability outreach and communications,"To determine the reach of TU Dublin's sustainability outreach and communications for STARS reporting, the focus will be on Active Newsletter Subscriptions for both staff and students, including total numbers to provide a precise and GDPR-compliant analysis. Active Newsletter Subscriptions: Staff Reach: The sustainability newsletter is sent to a total of 4,417 active unique staff members email addresses (includes Staff on Career Break, Student Helpers, Performers (Conservatoire), Guest Lecturers, Exam Invigilators, Sports Assistants, Life Models (people who pose for the Art Students) etc. and any other individuals being paid for working for the University). Of these, 6 staff members have blocked the newsletter, 7 had it delivered to their deleted folder, and 4 had it delivered to their junk folder, totaling 17 who did not actively receive it. Therefore, the reported active newsletter reach for staff is 4,400 staff members (4,417 total - 17), which equates to 99.6% staff reach. Student Reach: The newsletter was delivered to 45,652 active unique students email addresses (includes Full-time, Part-time, Distance Learning, Further Education etc.). Of this total, 3 students blocked the newsletter, 12 had it delivered to their deleted folder, and 2 had it delivered to their junk folder, resulting in 17 students not actively receiving it. Thus, the reported active newsletter reach for students is 45,635 students (45,652 total - 17), which equates to 99.96% student reach. Summary: For STARS reporting, the total reach of the institution’s sustainability communications through active newsletter subscriptions is: Staff reach: 4,400 out of 4,417 staff members, representing 99.6%. Student reach: 45,628 out of 45,661 students, representing 99.9%. This method provides a precise and GDPR-compliant metric to report on the institution’s outreach efforts.",,,text_long
Technological University Dublin,EN-1,EN,Context,Outreach and Communications,,Points earned for indicator EN 1.2,2,,2.0,number
Technological University Dublin,EN-1,EN,Context,Outreach and Communications,,Notes about the information provided for this credit,,,,not_reported
Technological University Dublin,EN-1,EN,Context,Outreach and Communications,,Additional documentation for this credit,,,,not_reported
Technological University Dublin,EN-2,EN,Context,Co-Curricular Activities,,Does the institution formally recognize at least one student organization that is sustainability-focused?,Yes,,,boolean
Technological University Dublin,EN-2,EN,Context,Co-Curricular Activities,,Narrative and/or website URL providing an overview of the sustainability-focused student organization(s),"TU Dublin has a number of societies (student-led organisations) that are active in the area of sustainability such as the Environment and Planning Society ( Ref1) which organises events around environment and planning, and organises the university Green Week. There is also a Sustainbaility Society (Ref2) and a number of volunteering societies and activist societies which campaign and tacke action on social justice and environmental issues (Ref3). URL References: Ref1: https://societies.tudublin.ie/societies/environment,planningandsustainabilitysociety Ref2: https://societies.tudublin.ie/societies/sustainabilitysocietycitycampus Ref3: https://societies.tudublin.ie/societies/",,,text_long
Technological University Dublin,EN-2,EN,Context,Co-Curricular Activities,,"Does the institution formally recognize at least one student organization that is focused on a topic other than sustainability, but is advancing ecological integrity or racial equity and social justice?",Yes,,,boolean
Technological University Dublin,EN-2,EN,Context,Co-Curricular Activities,,Narrative and/or website URL providing an overview of the student organizations that are advancing ecological integrity or racial equity and social justice,TU Dublin has a number of student organisations / societies that have a focus in the area of social justice and equity. These include the St Vincent De Paul Society that works on the area on social justice (Ref1); the LGBTQ+ Society that campaigns for gender equity (Ref2) and the Africa Society that works for racial equity (Ref3) URL References: Ref1: https://societies.tudublin.ie/societies/svpcitycampus Ref2: https://societies.tudublin.ie/societies/lgbtqplussocietycitycampus Ref3: https://societies.tudublin.ie/societies/africasociety,,,text_long
Technological University Dublin,EN-2,EN,Context,Co-Curricular Activities,,Points earned for indicator EN 2.1,2,,2.0,number
Technological University Dublin,EN-2,EN,Context,Co-Curricular Activities,,Has the institution hosted a major sustainability-focused event or series of events during the previous three years targeted to students?,Yes,,,boolean
Technological University Dublin,EN-2,EN,Context,Co-Curricular Activities,,Description of and/or website URL for at least one major sustainability-focused event or series of events,URL References: Ref1: https://www.tudublin.ie/explore/news/tu-dublin-green-week-2024.html Ref2: https://www.tudublin.ie/explore/about-the-university/sustainability/about/news-and-events/student-climate-summit.php,,,text_long
Technological University Dublin,EN-2,EN,Context,Co-Curricular Activities,,Does the institution have a sustainability-focused peer-to-peer education program in which student educators are selected and trained to help catalyze change among their peers?,Yes,,,boolean
Technological University Dublin,EN-2,EN,Context,Co-Curricular Activities,,Description of and/or website URL for at least one sustainability-focused peer-to-peer education programs for students,"TU Dublin currently employs five Student Champions for the Education for Sustainability theme. They are listed here (Ref1) and run various projects and workshops to educate their peers. TU Dublin staff can avail Education for Sustainable Development CDP (Ref2). Academics can then produce peer-to-peer education programs for students and exploit the ESD Library of Resources (Ref3, Ref4). URL References: Ref1: https://www.tudublin.ie/explore/about-the-university/academic-affairs/ntutorr/themes/education-for-sustainability/ Ref2: https://www.tudublin.ie/explore/about-the-university/sustainability/about/news-and-events/educating-for-sustainability-cpd.php Ref3: https://www.tudublin.ie/explore/about-the-university/sustainability/sustainability-education/sustainability-toolkit/ Ref4: https://www.tudublin.ie/explore/about-the-university/sustainability/sustainability-education/sustainability-toolkit/library-of-resources/",,,text_long
Technological University Dublin,EN-2,EN,Context,Co-Curricular Activities,,Does the institution regularly provide sustainability-focused employment opportunities for students on at least an annual basis?,Yes,,,boolean
Technological University Dublin,EN-2,EN,Context,Co-Curricular Activities,,Description of and/or website URL for at least one sustainability-focused employment opportunity for students,The N-TUTORR project enabled to employ 5 students on Education for Sustainability: https://www.tudublin.ie/explore/about-the-university/academic-affairs/ntutorr/themes/education-for-sustainability/,,,text
Technological University Dublin,EN-2,EN,Context,Co-Curricular Activities,,Does the institution have at least one student-managed enterprise that is sustainability-focused?,Yes,,,boolean
Technological University Dublin,EN-2,EN,Context,Co-Curricular Activities,,Description of and/or website URL for at least one student-managed enterprise that is sustainability-focused,"Student-led enterprises are typically found in our TU Dublin Student Volunteering groups (Ref1). Sustainability-focused enterprise include: “TU Dublin's Student-Led Volunteering Projects” which give students the opportunity to start their own volunteering community programme to make a difference for a cause they are passionate about (Ref 2). For examples, students may work with a local school, elderly people or setting up a gardening club. TU Dublin Student Volunteering groups led by students include project on the topics of communities, Human-Rights/Justice, Arts/Culture/Media, Environment/Animal Welfare, Health and Wellbeing, International, Education, Sports and Recreation. For example, the SVP Food Pantry provide food for free to students and saved it from landfill. In the first 6 weeks of its operation, 300 students received free food that was equivalent to diverting 1,894 Kg of CO2e emissions (Ref 3). Students are strongly supported to develop enterprises and start-ups that focus on sustainability. Many of our students also operate their own enterprises with the support of the University. For example, Giada and Ethan have set up a “motivational coaching for sustainable success” enterprise and are speaking at our Green Week. Ethan is a TU Dublin student who has set up several enterprises, as he notes: “I lead social enterprise initiatives that use business as a force for good. One of these projects, Football for Grief, is a program that provides a support system for people experiencing loss through football.” (Ref 4) URL References: Ref 1: https://www.studentvolunteer.ie/tudublin/view-all Ref 2: https://www.studentvolunteer.ie/view-all/tu-dublin-volunteering-student-lead-project-funding Ref 3: https://www.studentvolunteer.ie/view-all/svp-society-food-pantry Ref 4: https://www.tudublin.ie/explore/about-the-university/sustainability/about/news-and-events/take-control.php",,,text_long
Technological University Dublin,EN-2,EN,Context,Co-Curricular Activities,,Description of additional sustainability-focused co-curricular activities for students,,,,not_reported
Technological University Dublin,EN-2,EN,Context,Co-Curricular Activities,,Points earned for indicator EN 2.2,2,,2.0,number
Technological University Dublin,EN-2,EN,Context,Co-Curricular Activities,,Does the institution collect data on the extent of student participation in its sustainability activities?,Yes,,,boolean
Technological University Dublin,EN-2,EN,Context,Co-Curricular Activities,,Percentage of students that participate in sustainability activities annually,50 to 100,,,text
Technological University Dublin,EN-2,EN,Context,Co-Curricular Activities,,Approach used to determine the percentage of students that participate in the institution’s sustainability activities annually,Direct tracking of participation,,,text
Technological University Dublin,EN-2,EN,Context,Co-Curricular Activities,,Narrative outlining how student participation in the institution’s sustainability activities was determined,"All first year students (100%) participate in an engaging sustainability session during Orientation. About 6000 students participated in this session in October 2024: https://www.tudublin.ie/explore/about-the-university/sustainability/about/news-and-events/sustainability-orientation-presentations-delivered-to-6000-students.php This activity carry-on annually meaning that after 4 academic years, all students would have participated to sustainabiity activities.",,,text_long
Technological University Dublin,EN-2,EN,Context,Co-Curricular Activities,,Points earned for indicator EN 2.3,5,,5.0,number
Technological University Dublin,EN-2,EN,Context,Co-Curricular Activities,,Notes about the information provided for this credit,,,,not_reported
Technological University Dublin,EN-2,EN,Context,Co-Curricular Activities,,Additional documentation for this credit,,,,not_reported
Technological University Dublin,EN-3,EN,Context,Staff Engagement and Training,,Does the institution have at least one voluntary network or engagement program open to non-academic staff that is sustainability-focused?,Yes,,,boolean
Technological University Dublin,EN-3,EN,Context,Staff Engagement and Training,,Narrative and/or website URL providing an overview of the sustainability-focused staff networks and engagement programs,"The Green Campus Committee and Programme encourages a partnership approach to environmental education, management, and action in third-level institutions. The programme primarily aims to ensure that members of a campus community can engage in a meaningful way to enhance sustainability on campus (Ref1). The SDG Literacy Community of Practice aims to empower faculty and students to co-create learning opportunities that will build knowledge of the UN Sustainable Development Goals (SDGs) and enable students to make meaningful connections between the SDGs and their focus of study (Ref2). URL References: Ref1: https://www.tudublin.ie/explore/about-the-university/sustainability/strategic-projects/green-campus/ Ref2: https://www.tudublin.ie/explore/about-the-university/sustainability/sustainability-education/sdgliteracy/",,,text_long
Technological University Dublin,EN-3,EN,Context,Staff Engagement and Training,,Does the institution have at least one voluntary staff network or engagement program open to non-academic staff that is focused on a topic other than sustainability that is advancing ecological integrity and/or racial equity and social justice?,Yes,,,boolean
Technological University Dublin,EN-3,EN,Context,Staff Engagement and Training,,Narrative or website URL providing an overview of the staff networks and engagement programs that are advancing ecological integrity and/or racial equity and social justice,"Staff Network & Engagement Programs ""advancing ecological integrity"": - TU Dublin School of Architecture works with all other Schools of Architecture in the Republic of Ireland formed a national strategic partnership to deliver Building Change: Designing a Resilient Future through Architecture Education (Ref1). - TU Dublin Campus & Estates teams (Ref2) includes the ""Environmental & Sustainability"" group and the Campus Planning team (Ref3) who work with networks of national agencies such as the Grangegorman Development Agency (Ref4), Codema (Ref5), Dublin City Council (Ref6) and , National transport Authorities (Ref7), and other services to design, build, operate and maintain green buildings and campuses. Staff Network & Engagement Programs ""advancing social justice"": - TU Dublin organisation include the ""Equality Diversity and Inclusion"" team (Ref8) that works across the university to advance EDI and ensure we build an inclusive culture, promote equality, prevent discrimination and protect the human rights of staff, students, and everyone affected by our policies and plans. All EDI initiaties involve a network of staff and engagement with internal and external stakeholders (Ref9) - Through the ""Race Equity"" programme (Ref10), TU Dublin is committed to building an intercultural university that is anti-racist and facilitates a true sense of belonging and empowerment for all members of the university community. TU Dublin signed the Higher Education Authority (HEA)’s Race Equality Anti-Racism Principles for Irish Higher Education Institutions (Ref11). URL References: Ref1: https://www.tudublin.ie/explore/about-the-university/sustainability/strategic-projects/action-research/building-change/ Ref2: https://www.tudublin.ie/connect/campus-estates/meet-the-team/ Ref3: https://www.tudublin.ie/explore/our-campuses/campus-development/campus-planning/ Ref4: https://ggda.ie/ Ref5: https://www.codema.ie/ Ref6: https://www.dublincity.ie/business/economic-development-and-enterprise/smart-cities Ref7: https://www.nationaltransport.ie/ Ref8: https://www.tudublin.ie/explore/about-the-university/equality-and-diversity/ Ref9: https://www.tudublin.ie/explore/about-the-university/equality-and-diversity/edi-initiatives-in-tu-dublin/ Ref10: https://www.tudublin.ie/explore/about-the-university/equality-and-diversity/strategy-policies-action-plans/action-plans/race-equity/ Ref11: https://www.tudublin.ie/explore/news/archive-2023/tu-dublin-signs-anti-racism-principles-for-higher-education.html",,,text_long
Technological University Dublin,EN-3,EN,Context,Staff Engagement and Training,,Points earned for indicator EN 3.1,2,,2.0,number
Technological University Dublin,EN-3,EN,Context,Staff Engagement and Training,,Does the institution make available sustainability-focused training opportunities to non-academic staff on at least an annual basis?,Yes,,,boolean
Technological University Dublin,EN-3,EN,Context,Staff Engagement and Training,,Description of and/or website URL for at least one of the institution’s sustainability-focused staff training opportunities,"The Sustainability Education team offer Continuing Professional Devlopment (CDP) on sustainability (Ref1). The team also runs the Sustainability Education Symposium with an emphasis on how the competences set out in the EU GreenComp framework can be integrated into Teaching-Learning-Assessment (TLA) design, the symposium is an opportunity for educators from across the University to hear from colleagues who will share teaching, learning and assessment practices which support the development of sustainability-focused global citizens (Ref2). URL References: Ref1: https://www.tudublin.ie/explore/about-the-university/sustainability/sustainability-education/professional-development/ Ref2: https://www.tudublin.ie/explore/about-the-university/sustainability/about/news-and-events/sustainability-education-symposium.php",,,text_long
Technological University Dublin,EN-3,EN,Context,Staff Engagement and Training,,Points earned for indicator EN 3.2,2,,2.0,number
Technological University Dublin,EN-3,EN,Context,Staff Engagement and Training,,Does the institution collect data on the extent of employee participation in its sustainability activities?,Yes,,,boolean
Technological University Dublin,EN-3,EN,Context,Staff Engagement and Training,,Percentage of employees that participate in sustainability activities annually,50 to 100,,,text
Technological University Dublin,EN-3,EN,Context,Staff Engagement and Training,,Approach used to determine the percentage of employees that participate in the institution’s sustainability activities annually,Direct tracking of participation,,,text
Technological University Dublin,EN-3,EN,Context,Staff Engagement and Training,,Narrative outlining how employee participation in the institution’s sustainability activities was determined,"TU Dublin typically carry out a large scale sustainability activity every year. As show in in TU Dublin Annual report 2022 (Ref1), Walk21 was a major programme conisting of 150 events which resulted in a single event in the participation of 60 interdisciplinary delegate and >1000 delegates globally. Over the 150 events thousands of staff and students were engage. In addition to events, TU Dublin travel survey assessing sustainable commute was conducted and 1162 TU Dublin staff responded (Ref2). In 2023, the analysis of the survey was fedback to 410 staff (Ref3). Also in the 2023 to May 2024 period, 1186 distinct staff went through the Embedding Sustainability Workshops. About 889 participated in 2023 and 297 up to May 2024 while more workshops were carried on after that. Between Walk21 and the Survey one estimates the participation of ~2000 TU Dublin staff over a head count of 2897 therefore leading to a ""Direct tracking of participation"" of about 69%. Looking at the travel survey feedback and the participants of the Embedding Sustainability Workshops in 2023 events, one can already count about 889+410=1299 staff. A very large number of events are conducted per year (Ref4). To estimate the percentage of TU Dublin staff participation to sustainability activities we have also made calculation using the ""Conservative estimate based on mixed/limited data sources"" method. In this case we have first retrieved the list of member of 8 out of 16 sustainability groups. The sum of participants (including repeating participants) is 595. Of those there are 449 individuals/unique participants - that means 25% of participants repeat across groups. From the number of staff we reported per event we therefore considered that 25% of those would repeat in other events - meaning, in an event of 100 people, we consider only 75 staff to be unique and contribute to the total value. To the sum of staff registered on various events we then added the number of unique members in groups and also considered 25% overlap between members of group and participants of events. We extracted the number of staff that participated to 5 large events in 2023 (including those mentioned above) out of 50 to 75 events. The ""Conservative estimate based on mixed/limited data sources"" ended up to 1724 TU Dublin staff out of 2975, i.e. 58% participation. The same was done for events in 2024, which resulted in 1574 TU Dublin staff representing ~55% participation up to October 2024. Comparing with the ""Direct tracking of participation"" ocalculation method of 2022 which yielded 69% participation, one can easily conceive that an addition 10% participation would be achieved from counting staff participation in smaller events in 2023 and 2024. In conclusion, we are confident the participation rate is between 50% and 100%. URL References: Ref1: https://www.tudublin.ie/media/website/explore/foi/documents/TU-Dublin-Annual-Report-2022.pdf Ref2: https://www.tudublin.ie/media/website/explore/about-the-university/sustainability/documents/TU-Dublin-Travel-Survey-2022.pdf Ref3: https://www.tudublin.ie/explore/about-the-university/sustainability/about/news-and-events/tu-dublin-smarter-travel-survey-2022-results-.php Ref4: https://www.tudublin.ie/explore/about-the-university/sustainability/about/news-and-events/",,,text_long
Technological University Dublin,EN-3,EN,Context,Staff Engagement and Training,,Points earned for indicator EN 3.3,4,,4.0,number
Technological University Dublin,EN-3,EN,Context,Staff Engagement and Training,,Notes about the information provided for this credit,,,,not_reported
Technological University Dublin,EN-3,EN,Context,Staff Engagement and Training,,Additional documentation for this credit,,,,not_reported
Technological University Dublin,EN-4,EN,Context,Sustainability Culture Assessment,,Has the institution conducted an assessment of its sustainability culture during the previous three years?,Yes,,,boolean
Technological University Dublin,EN-4,EN,Context,Sustainability Culture Assessment,,Narrative and/or website URL providing an overview of the instruments/tools used to assess sustainability culture,"Sustainability Education conducted the Student Survey on SDG Awareness has been delivered to our incoming cohort of new students in both 2023 and 2024. In 2023 the survey was completed by 2463 students (a 45% response rate). In 2024, the survey was responded to by 3297 students (57% response rate). The survey assessed students’ knowledge of the SDGs as they arrived into the University, and asked them how they would like to engage with Sustainability and Climate Action in the University.",,,text_long
Technological University Dublin,EN-4,EN,Context,Sustainability Culture Assessment,,Description of the institution’s recent sustainability culture assessment findings and any notable trends,"Awareness of the SDGs was surprisingly low, with only 33% (2023) and 27% (2024) saying that they knew a little bit or more about the SDGs. This information has been shared with the Irish National Advisory group for Educational for Sustainable Development which is responsible for ESD across all educational levels. There were consistent responses in how students wished to address social/ environmental societal challenges while in University. The most popular response was through “relevant TU Dublin clubs & societies” (21% both years). The next most popular options were closely ranked, all being ranked by 13-14% of students in both years: “Work with classmates on solving real world sustainability/climate challenges through projects”; “Take a module/subject related to sustainability”; and “Attending sustainability/climate action events”. When students were asked, “What kind of actions have you taken to address social and/or environmental sustainability in the past 5 years?” the responses were again quite consistent across the two cycles. The two most common answers were “Changed your everyday behaviour (e.g. using more sustainable travel; not buying goods manufactured in countries with poor labour laws & rights; eating more plant-based foods)” (25-26%) and “Participated in actions related to social/environmental issues organised by your school” (21-22%) This survey will be repeated each year to get a longitudinal view of sustainability culture within the University .",,,text_long
Technological University Dublin,EN-4,EN,Context,Sustainability Culture Assessment,,Is the culture assessment designed and administered in such a way that the results can be used to measure change over time?,Yes,,,boolean
Technological University Dublin,EN-4,EN,Context,Sustainability Culture Assessment,,Description of how the design and administration of the sustainability culture assessments supports the measurement of change over time,"TU Dublin University Executive Team is formed of the President, all the Faculty Deans and Vice Presidents. including the VP of Sustainability (Ref1). The UET is the space where pan-university sustainability strategies (Ref2) are discussed and support by all academic and non-academic functions. The UET and the Strategic Development office created TU Dublin Strategic Plan with sustainability pillars and sustainability key performance indicators applicable to the entire university (Ref3). The Strategic Plan is a key tool to measure the measurement of sustainability culture change. The UET informs and gets suport from TU Dublin Governance (Ref4) which consists of the Governing Body, Governing Body committes inclusing an Equality, Diversity, and Inclusion committee (Ref5), and TU Dublin Academic Council including the University Programme Board, Academic Quality Assurance & Enhancement Committee, and Student Experience Committee. The VP of Sustainability developed a team of five functions (with more being expected) further supporting the measurement and implementation of change over time with the 1) Sustainability Education team in close collaboration with faculties, and schools, 2) Decarbonisation team in collaboration with Estates & Campus, and Campus Planning, 3) Societal Engagement team in collaboration with partnerships, communication office, research office, faculties and schools, 4) Sustainability Project team providing versatility of projects across all functions, and 5) the Sustainability Intelligence team as the backbone to acquire, clean, process, and analyse the university's sustainability data and consequently support every univerity's functions in the design and assessment of sustainability culture. Each sustainability team draw support to measure and implement change with relevant Univresity committees and board under the university governance. For examples, Sustainable Intelligence & Sustainable Education work with (i) Academic Affairs on the Academic Quality Assurance & Enhancement Committee, (ii) programme coordinators and heads of schools on the University Programmes Board; Sustainability Intelligence works with the EDI office on the Equality, Diversity and Inclusion Committee. URL References: Ref1: https://www.tudublin.ie/explore/about-the-university/uet/ Ref2: https://www.tudublin.ie/explore/about-the-university/sustainability/vision--progress/sustainability-strategy/ Ref3: https://www.tudublin.ie/media/website/explore/about-the-university/strategic-plan/documents/Strategic-Plan-2024-2028-FINAL.pdf Ref4: https://www.tudublin.ie/explore/about-the-university/governance/ Ref5: https://www.tudublin.ie/explore/about-the-university/governance/equality-diversity-and-inclusion-committee/",,,text_long
Technological University Dublin,EN-4,EN,Context,Sustainability Culture Assessment,,Points earned for indicator EN 4.1,1,,1.0,number
Technological University Dublin,EN-4,EN,Context,Sustainability Culture Assessment,,"Percentage of students assessed for sustainability culture, either directly or by representative sample",75 to 100,,,text
Technological University Dublin,EN-4,EN,Context,Sustainability Culture Assessment,,Description of the process used to measure or estimate the percentage of students assessed for sustainability culture,"Sustainability orientation sessions are delivered to 5,400 new students (Ref1) which represent all (100%) new students. As part of their orientation over 5,400 first year students participated in 30 individual interactive sustainability workshops and were invited to partake in a survey of their knowledge of the Sustainable Development Goals (SDGs). URL References: Ref1: https://www.tudublin.ie/explore/about-the-university/sustainability/about/news-and-events/sustainability-orientation-sessions-delivered-to-5400-tu-dublin-students-.php",,,text_long
Technological University Dublin,EN-4,EN,Context,Sustainability Culture Assessment,,Points earned for indicator EN 4.2,1,,1.0,number
Technological University Dublin,EN-4,EN,Context,Sustainability Culture Assessment,,"Percentage of employees assessed for sustainability culture, either directly or by representative sample",0,,0.0,number
Technological University Dublin,EN-4,EN,Context,Sustainability Culture Assessment,,Description of the process used to measure or estimate the percentage of employees assessed for sustainability culture,,,,not_reported
Technological University Dublin,EN-4,EN,Context,Sustainability Culture Assessment,,Points earned for indicator EN 4.3,0,,0.0,number
Technological University Dublin,EN-4,EN,Context,Sustainability Culture Assessment,,Notes about the information provided for this credit,,,,not_reported
Technological University Dublin,EN-4,EN,Context,Sustainability Culture Assessment,,Additional documentation for this credit,,,,not_reported
Technological University Dublin,EN-5,EN,Context,Civic Engagement,,Does the institution have one or more programs to support student civic engagement?,Yes,,,boolean
Technological University Dublin,EN-5,EN,Context,Civic Engagement,,Narrative and/or website URL providing an overview of the institution’s civic engagement programs for students,"Examples of community service opportunities for our students include: (i) Student Society and Sports Club committees who run student groups for other students' benefit (Ref1); (ii) Student Societies (Ref2, Ref3) who are primarily engaged in volunteering and social enterprise which include our TU Dublin St. Vincent de Paul (SVP) Society (Ref4), TU Dublin Environmental Planning Society (Ref5), TU Dublin Enactus Society (Ref6) - which receives a lot of support from our GrowthHub (Ref7); (iii) Student Volunteering Programme are facilitated through the Student Volunteering platform (Ref8, Ref9); (iv) Students' Union volunteering programme include Student Class Representative (Ref10, Ref11); (v) TU Dublin Peer Mentoring Programme (Ref12, Ref13); and (vi) TU Dublin Communities of Practices (Ref14) URL References: Ref1: https://www.tudublin.ie/for-students/student-life/sport/sports-clubs/ Ref2: https://www.tudublin.ie/for-students/student-life/societies/ Ref3: https://societies.tudublin.ie/ Ref4: https://societies.tudublin.ie/societies/svpcitycampus Ref5: https://societies.tudublin.ie/societies/environment,planningandsustainabilitysociety Ref6: https://societies.tudublin.ie/societies/enactussocietycitycampus Ref7: https://www.tudublin.ie/connect/partnering-with-us/growthhub/ Ref8: https://www.tudublin.ie/for-students/student-life/student-volunteering/ Ref9: https://www.studentvolunteer.ie/tudublin/ Ref10: https://www.tudublin.ie/explore/about-the-university/academic-affairs/enhancing-student-engagement-in-quality-enhancement/our-student-voice/resources-for-students/being-a-class-representative/ Ref11: https://tudublinsu.ie/your-voice/class-reps Ref12: https://www.tudublin.ie/for-students/student-services-and-support/student-wellbeing/pastoral-care-chaplaincy/peer-mentoring/ Ref13: https://www.tudublin.ie/connect/communities/slwc/community-engaged-research-and-learning/ Ref14: https://www.tudublin.ie/explore/about-the-university/academic-affairs/lta/communities-of-practice/",,,text_long
Technological University Dublin,EN-5,EN,Context,Civic Engagement,,Percentage of students that participate in community service and/or other civic engagement programs annually,1 to 9,,,text
Technological University Dublin,EN-5,EN,Context,Civic Engagement,,Approach used to determine the percentage of students that participate in civic engagement programs annually,Conservative estimate based on mixed/limited data sources,,,text
Technological University Dublin,EN-5,EN,Context,Civic Engagement,,Narrative outlining how student participation in civic engagement programs was determined,"In the academic year 2023-2024, about 1908 students engaged in community activities through (i) 373 students participating to TU Dublin student volunteering programmes (Ref1), (ii) 685 students are Sports clubs and Societies Committee members, (iii) 150 students are Peer Mentors, and (iv) 700 students are class representatives. Among 10 out of 16 Sustainability Community of Practices (Ref2) and commitees, we account for 36 distinctive students, which extrapolated to the 16 groups leads to about 58 students. The population of students engaged in community activities is then estimated to about 2,000 FTE students out a student population of 22,841 FTE students, which is ~9% the student population. URL References: Ref1: www.studentvolunteer.ie/tudublin Ref2: https://www.tudublin.ie/explore/about-the-university/academic-affairs/lta/communities-of-practice/",,,text_long
Technological University Dublin,EN-5,EN,Context,Civic Engagement,,Points earned for indicator EN 5.1,0.50,,0.5,number
Technological University Dublin,EN-5,EN,Context,Civic Engagement,,Does the institution have one or more programs designed to support employee community service?,Yes,,,boolean
Technological University Dublin,EN-5,EN,Context,Civic Engagement,,Narrative and/or website URL providing an overview of the institution’s programs to support employee community service,"Employee Community Groups (Ref1): These are voluntary, employee-led groups formed to provide support, networking, and development opportunities for employees who share common characteristics, interests, or experiences. They foster a sense of community and encourage participation in various initiatives. Community Gardens (ref2): TU Dublin maintains community gardens where staff can engage in gardening and sustainability activities. These gardens serve as spaces for employees to meet, share skills, and reconnect with nature, contributing to community development. URL References: Ref1: https://www.tudublin.ie/intranet/people-organisation-culture/employee-engagement/belonging-inclusion/employee-community-groups/ Ref2: https://www.tudublin.ie/explore/about-the-university/sustainability/societal-engagement/community-gardens/",,,text_long
Technological University Dublin,EN-5,EN,Context,Civic Engagement,,Does the institution support employees volunteering for community organizations during regular work hours?,Yes,,,boolean
Technological University Dublin,EN-5,EN,Context,Civic Engagement,,Narrative and/or website URL providing an overview of the institution’s support for community volunteering during regular work hours,"TU Dublin supports employee volunteering during regular work hours, including participation in sustainability and biodiversity initiatives. Notable events include: Biodiversity Action on the Tallaght Campus (Ref1): TU Dublin students and staff led a tree-planting event on the Tallaght campus to promote biodiversity. This event aligned with the ""Active Citizenship"" module, developed as part of the HEA-funded Transform EDU project. The project aims to integrate sustainability into the university experience by involving students and staff in practical environmental stewardship. Planting Stepping Stone Forests (Ref2): In partnership with Stepping Stone Forests, TU Dublin organized tree-planting events across its campuses, creating mini-forests with native trees and shrubs. This initiative supports urban reforestation and is part of TU Dublin's commitment to environmental sustainability. URL References: Ref1: https://www.tudublin.ie/explore/about-the-university/sustainability/about/news-and-events/tu-dublin-students-and-staff-lead-action-for-biodiversity-on-the-tallaght-campus.php Ref2: https://steppingstoneforests.org/school-tree-planting/",,,text_long
Technological University Dublin,EN-5,EN,Context,Civic Engagement,,Points earned for indicator EN 5.2,1,,1.0,number
Technological University Dublin,EN-5,EN,Context,Civic Engagement,,Have one or more individuals affiliated with the institution helped develop public policies that address sustainability challenges within the previous three years?,Yes,,,boolean
Technological University Dublin,EN-5,EN,Context,Civic Engagement,,Narrative outlining how individuals affiliated with the institution have helped develop local or regional public policies that address sustainability challenges,"Dr. Lorraine D'Arcy, project lead in TU Dublin Sustainability Office, helped develop the following local and regional policies on Sustainable Transport: - Lorraine is a member of the Irish Physical Activity Research Collaboration (I-PARC) project (Ref1) that contributes to the update of the National Physical Activity Plan (Ref2) - Lorraine worked with the Dun-Laoghaire Rathdown County Council (DLRCC) to develop an evaluation framework to define what data needs to be collected for monitoring and analysis used for the ""Moving Together"" strategy ""A Strategic Approach to the Improved Efficiency of the Transport System in Ireland"" from the Department of Transport (Ref3) - Lorraine contributes to the Local Area Plans (LAPs) for the National Development Plan (NDP) (Ref4). TU Dublin Sustainability Office, Estates and Campus Planning members work daily with the Grangegroman Development Agency for the sustainabile development of the Grangegorman campus that is a Strategic Development Zone (SDZ). - Lorraine was a speaker at the launch of the ""Climate Neutral Dublin 2030"" Climate Action Plan (CAP); (Ref5) - One of Lorraine D'Arcy project is also one of the founders of Campuses Role as Actors in Walkable and Livable Communities (CRAWL). CRAWL is funded under the Science Foundation Ireland’s (SFI) National Challenge Fund Sustainable Communities Challenge and supported by the Office of the Planning Regulator as our Societal Impact Champion. CRAWL aims to engage TU Dublin’s community and campus stakeholders in order to understand barriers and provide opportunities to make campuses and their surrounding neighbourhoods more walkable and liveable (Ref6). CRAWL organises think-in with communities for the development of local policies (Ref7). Dr. Sarah Rock and David O’Connor in TU Dublin worked with Dún Laoghaire-Rathdown County Council in this Coastal Mobility Project. Phase 1 of the study focused on an interim mobility-based analysis of the Coastal Mobility Route (CMR) only (as well as a socio-economic study of Blackrock Village) and did not include a wider socio-economic or environmental analysis of the CMR. Phase 2 of the research is intended to include a wider socio-economic review of the CMR, of which this study is a component part. The wider assessment, will feed into a developing knowledge base of the impacts of urban cycleways/greenways within Ireland; as well as temporary active travel interventions (Ref8). The CMR was designed and implemented as a rapid-build and temporary intervention in the summer of 2020 as part of Dún Laoghaire-Rathdown County Council’s (DLR’s) ‘Covid-19 Mobility & Public Realm Works’ project. The project was as an immediate response to some of the challenges the Covid-19 pandemic brought to local economies/villages and the transport network. Dr. Michelle Giltrap (Ref9) research on climate action, particularly within the context of sustainable seafood and pollution related practices, has been influential in shaping environmental policies. Her published reports have contributed to those developed by the Marine Institute for the Marine Strategy Framework Directive. Her innovative approaches to reducing carbon emissions have earned her recognition as a leader in climate action, ecotoxicology and in the biological effects of chemical pollutants, nanomaterials and microplastics on the environment. She is co-Chair of the International Council for Exploration of the Sea working group on biological effects of contaminants. URL References: Ref1: https://i-parc.ie/i-parc-team/ Ref2: https://www.gov.ie/en/publication/bed30-review-of-the-national-physical-activity-plan/ Ref3: https://assets.gov.ie/290392/2f64c07e-5eb2-4a7c-a5f8-78d1d9ce3ede.pdf Ref4: https://www.dublincity.ie/sites/default/files/2023-02/Final%20Vol%201%20Written%20Statement.pdf Ref5: https://www.linkedin.com/posts/lorraine-d-arcy-61449917_agree-hans-zomer-its-wonderful-that-dublin-activity-7173647994238451714-Hoc5/ Ref6: https://www.tudublin.ie/explore/about-the-university/sustainability/strategic-projects/action-research/crawl/ Ref7: https://www.irishtimes.com/environment/2024/02/11/students-with-long-commutes-its-stressful-and-i-feel-tired-but-there-is-no-alternative-for-me/ Ref8: https://www.tudublin.ie/media/TU_Ph2a_CovidMob_BusinessCMR_IssDLR0223Fl.pdf Ref9: https://researchprofiles.tudublin.ie/en/persons/michelle-giltrap-2",,,text_long
Technological University Dublin,EN-5,EN,Context,Civic Engagement,,Narrative outlining how individuals affiliated with the institution have helped develop national or international public policies that address sustainability challenges,"TU Dublin helped develop national or international public policies that address sustainability challenges by: - hosting the World Health Organisation (WHO) Transport, Health and Environment Pan-European Programme (THE PEP) meeting that is the first and only international programme designed to integrate environmental and health aspects into transport, mobility and urban planning policies (Ref1) - TU Dublin works with Ireland's Minister/Department of Transport and the National Transport Authority on the development of a National Sustainable Mobility Policy. A National Sustainability Mobility Forum has been organised in May 2024 with TU Dublin speakers Jordana Corrigan and David O'Connor (Ref2). STARS can contact TU Dublin STARS coordinator to request evidence files ""EN 5.3_NSMF 2024 Event Report_20240628.docs"" and ""EN 5.3_Department of Transport_TU Dublin to lead NSMF.pdf"" - The Department of Transport and the Department of Environment, Climate and Communications also invited Dr. Lorraine D'Arcy to talk to the Technical Assistance and Information Exchange instrument of the European Commission (TAIEX-EIR) workshop on measures to reduce air pollution in transport and residential energy (Ref3). STARS can contact TU Dublin STARS coordinator to request evidence files ""EN 5.3_TAIEX-EIR workshop agenda_20240516.docs"" and ""EN 5.3_DECC invitation to present at TAIEX-EIR.pdf"" - TU Dublin (Dr. Lorraine D'Arcy) contributed to the Dublin City Centre Transport Plan (DCCPT): Ref4 - TU Dublin (Dr. Lorraine D'Arcy) presented data on Gender and Transport at the European Parliament: Ref5 - TU Dublin (Dr. Lorraine D'Arcy) collaborated with Transport for Ireland (TFI) and the National Transport Authority (NTA) to conduct a survey for commuting to Universities (Ref6) which contributed to the National Demand Mangement Strategy (Ref7) - TU Dublin's first of it's kind borehole project was the first of its kind in Ireland and provided evidence for the potential of deep borehole renewable energy for Ireland as detailed in the Notes section of Minister Ryan's Policy Statement on Geothermal Energy for a Circular Economy (Ref8 to Ref10). URL References: Ref1: https://www.who.int/europe/initiatives/transport-health-and-environment-pan-european-programme-(the-pep) Ref2: https://assets.gov.ie/298531/f2405ad1-a787-44a4-93fa-1a883d0fdfbd.pdf Ref3: https://webgate.ec.europa.eu/TMSWebRestrict/resources/js/app/#/library/detail/85767 Ref4: https://councilmeetings.dublincity.ie/mgConvert2PDF.aspx?ID=44968 Ref5: https://www.tudublin.ie/research-innovation/news/tu-dublin-lecturer-presents-data-on-gender-and-transport-at-european-parliament.html Ref6: https://www.tudublin.ie/media/website/explore/about-the-university/sustainability/documents/TU-Dublin-Travel-Survey-2022.pdf Ref7: https://assets.gov.ie/290306/8485fcb6-c3ed-4878-aefc-6a61b6634404.pdf Ref8: https://www.gov.ie/en/press-release/95d6c-minister-ryan-publishes-policy-statement-on-geothermal-energy-for-a-circular-economy/ Ref9: https://www.tudublin.ie/explore/about-the-university/sustainability/about/news-and-events/geothermal-energy-could-halve-greenhouse-gas-emissions-at-the-tu-dublin-grangegorman-campus.php Ref10: https://www.tudublin.ie/explore/news/geothermal-energy-breaks-ground-at-tu-dublins-grangegorman-campus.html",,,text_long
Technological University Dublin,EN-5,EN,Context,Civic Engagement,,Has the institution advocated for public policies to advance sustainability during the previous three years?,Yes,,,boolean
Technological University Dublin,EN-5,EN,Context,Civic Engagement,,Narrative and/or website URL providing an overview of the institution’s advocacy for public policies to advance sustainability,"In Addition to TU Dublin advocating for public policies to advance sustainability by suporting individuals (listed in the previous question and below), on the National stage, TU Dublin hosted the Higher Education Climate Leadership Summit (Ref1) where the Minister Ossian Smyth TD, Minister of State at the Department of Environment, Climate and Communications addressed the group highlighting the crucial need to support the development of solution-orientated skills and competencies among graduates, as well as implementing effective policies to accelerate the transition towards a carbon neutral society. The Summit also addressed the lessons learned and questions raised during the Climate Action Leadership Training, which has been rolled out across the Higher Education sector as set out in the Public Sector Mandate. On the International stage, TU Dublin also established a strategic partnership with United Nations Institute for Training and Research (UNITAR) (Ref2) to undertake a varied programme of activity in learning, teaching, and research related to Sustainable Development, making TU Dublin the Irish University to partner with the UN Specialised Training and Education Agency on a Sustainability Education programme. - TU Dublin works with Ireland's Minister/Department of Transport and the National Transport Authority on the development of a National Sustainable Mobility Policy. A National Sustainability Mobility Forum has been organised in May 2024 with TU Dublin speakers Jordana Corrigan and David O'Connor (Ref3). STARS can contact TU Dublin STARS coordinator to request evidence files ""EN 5.3_NSMF 2024 Event Report_20240628.docs"" and ""EN 5.3_Department of Transport_TU Dublin to lead NSMF.pdf"" - The Department of Transport and the Department of Environment, Climate and Communications also invited Dr. Lorraine D'Arcy to talk to the Technical Assistance and Information Exchange instrument of the European Commission (TAIEX-EIR) workshop on measures to reduce air pollution in transport and residential energy (Ref4). STARS can contact TU Dublin STARS coordinator to request evidence files ""EN 5.3_TAIEX-EIR workshop agenda_20240516.docs"" and ""EN 5.3_DECC invitation to present at TAIEX-EIR.pdf"". - TU Dublin (Dr. Lorraine D'Arcy) contributed to the Dublin City Centre Transport Plan (DCCPT): Ref5 - TU Dublin (Dr. Lorraine D'Arcy) presented data on Gender and Trasnport at the European Parliament: Ref6 - TU Dublin (Dr. Lorraine D'Arcy) collaborated with Transport for Ireland (TFI) and the National Transport Authority (NTA) to conduct a survey for commuting to Universities (Ref7) which contributed to the National Demand Mangement Strategy (Ref8) URL References: Ref1: https://www.tudublin.ie/explore/news/higher-education-climate-leadership-summit-2024.html Ref2: https://www.tudublin.ie/explore/about-the-university/sustainability/about/news-and-events/tu-dublin-and-unitar-establish-strategic-partnership-.php Ref3: https://assets.gov.ie/298531/f2405ad1-a787-44a4-93fa-1a883d0fdfbd.pdf Ref4: https://webgate.ec.europa.eu/TMSWebRestrict/resources/js/app/#/library/detail/85767 Ref5: https://councilmeetings.dublincity.ie/mgConvert2PDF.aspx?ID=44968 Ref6: https://www.tudublin.ie/research-innovation/news/tu-dublin-lecturer-presents-data-on-gender-and-transport-at-european-parliament.html Ref7: https://www.tudublin.ie/media/website/explore/about-the-university/sustainability/documents/TU-Dublin-Travel-Survey-2022.pdf Ref8: https://assets.gov.ie/290306/8485fcb6-c3ed-4878-aefc-6a61b6634404.pdf",,,text_long
Technological University Dublin,EN-5,EN,Context,Civic Engagement,,Documentary evidence of the institution’s advocacy for public policies to advance sustainability,EN_5.3_NSMF_2024_Event_Report_20240628.docx,,,text
Technological University Dublin,EN-5,EN,Context,Civic Engagement,,Online resource that provides evidence of the institution’s advocacy for public policies to advance sustainability,https://www.tudublin.ie/explore/news/higher-education-climate-leadership-summit-2024.html,,,url
Technological University Dublin,EN-5,EN,Context,Civic Engagement,,Points earned for indicator EN 5.3,3,,3.0,number
Technological University Dublin,EN-5,EN,Context,Civic Engagement,,Notes about the information provided for this credit,,,,not_reported
Technological University Dublin,EN-5,EN,Context,Civic Engagement,,Additional documentation for this credit,,,,not_reported
Technological University Dublin,EN-6,EN,Context,Community Partnerships,,Does the institution have at least one community partnership that is sustainability-focused?,Yes,,,boolean
Technological University Dublin,EN-6,EN,Context,Community Partnerships,,Narrative and/or website URL providing an overview of the institution’s sustainability-focused community partnerships,"The SPARK project: Ref1, Ref2, Ref3 GAP Community Garden: Ref1, Ref4 Vision Ireland Wayfinding Centre: Ref5, Ref6 SEAI Sustainable Energy Communities TU Dublin participate to: Ref7 to Ref11 URL References: Ref1: https://www.tudublin.ie/explore/about-the-university/sustainability/societal-engagement/sustainable-communities/ Ref2: https://www.tudublin.ie/explore/about-the-university/sustainability/about/news-and-events/the-spark.php Ref3: https://footballforclimatejustice.eu/news/igniting-change-bohemian-football-club-sparks-climate-action/ Ref4: https://www.tudublin.ie/explore/about-the-university/sustainability/societal-engagement/community-gardens/ Ref5: https://www.tudublin.ie/explore/about-the-university/sustainability/about/news-and-events/tu-dublin--vision-ireland-partnership-aims-to-improve-transport-accessibility-for-people-with-disabilities.php Ref6: https://vi.ie/ Ref7: https://www.seai.ie/plan-your-energy-journey/for-your-community/sustainable-energy-communities/sec-map/ Ref8: https://www.seai.ie/case-studies/triple-SEC Ref9: https://connectingcabra.ie/ Ref10: https://www.phibsborovillage.com/ Ref11: https://x.com/cosybatter",,,text_long
Technological University Dublin,EN-6,EN,Context,Community Partnerships,,Points earned for indicator EN 6.1,3,,3.0,number
Technological University Dublin,EN-6,EN,Context,Community Partnerships,,Does the institution have at least one community partnership that explicitly aims to support underrepresented groups and/or vulnerable populations in addressing the sustainability challenges they have identified?,Yes,,,boolean
Technological University Dublin,EN-6,EN,Context,Community Partnerships,,Description of the institution’s community partnerships to support underrepresented groups and/or vulnerable populations in addressing sustainability challenges,"We are currently involved in three initiatives: 1. Online Entrepreneurship for Persons with Disabilities (Ref1) - this course is funded by AIB, it is supported by the Open Doors Initiative, and the Local Enterprise Office network provide the mentors. There are 20 participants on the course. 2. Online Entrepreneurship for Refugees (Ref2) - this course is funded by Broadlake, it is supported by the Open Doors Initiative who provide the mentors. There are 20 participants on the course. 3. Kickstart Entrepreneurship for Inner City Youth (Recently closed; Ref3) - the course was funded by Dublin NEIC, it was supported by Inner City Enterprise, the Open Doors Initiative, DogPatch Labs and Growth Hub (Ref4). There are 18 participants on the course. In all of these courses, we promote the development of business ideas that align with sustainability and the UN SDGs. URL References: Ref1: https://www.tudublin.ie/explore/news/aib-and-tu-dublin-entrepreneurship-for-people-with-disabilities-programme-2024-.html#:~:text=A%20course%20for%20people%20with,is%20Wednesday%2C%2031%20July%202024 Ref2: https://www.tudublin.ie/explore/news/broadlake-and-tu-dublin-entrepreneurship-course-for-refugees.html Ref3: https://www.tudublin.ie/connect/partnering-with-us/growthhub/students/kickstart/ Ref4: https://www.tudublin.ie/connect/partnering-with-us/growthhub/",,,text_long
Technological University Dublin,EN-6,EN,Context,Community Partnerships,,Points earned for indicator EN 6.2,3,,3.0,number
Technological University Dublin,EN-6,EN,Context,Community Partnerships,,Does the institution follow published guidelines for creating and maintaining community partnerships that are reciprocal and mutually beneficial?,Yes,,,boolean
Technological University Dublin,EN-6,EN,Context,Community Partnerships,,Publication that includes the community partnership guidelines,EN_6.3_Approaches-and-models-of-partnership-working.pdf,,,text
Technological University Dublin,EN-6,EN,Context,Community Partnerships,,Online resource that includes the institution’s community partnership guidelines,https://www.tudublin.ie/media/documents/Approaches-and-models-of-partnership-working.pdf,,,url
Technological University Dublin,EN-6,EN,Context,Community Partnerships,,Are all of the institution’s community partnerships for sustainability subject to an assessment process that includes joint evaluation by the institution and its community partners?,Unsure,,,text
Technological University Dublin,EN-6,EN,Context,Community Partnerships,,Description of the institution’s approach to community partnership assessment and how the results are used to improve reciprocity and mutual benefit,"We don't have sight of 'all of TU Dublin’s community partnerships for sustainability'. In the SLWC+ pilot programme (Ref1) run by Societal Engagement with Sustainability Education and Strategic Partnerships, a statement of reciprocity, is included in the Collaboration Agreement and forms the basis of co-evaluation of the programme with the collaboration partner. This is not publicly accessible though as it is the first time we have run this and have emphasised mutual benefit and reciprocity in this way and designed in co-evaluation. URL References: Ref1: https://www.tudublin.ie/explore/about-the-university/sustainability/societal-engagement/sustainable-communities/slwc-/",,,text_long
Technological University Dublin,EN-6,EN,Context,Community Partnerships,,Points earned for indicator EN 6.3,1,,1.0,number
Technological University Dublin,EN-6,EN,Context,Community Partnerships,,Notes about the information provided for this credit,,,,not_reported
Technological University Dublin,EN-6,EN,Context,Community Partnerships,,Additional documentation for this credit,,,,not_reported
Technological University Dublin,EN-7,EN,Context,Continuing Education,,Does the institution have at least one continuing education course or program that is sustainability-focused?,Yes,,,boolean
Technological University Dublin,EN-7,EN,Context,Continuing Education,,Narrative and/or website URL providing an overview of the sustainability-focused continuing education course offerings,"The TU Dublin strategic intent outlines an ambitious requirement for all TU Dublin courses to include sustainability as a learning outcome and for TU Dublin to be one of the top universities for sustainability. As well as this TU Dublin has several specific continuing education course offerings such as the Postgraduate Certificate in Sustainability Leadership (Ref1) and also the Master of Arts (MA) in Global Sustainability Leadership which is delivered in a unique partnership with UNITAR (United Nations Institute for Training and Research) TU Dublin provide Continuous Professional Development (CPD) training that are Sutainability-Focused (Ref2) from various schools. Sustainability-Focused modules for CPD in Business (Ref3) included: - Certified Charity Trustee Programme Sustainability-Focused modules for CPD in Architecture (Ref4) include: - Biodiversity and Nature Conservation TU347 - Energy Modelling using PHPP TU5409 Sustainability-Focused modules for CPD in Mechanical Engineering (Ref5) include: - NZEB Policy & Technologies TU5404 - Emerging & Renewable Engineering Tech TU5014 Sustainability-Focused modules for CPD in Transport and Civil Engineering (Ref6) include: - Climate Resilient Infrastructure TU5027 - Energy Infrastructure TU5023 - Introduction to Sustainable Infrastructure TU5021 - Waste and Environmental Management Systems TU5028 - Water Resources and Quality Management TU5026 Sustainability-Focused modules for CPD in Culinary, Hospitality and Tourism (Ref7) include: - Certificate in Science in Sustainable Horticulture TU5160 Sustainability-Focused modules for CPD in Computer Science (Ref8) include: - Professional and Legal Issues in IS and IT; CMPU 3031 - Programming for Big Data; PROG 9813 URL References: Ref1: https://www.tudublin.ie/study/postgraduate/courses/pg-sustainability-leadership-in-business/ Ref2: https://www.tudublin.ie/study/professional-development/ Ref3: https://www.tudublin.ie/study/professional-development/business/ Ref4: https://www.tudublin.ie/study/professional-development/architecture/ Ref5: https://www.tudublin.ie/study/professional-development/mechanical-engineering/ Ref6: https://www.tudublin.ie/study/professional-development/transport--civil-engineering/ Ref7: https://www.tudublin.ie/study/professional-development/culinary-hospitality--tourism/ Ref8: https://www.tudublin.ie/explore/faculties-and-schools/computing-digital-data/school-of-computer-science/study/professional-development/",,,text_long
Technological University Dublin,EN-7,EN,Context,Continuing Education,,"Does the institution have at least one continuing education offering that is focused on a topic other than sustainability, but incorporates sustainability content or addresses a sustainability challenge?",Yes,,,boolean
Technological University Dublin,EN-7,EN,Context,Continuing Education,,Narrative and/or website URL providing an overview of the institution’s continuing education offerings that incorporate sustainability content or address sustainability challenges,"Sustainability-Inclusive modules for CPD in Biological, Health & Sport Sciences (Ref1) include: - Histopathological Dissection TU5297 - Medical Device Decontamination TU5306 - Medical Science Micro-credentials: In-Practice - Medical Science Micro-credentials: Advanced-Practice Sustainability-Inclusive modules for CPD in Food Science & Environmental Health (Ref2) include: - Food Allergen Management and Control Sustainability-Inclusive modules for CPD in Computer Science (Ref3) include: - Data Mining TECH 9810 - Machine Learning SPEC 9995 - Research Design and Proposal Writing SPEC 9998 - Systems Architectures SPEC 9270 - Web Applications Architectures DATA 9900 Other Sutainability-Inclusive modules for CPD (Ref4) include: - Hygrothermal Risk Assessment TU5408 - Planning and Design for Active Travel TU346 - Professionalism and Planning ARCH6101 - Building Heat Transfer and Simulation TU5005 - Water Services Engineering TU5009 - Heating System Engineering TU5010 - Heat & Water Services Design Project TU5017 - Collaborative Working (including BIM) in Civil & Structural Engineering 1 TU5018 - Collaborative Working (including BIM) in Civil & Structural Engineering 2 TU5019Hygrothermal Risk Assessment TU5408 - Planning and Design for Active Travel TU346 - Professionalism and Planning ARCH6101 - Building Heat Transfer and Simulation TU5005 - Water Services Engineering TU5009 - Heating System Engineering TU5010 - Heat & Water Services Design Project TU5017 - Collaborative Working (including BIM) in Civil & Structural Engineering 1 TU5018 - Collaborative Working (including BIM) in Civil & Structural Engineering 2 TU5019 The School of Culinary Arts (Ref5) also addresses the challenge of eliminating food waste and making food more sustainable. URL References: Ref1: https://www.tudublin.ie/study/professional-development/biological-health--sports-science/ Ref2: https://www.tudublin.ie/study/professional-development/food-science--environmental-health/ Ref3: https://www.tudublin.ie/explore/faculties-and-schools/computing-digital-data/school-of-computer-science/study/professional-development/ Ref4: https://www.tudublin.ie/study/professional-development/ Ref5: https://www.tudublin.ie/explore/faculties-and-schools/arts-humanities/culinary-arts--food-technology/sustainability/",,,text_long
Technological University Dublin,EN-7,EN,Context,Continuing Education,,Points earned for indicator EN 7.1,3,,3.0,number
Technological University Dublin,EN-7,EN,Context,Continuing Education,,Notes about the information provided for this credit,,,,not_reported
Technological University Dublin,EN-7,EN,Context,Continuing Education,,Additional documentation for this credit,,,,not_reported
Technological University Dublin,EN-8,EN,Context,Shared Facilities,,Does the institution have on-site space for meetings or events that is publicly accessible?,Yes,,,boolean
Technological University Dublin,EN-8,EN,Context,Shared Facilities,,Does the institution provide free or low cost access to the meeting or event space?,Yes,,,boolean
Technological University Dublin,EN-8,EN,Context,Shared Facilities,,"Description of the institution’s publicly accessible space for meetings or events, including any free or low cost access options","TU Dublin spaces, including classrooms, can be available for public groups when not in use for classes at a discount and for free depending on the ask (ref1). St Laurences Church (Ref2) in TU Dublin Grangegorman is regularly booked for community groups free of charge. URL References: Ref1: https://www.tudublin.ie/connect/partnering-with-us/events-at-tu-dublin/internal-enquiries/ Ref2: https://www.tudublin.ie/for-students/student-services-and-support/student-wellbeing/pastoral-care-chaplaincy/%E2%80%8C%E2%80%8C%E2%80%8C%E2%80%8Cstlaurences/",,,text_long
Technological University Dublin,EN-8,EN,Context,Shared Facilities,,Does the institution have at least one on-site facility with services or programs to help people meet their basic needs and is publicly accessible?,Yes,,,boolean
Technological University Dublin,EN-8,EN,Context,Shared Facilities,,Does the institution provide free or low cost access to the basic needs facilities?,Yes,,,boolean
Technological University Dublin,EN-8,EN,Context,Shared Facilities,,"Description of the institution’s publicly accessible facilities that help people meet their basic needs, including any free or low cost access options","There is the National Optometry Centre on campus (Ref1) which provides eye tests, etc. to the public. Tests can be free depending on government subsidies for the individual. TU Dublin also provide a community garden (Ref2). URL References: Ref1: https://www.tudublin.ie/noc/ Ref2: https://www.tudublin.ie/explore/about-the-university/sustainability/societal-engagement/community-gardens/",,,text_long
Technological University Dublin,EN-8,EN,Context,Shared Facilities,,Does the institution have at least one on-site facility that provides cultural services and is publicly accessible?,Yes,,,boolean
Technological University Dublin,EN-8,EN,Context,Shared Facilities,,Does the institution provide free or low cost access to the cultural service facilities?,Yes,,,boolean
Technological University Dublin,EN-8,EN,Context,Shared Facilities,,"Description of the institution’s publicly accessible facilities that provide cultural services, including any free or low cost access options",The Concert Hall and Black box theatre in TU Dublin East Quad building have free and low cost performances (Ref1 to Ref4). There is also a band stand on campus for free performances. We have also allowed charities to use the campus for free to host mini music festivals where the public can attend for free (Ref5). The lobby of many of our large buildings are open to the public and used for Public expositions and shows. Events are typically registered in Ref6. URL References: Ref1: https://www.eventbrite.ie/d/ireland--dublin/tu-dublin/ Ref2: https://www.eventbrite.ie/o/tu-dublin-conservatoire-9404868444 Ref3: https://www.tudublin.ie/explore/host-events/grangegorman/concert-hall/ Ref4: https://www.tudublin.ie/explore/our-campuses/grangegorman/ Ref5: https://www.tudublin.ie/for-students/career-development-centre/students-and-graduates/job-hunting/volunteering/ Ref6: https://www.tudublin.ie/explore/events/,,,text_long
Technological University Dublin,EN-8,EN,Context,Shared Facilities,,Does the institution have at least one on-site facility that provides recreational services and is publicly accessible?,Yes,,,boolean
Technological University Dublin,EN-8,EN,Context,Shared Facilities,,Does the institution provide free or low cost access to the recreational service facilities?,Yes,,,boolean
Technological University Dublin,EN-8,EN,Context,Shared Facilities,,"Description of the institution’s publicly accessible facilities that provide recreational services, including any free or low cost access options","There is a playground, a basketball court, a fitness trail and sports pitches available for booking and free use.",,,text
Technological University Dublin,EN-8,EN,Context,Shared Facilities,,Points earned for indicator EN 8.1,2,,2.0,number
Technological University Dublin,EN-8,EN,Context,Shared Facilities,,Notes about the information provided for this credit,,,,not_reported
Technological University Dublin,EN-8,EN,Context,Shared Facilities,,Additional documentation for this credit,,,,not_reported
Technological University Dublin,EN-9,EN,Context,Inter-Campus Collaboration,,Does the institution participate in one or more sustainability-focused networks for educational institutions?,Yes,,,boolean
Technological University Dublin,EN-9,EN,Context,Inter-Campus Collaboration,,Description of the institution’s participation in sustainability-focused networks for educational institutions,"As well as AASHE (Ref1), TU Dublin is a member of a number of Sustainability-Focused networks for education institutions including: - EAUC, which is the leading body for sustainability in the post-16 education sector in the UK and Republic of Ireland for over 20 years. EAUC serves over 300 organisations whilst also working to change systems that enable sustainability action. The TU Dublin VP for Sustainability is a Board member of EAUC. (Ref2) - TU Dublin also has a strategic partnership with the UN via UNITAR (Ref3) - International Sustainable Campus Network (Ref4) - United Nations' Sustainable Development Solutions Network (Ref5) - Dublin Chamber - Sustainability Academy (Ref6) - Climate Ireland Adaptation Network (Ref7) - Climate Justice Universities Network (Ref8) - strategic partnership with United Nations (e.g. UN DESA and UNITAR; Ref9 and Ref10) Similarly to AC 8.3 TU Dublin is an active member of: - European University Association (Ref11) organising sustainability-focused activities to support members, foster collaboration and promote good practices. Activies include ""Equity, Diversity, Inclusion & belonging"", ""Bologna Process"", ""Digital transition"", ""Green Transition"", ""Open Science"",sustainable finance and many other topics. - European University of Technology (EUt+; Ref12) is a network of 9 EU universities including TU Dublin that created various research institutes for the development of responsible research across sustainability topic. The alliance develop(ed) and teach modules across 9 university campuses on transversal domains including, Health and Well-Being, City Engagement, Digitalization, Climate Change and Costal Erosion, Energy and Circular Economy, Sustainable Development Goals, Equity, Superdiversity, Culture and Creativity, Entrepreneurship and Regional Development. EUt+ informs the European Commission’s policy recommendations on joint European degrees and mechanisms to support closer cooperation and harmonisation of career paths in Higher Education. Among many EUt+ groups, TU Dublin is developing with members the EUt+ sustainability/green office. - Irish University Association (Ref13) with work of Diversity & Equality, Societal Engagement, Learning & Teaching, and Internationalism - International Association of Universities (Ref14) with strategic priorities on Higher Education and Research for Sustainable Development, internationalism, and Digital Transformation of Higher Education - N-TUTORR (National Technological University Transformation for Recovery and Resilience) project (Ref15), has a focus on reforming academic programme provision through flexible and innovative approaches that address the social and economic needs of the region through a sustainable curriculum framework. The project, spunning out of Covid19, Transforms the Student Experience (i) through Learner Empowerment – which will address key challenges arising out the pandemic including equality, access, community empowerment and climate action, (ii) by Developing Staff Capabilities – which will reform academic programme provision through flexible and innovative approaches that address the social and economic needs of the region through a sustainable curriculum framework, and (iii) Enable Digital Ecosystems to Transform Learning, Teaching and Assessment - to enable sustainable education development, which is diverse, equitable and inclusive. URL References: Ref1: https://www.aashe.org/ Ref2: https://www.eauc.org.uk/our_executive_committee Ref3: https://unitar.org/about/news-stories/press/unitar-and-tu-dublin-establish-strategic-partnership Ref4: https://international-sustainable-campus-network.org/ Ref5: https://www.unsdsn.org/ Ref6: https://www.dublinchamber.ie/Events-Training/Education-and-Development/Sustainability-Academy Ref7: https://www.climateireland.ie/resources/what-is-climate-ireland/climate-ireland-adaptation-network/ Ref8: https://www.climatejusticeuniversitiesunion.org/ Ref9: https://www.un.org/en/desa Ref10: https://unitar.org/about/news-stories/press/unitar-and-tu-dublin-establish-strategic-partnership Ref11: https://www.eua.eu/ Ref12: https://www.univ-tech.eu/ Ref13: https://www.iua.ie/ourwork/ Ref14: https://www.iau-aiu.net/ Ref15: https://www.tudublin.ie/explore/about-the-university/academic-affairs/ntutorr/about/participants/",,,text_long
Technological University Dublin,EN-9,EN,Context,Inter-Campus Collaboration,,Has the institution formally shared its sustainability experiences and lessons learned with other institutions during the previous three years?,Yes,,,boolean
Technological University Dublin,EN-9,EN,Context,Inter-Campus Collaboration,,Narrative outlining how the institution formally shares its sustainability experiences and lessons learned with other institutions,"The institution shares sustainability experiences and lessons learning via collaborative networks, projects, workshops, forum, seminars, research outputs, social media, trainings, public and campus engagements. For example the TU Dublin Sustainability team recently supported the South East Technological University to launch a Sustainability Community of Practice in SETU. (Ref1). Skills, knowledge and experiences are shared within international networks suhch as the European University of Technology (EUt+) alliance. TU Dublin staff also particpate in webinars to share good sustainability practice, e.g. the Mindful Kitchen project in this Masterclass: Ref2 Academic staff also share their experience of embedding sustainability in peer-reviewed journals, e.g. Ref3 URL References: Ref1: https://www.setu.ie/news/setu-hosts-tu-dublin-to-launch-education-for-sustainable-development-initiative Ref2: https://www.tudublin.ie/explore/about-the-university/academic-affairs/ntutorr/news-and-events/education-for-sustainable-development-masterclass.php Ref3: https://arrow.tudublin.ie/cgi/viewcontent.cgi?article=1003&context=ltcpres",,,text_long
Technological University Dublin,EN-9,EN,Context,Inter-Campus Collaboration,,Does the institution have a sustainability-focused articulation/transfer agreement that provides students who are studying sustainability at one institution with a formal pathway to another institution?,Yes,,,boolean
Technological University Dublin,EN-9,EN,Context,Inter-Campus Collaboration,,Description of institution’s sustainability-focused articulation/transfer agreements,"The European University of Technology (EUt+) initiative, funded under the Erasmus programme, is harmonising curricula across 9 European universities (Ref 1). EUt+ “Clusters” are multi-universities educational programmes with transfer agreement providing students studying sustainability at one institution with a formal pathway to another institution illustrated through EUt+ Manifesto and Mission Statement (Ref 2, Ref 3). Student mobility within EUt+ is funded through the Erasmus+ mobility grant (Ref 4). EUt+ developed a cluster of engineering programmes (Ref 5) including a sustainability-focused and -inclusive educational courses on ""Food science and technology"", ""Bachelor of Science in Sustainable Development"", ""Environmental Engineering""; EUt trains students on ""sustainable Logistics"" (Ref 6), ""Sustainable Supply Chain Management"" (Ref 7), and about SDG 16 with the examination of the professed European values of human dignity, freedom, democracy, rule of law and human rights (Ref 8). URL References: Ref 1: https://www.univ-tech.eu/the-eut-european-degrees Ref 2: https://www.univ-tech.eu/manifesto-and-identity-1 . Ref 3: https://www.univ-tech.eu/mission-statement-1 Ref 4: https://h-da.de/en/about-us/research/alliances/european-university-of-technology/translate-to-english-eut-mobilitaet Ref 5: https://www.univ-tech.eu/new-clusters-agreed-on-for-eut-engineering-programmes Ref 6: https://www.univ-tech.eu/from-beer-to-broccoli-supply-chains-with-less-co2-students-from-across-europe-learn-about-sustainable-logistics Ref 7: https://www.univ-tech.eu/blended-intensive-program-on-sustainable-supply-chain-management-at-darmstadt Ref 8: https://www.univ-tech.eu/tu-dublin-hosts-european-university-of-technology-work-week-advancing-eut-accelerate-project",,,text_long
Technological University Dublin,EN-9,EN,Context,Inter-Campus Collaboration,,Has at least one individual with formal sustainability responsibilities at the institution served as a mentor or been mentored by a colleague with sustainability responsibilities at another institution during the previous three years?,No,,,boolean
Technological University Dublin,EN-9,EN,Context,Inter-Campus Collaboration,,Description of the institution’s sustainability mentoring activities,,,,not_reported
Technological University Dublin,EN-9,EN,Context,Inter-Campus Collaboration,,"Has at least one individual affiliated with the institution served in a leadership role for a sustainability-related inter-campus sustainability network, conference, or community of practice during the previous three years?",Yes,,,boolean
Technological University Dublin,EN-9,EN,Context,Inter-Campus Collaboration,,Description of the institution’s leadership roles in inter-campus collaboration,"TU Dublin VP for Sustainability, Jennifer Boyer, is a Member of the Board of Trustees for The Alliance for Sustainability Leadership in Education (EAUC). The EAUC works with Educational and Company Members and Strategic Partners to drive sustainability to the heart of universities, colleges and learning and skills sector providers. It is the leading body for sustainability in the post-16 education sector in the UK and Republic of Ireland serving over 300 member organisations. It is a member-led organisation that disseminates information, facilitates networking, and actively stimulates the sector through the implementation of national initiatives. Amongst other day-to-day activities, the Trustees are responsible for overall management and decision making, strategic guidance, and formulating policies. For more information, see here: Ref1 Leadership role in inter-campus sustainability network: Dr Philippe Lemarchand, Head of Sustainability Intelligence in TU Dublin, is a co-director of the European University of Technology (EUt+) Green Office. The Green/Sustainability Office is addressing STARS related topics across 9 EU universities. Dr Emma Geoghegan's research focuses on integrating sustainable practices into curricula, fostering a new generation of environmentally conscious professionals. She plays a leading role in the Human Capital Initiative (HCI) Building Change project, a strategic education initiative and partnership between all Schools of Architecture in the Republic of Ireland. The project has radically revised architecture education in Ireland with respect to climate literacy and advanced environmental and technological knowledge and knowhow. She established a strong international network through projects such as the Erasmus+ funded multi-institutional project ARCH4change. Through her involvement with the professional registration body the Royal Institute of Architects of Ireland, as Vice President 2020-2022 and subsequently as a member of the Education Taskforce rewriting the national Standard of Knowledge, Skill and Competence for Architects, her work is also informing national policy on architecture education. Leadership role in inter-campus sustainability conference: Dr. Lorraine D'Arcy, Sustainability Action Research and Innovation Lead, guest speaker ann panellist, together with the Minister for the Environment, Climate and Communications and Minister for Transport, Eamon Ryan TD, for the Decarbonisatin Dublin Summit (Ref2) Dr Richard Gallery is Sustainability Projects Senior Manager at TU Dublin, and is the project manager for Building Change (Ref3) and organiser of symposium such as: - Architecture Design Studio Pilots, Ref4 - Second Building Change Student Symposium 2024, Ref5 - “Constructive Interference” by Building Change, Ref6. URL References: Ref1: https://www.eauc.org.uk/our_executive_committee Ref2: https://www.tudublin.ie/explore/news/tu-dublin-supporting-the-decarbonising-dublin-summit.html Ref3: https://buildingchange.ie/team/richard-gallery/ Ref4: https://buildingchange.ie/event/architecture-design-studio-pilots/ Ref5: https://buildingchange.ie/event/second-building-change-student-symposium-2024/ Ref6: https://archiexpo.ie/constructive-interference/#:~:text=%E2%80%9CConstructive%20Interference%E2%80%9D%20by%20Building%20Change,with%20the%20RIAI%20Annual%20Conference",,,text_long
Technological University Dublin,EN-9,EN,Context,Inter-Campus Collaboration,,Has at least one individual affiliated with the institution served as a peer reviewer for another institution’s sustainability report or data during the previous three years?,Yes,,,boolean
Technological University Dublin,EN-9,EN,Context,Inter-Campus Collaboration,,Description of the institution’s peer review activities,"Dr Philippe Lemarchand, Head of Sustainability Intelligence, is with EUt+ Green Office member and EUt+ academic groups review sustainability reports from EUt+ partners in the curriculum, research outputs, and operational topics including energy and transportation.",,,text_long
Technological University Dublin,EN-9,EN,Context,Inter-Campus Collaboration,,Points earned for indicator EN 9.1,3,,3.0,number
Technological University Dublin,EN-9,EN,Context,Inter-Campus Collaboration,,Notes about the information provided for this credit,,,,not_reported
Technological University Dublin,EN-9,EN,Context,Inter-Campus Collaboration,,Additional documentation for this credit,,,,not_reported
Technological University Dublin,OP-1,OP,Environmental,Building Design and Construction,,Total floor area of newly constructed or renovated building space,"85,325",Square meters,85325.0,number
Technological University Dublin,OP-1,OP,Environmental,Building Design and Construction,,Floor area of new building space third party certified to a comprehensive green building standard,"3,408",Square meters,3408.0,number
Technological University Dublin,OP-1,OP,Environmental,Building Design and Construction,,Floor area of new building space third party certified to a less comprehensive green building standard,"53,810",Square meters,53810.0,number
Technological University Dublin,OP-1,OP,Environmental,Building Design and Construction,,"Floor area of new building space built to green building standards, but not third party certified",0,Square meters,0.0,number
Technological University Dublin,OP-1,OP,Environmental,Building Design and Construction,,List and description of building and renovation projects completed within the previous five years,"In Europe, when buildings are built or go through major renovations, they must be delivered with a building energy rating (BER) certifying the expected building energy consumption under standard operation. The BER is a “Less comprehensive green building standards” focused on energy efficiency. In Ireland, BER are conducted by a BER assessors under the authority of our national entity called Sustainable Energy Authority of Ireland (SEAI). Non-Domestic buildings receiving a BER of A3 or better are considered Nearly Zero Energy Buildings (NZEB) (Ref 1). The list of construction and renovation projects within the last 5 years, reported under CAR v3 (Ref 2), have been split across 4 categories: (i) buildings excluded from the reporting, (ii) new buildings that are NZEB, (iii) new buildings that are NOT NZEB, (iv) Existing building that were refurbished but NOT to NZEB standard. New building built in 2024 excluded from the total to be consistent with GHG emissions reported - TOTAL BELOW 9,240 M2: Tallagh North, 2024, NZEB (BER A2+), 5,200m2 Aras Geal, 2024, NZEB (BER A2+), 4,040m2 New buildings (2019-2023) that are NZEB - TOTAL BELOW IS 3,408 M2: Printmaking Workshop, 2021, NZEB (BER A2) 315m2 Tallaght Sports, Science & Health, 2023, (BER A3), 3,093m2 New buildings (2019-2023) that are Not NZEB -TOTAL BELOW IS 53,810 M2: East Quad, 2020, (BER B1), 16,300m2 Central Quad, 2020, (BER B1), 36,044m2 Estates Yard & Store, 2021, (No BER), 850m2 Field Sports Changing & Estates 1, 2021, (No BER), 616m2 Existing building that were refurbished within (2019-2023) Not to NZEB - TOTAL BELOW IS 28,107M2: Lower House, 2020; 4,392m2 Clocktower, 2023; 1,488m2 Rathdown House, 2020, 2,313m2 Park House, 2020; 9,836m2 Bloombridge Sports Changing, 2020; 440m2 Aras Aontas, 2019; 3,254m2 Aras Ceangal, 2019; 1,800m2 Aras Doras, 2019; 4,584m2 URL References: Ref 1: https://www.seai.ie/plan-your-energy-journey/for-your-business/standards/nearly-zero-energy-building-standard Ref 2: https://www.tudublin.ie/media/website/explore/about-the-university/sustainability/documents/Climate-Action-Roadmap-June-2024-web.pdf",,,text_long
Technological University Dublin,OP-1,OP,Environmental,Building Design and Construction,,Online location of the institution’s green building standards,https://www.tudublin.ie/media/website/explore/about-the-university/sustainability/documents/Climate-Action-Roadmap-June-2024-web.pdf,,,url
Technological University Dublin,OP-1,OP,Environmental,Building Design and Construction,,Copy of the institution’s green building standards,,,,not_reported
Technological University Dublin,OP-1,OP,Environmental,Building Design and Construction,,Points earned for indicator OP 1.1,1.38,,1.38,number
Technological University Dublin,OP-1,OP,Environmental,Building Design and Construction,,Notes about the information provided for this credit,,,,not_reported
Technological University Dublin,OP-1,OP,Environmental,Building Design and Construction,,Additional documentation for this credit,,,,not_reported
Technological University Dublin,OP-2,OP,Environmental,Building Operations and Maintenance,,Gross floor area of existing building space,"210,887",Square meters,210887.0,number
Technological University Dublin,OP-2,OP,Environmental,Building Operations and Maintenance,,Floor area of existing buildings managed under a green cleaning program,"190,516",Square meters,190516.0,number
Technological University Dublin,OP-2,OP,Environmental,Building Operations and Maintenance,,Online location of the institution’s green cleaning policy,,,,not_reported
Technological University Dublin,OP-2,OP,Environmental,Building Operations and Maintenance,,Copy of the institution’s green cleaning policy,,,,not_reported
Technological University Dublin,OP-2,OP,Environmental,Building Operations and Maintenance,,Description of the institution’s certified green cleaning service,"Below are two companies with relevant green cleaning certifications that serve two out of three TU Dublin campuses, covering a total floor area of 190,516 m2. 1. One of our contractor who operates the cleaning services for City Campus - NOONAN SERVICES GROUP has the following accreditation and certifications (Ref 1): SUSTAINABILITY • Business In the Community Ireland • Business in the Community - United Kingdom • CDP Accredited • ConstructionLine – Social Value Certification • ISO 14001:2015 - Environmental Management Systems • Ecovadis CLEANING • British Institute of Cleaning Science (BISCs) - All Regions, All Divisions • British Institute of Cleaning Science Accredited Training Provider - All Regions, All Divisions 2. One of our contractor who operates the cleaning services for Tallaght Campus - OCS One Complete Solution has the following accreditation and certification (Ref 2): • BICSc • ISSA • CSSA • ahcp • HSE • FWC URL References: Ref 1: https://bidvestnoonan.co.uk/read-our-sustainability-report/ Ref 2: https://ocs.com/uk/services/commercial-cleaning-services/",,,text_long
Technological University Dublin,OP-2,OP,Environmental,Building Operations and Maintenance,,Floor area of existing buildings individually assessed for energy performance,"210,887",Square meters,210887.0,number
Technological University Dublin,OP-2,OP,Environmental,Building Operations and Maintenance,,Narrative outlining how building-level energy performance is assessed and how the results are used to improve performance,"TU Dublin has built an inventory of its electrical, gas, and water Public energy meters and hwo those are connected to buildings. The building inventory details the floor area of each building. The energy bills have then be analysed to associate energy consumption and costs of each public energy meter and distribute those across connected buildings according to the floor area of each building. Energy conversion are then convertd to tonnes of dioxide emission equivalent using AASHE STARS and international kWh to tCO2e conversion factors. In addition, the Sustainable Energy Authority of Ireland (SEAI) does a similar exercise by interrogating energy providers on consumption asociated to our reported public energy meter. Additional information about our building inventories are reported to the SEAI Monitoring and Report platform which is then used to generate the SEAI Annual Report. Finally TU Dublin compare its own analysis with SEAI analysis. Data from 2022 and onwards are matching. The results informed the decarbonisation strategy and action plans defined in the Climate Action Roadmap. Improvement on the actual energy consumption, cost, and associated tCO2e are ongoing with the installation of additional electrical, gas, district heating, and water meter for each building, together with the upgrade of our Building Managament Systems, the data collection and processing onto an Energy Management System, and the creation of digital twins - see the ""Towards a Sustainable University Campus"" project for more information (Ref 1). URL References: Ref 1: https://www.tudublin.ie/explore/about-the-university/sustainability/strategic-projects/action-research/towards-a-sustainable-university-campus/",,,text_long
Technological University Dublin,OP-2,OP,Environmental,Building Operations and Maintenance,,Floor area of existing buildings individually assessed for indoor environmental quality (IEQ) performance,0,Square meters,0.0,number
Technological University Dublin,OP-2,OP,Environmental,Building Operations and Maintenance,,Narrative outlining how building-level IEQ is assessed and how the results are used to improve performance,,,,not_reported
Technological University Dublin,OP-2,OP,Environmental,Building Operations and Maintenance,,Floor area of existing buildings managed or individually assessed for water performance,"4,269.79",Square meters,4269.79,number
Technological University Dublin,OP-2,OP,Environmental,Building Operations and Maintenance,,"Online location of the institution’s minimum standards for water efficient fixtures, fittings, and equipment",,,,not_reported
Technological University Dublin,OP-2,OP,Environmental,Building Operations and Maintenance,,"Copy of the institution’s minimum standards for water efficient fixtures, fittings, and equipment",,,,not_reported
Technological University Dublin,OP-2,OP,Environmental,Building Operations and Maintenance,,Narrative outlining how building-level water performance is assessed and how the results are used to improve performance,"Water consumption is mostly measured at a campus and building area level by analysing our water bills. Water consumptions are monotired on a monthly and annual basis to identify the imact of water saving measures or the added consumption for the creation of new buildings and services. Water consumption at the building level is currently done only in one building, the Greenway Hub that is a research building of 4,270 m2. Consumption is tracked from sensors connected to teh building management system.",,,text_long
Technological University Dublin,OP-2,OP,Environmental,Building Operations and Maintenance,,Floor area of existing buildings third party certified to a green building standard that addresses operations and maintenance,"9,555",Square meters,9555.0,number
Technological University Dublin,OP-2,OP,Environmental,Building Operations and Maintenance,,List of the institution’s existing buildings and their green building certifications,"Existing buildings built from 2019 to 2024 with a Building Energy Rating (BER) A2 or better, and thereby considered NZEB, are listed below - TOTAL BELOW 9,555 M2: Tallagh North, 2024, NZEB (BER A2+), 5,200m2 Aras Geal, 2024, NZEB (BER A2+), 4,040m2 Printmaking Workshop, 2021, NZEB (BER A2) 315m2",,,text_long
Technological University Dublin,OP-2,OP,Environmental,Building Operations and Maintenance,,Inventory of the institution’s existing buildings and their green building certifications,,,,not_reported
Technological University Dublin,OP-2,OP,Environmental,Building Operations and Maintenance,,Percentage of existing buildings managed under a green cleaning program,90.34,,90.34,number
Technological University Dublin,OP-2,OP,Environmental,Building Operations and Maintenance,,Percentage of existing buildings assessed for energy performance,100,,100.0,number
Technological University Dublin,OP-2,OP,Environmental,Building Operations and Maintenance,,Percentage of existing buildings assessed for IEQ performance,0,,0.0,number
Technological University Dublin,OP-2,OP,Environmental,Building Operations and Maintenance,,Percentage of existing buildings managed or assessed for water performance,2.02,,2.02,number
Technological University Dublin,OP-2,OP,Environmental,Building Operations and Maintenance,,Percentage of existing buildings third party certified to a green building standard that addresses operations and maintenance,4.53,,4.53,number
Technological University Dublin,OP-2,OP,Environmental,Building Operations and Maintenance,,Points earned for indicator OP 2.1,1.97,,1.97,number
Technological University Dublin,OP-2,OP,Environmental,Building Operations and Maintenance,,Notes about the information provided for this credit,,,,not_reported
Technological University Dublin,OP-2,OP,Environmental,Building Operations and Maintenance,,Additional documentation for this credit,,,,not_reported
Technological University Dublin,OP-3,OP,Environmental,Water Use,,Level of physical water quantity risk for the institution’s main campus,Medium-high,,,text
Technological University Dublin,OP-3,OP,Environmental,Water Use,,Performance year for water use,2023,,2023.0,year
Technological University Dublin,OP-3,OP,Environmental,Water Use,,Peer group,Doctoral universities and research institutions,,,text
Technological University Dublin,OP-3,OP,Environmental,Water Use,,Potable water from off-site sources,"56,570",Cubic meters,56570.0,number
Technological University Dublin,OP-3,OP,Environmental,Water Use,,Reclaimed water from off-site sources,0,Cubic meters,0.0,number
Technological University Dublin,OP-3,OP,Environmental,Water Use,,Other off-site water sources,0,Cubic meters,0.0,number
Technological University Dublin,OP-3,OP,Environmental,Water Use,,Potable water from on-site sources,0,Cubic meters,0.0,number
Technological University Dublin,OP-3,OP,Environmental,Water Use,,Other on-site water sources,0,Cubic meters,0.0,number
Technological University Dublin,OP-3,OP,Environmental,Water Use,,Full-time equivalent student enrollment,"22,841",,22841.0,number
Technological University Dublin,OP-3,OP,Environmental,Water Use,,Full-time equivalent of employees,"2,404",,2404.0,number
Technological University Dublin,OP-3,OP,Environmental,Water Use,,Annual potable water use,"56,570",Cubic meters,56570.0,number
Technological University Dublin,OP-3,OP,Environmental,Water Use,,Full-time equivalent students and employees,"25,245",,25245.0,number
Technological University Dublin,OP-3,OP,Environmental,Water Use,,Annual potable water use per person,"2,240.84",Liters,2240.84,number
Technological University Dublin,OP-3,OP,Environmental,Water Use,,Points earned for indicator OP 3.1,2,,2.0,number
Technological University Dublin,OP-3,OP,Environmental,Water Use,,Gross floor area of building space,"210,887",Square meters,210887.0,number
Technological University Dublin,OP-3,OP,Environmental,Water Use,,Annual potable water use per unit of floor area,268.25,Liters per square meter,268.25,number
Technological University Dublin,OP-3,OP,Environmental,Water Use,,Points earned for indicator OP 3.2,2,,2.0,number
Technological University Dublin,OP-3,OP,Environmental,Water Use,,Does the institution harvest rainwater on-site for storage and use?,Yes,,,boolean
Technological University Dublin,OP-3,OP,Environmental,Water Use,,Narrative and/or website URL providing an overview of the institution’s on-site rainwater harvesting systems,"Rain harvesting is done on the roof of the Greenway Hub, in campus gardens and horticulture sites. Water harvested in the Greenway Hub is filtered and used for flushing toilets.",,,text
Technological University Dublin,OP-3,OP,Environmental,Water Use,,Does the institution recover water on-site for reuse?,No,,,boolean
Technological University Dublin,OP-3,OP,Environmental,Water Use,,Narrative and/or website URL providing an overview of the institution’s on-site water recovery and reuse systems,,,,not_reported
Technological University Dublin,OP-3,OP,Environmental,Water Use,,Does the institution collect and return water to surface water or groundwater through on-site green infrastructure?,No,,,boolean
Technological University Dublin,OP-3,OP,Environmental,Water Use,,Narrative and/or website URL providing an overview of the institution’s on-site green infrastructure,,,,not_reported
Technological University Dublin,OP-3,OP,Environmental,Water Use,,Points earned for indicator OP 3.3,0.33,,0.33,number
Technological University Dublin,OP-3,OP,Environmental,Water Use,,Does the institution have methodologies in place to estimate or model the annual volume of water recovered and/or returned on-site?,No,,,boolean
Technological University Dublin,OP-3,OP,Environmental,Water Use,,Narrative outlining the methodologies used to estimate or model the annual volume of water recovered and/or returned on-site,,,,not_reported
Technological University Dublin,OP-3,OP,Environmental,Water Use,,Estimated volume of rainwater harvested on-site for storage and use,,,,not_reported
Technological University Dublin,OP-3,OP,Environmental,Water Use,,Estimated volume of water recovered on-site for reuse,,,,not_reported
Technological University Dublin,OP-3,OP,Environmental,Water Use,,Estimated volume of water collected and returned through on-site green infrastructure,,,,not_reported
Technological University Dublin,OP-3,OP,Environmental,Water Use,,Annual volume of water recovered and/or returned,0,Cubic meters,0.0,number
Technological University Dublin,OP-3,OP,Environmental,Water Use,,Total water withdrawal,"56,570",Cubic meters,56570.0,number
Technological University Dublin,OP-3,OP,Environmental,Water Use,,Ratio of water recovered/returned to total water withdrawal,0,,0.0,number
Technological University Dublin,OP-3,OP,Environmental,Water Use,,Points earned for indicator OP 3.4,0,,0.0,number
Technological University Dublin,OP-3,OP,Environmental,Water Use,,Notes about the information provided for this credit,,,,not_reported
Technological University Dublin,OP-3,OP,Environmental,Water Use,,Additional documentation for this credit,,,,not_reported
Technological University Dublin,OP-4,OP,Environmental,Ecologically Managed Grounds,,Do the institution’s landscaping/grounds services employ a written Integrated Pest Management (IPM) protocol that follows a four-tiered approach?,No,,,boolean
Technological University Dublin,OP-4,OP,Environmental,Ecologically Managed Grounds,,Online location of the institution’s IPM protocol,,,,not_reported
Technological University Dublin,OP-4,OP,Environmental,Ecologically Managed Grounds,,Copy of the institution’s IPM protocol,,,,not_reported
Technological University Dublin,OP-4,OP,Environmental,Ecologically Managed Grounds,,"Do the institution’s landscaping/grounds services publish, on at least an annual basis, an inventory of the synthetic fertilizers, pesticides, fungicides, and herbicides used on campus grounds?",No,,,boolean
Technological University Dublin,OP-4,OP,Environmental,Ecologically Managed Grounds,,Online location of the institution’s chemical inventory,,,,not_reported
Technological University Dublin,OP-4,OP,Environmental,Ecologically Managed Grounds,,Copy of the institution’s most recent chemical inventory,,,,not_reported
Technological University Dublin,OP-4,OP,Environmental,Ecologically Managed Grounds,,"Do the institution’s landscaping/grounds services manage one or more sites or pilot projects without the use of synthetic fertilizers, pesticides, fungicides, or herbicides?",Yes,,,boolean
Technological University Dublin,OP-4,OP,Environmental,Ecologically Managed Grounds,,Narrative and/or website URL providing an overview of the institution’s organic landscaping/grounds policies and practices,"The Grangegorman Community Garden and GLAS @ TU Dublin community garden are prime examples of TU Dublin’s commitment to sustainable and organic landscaping practices. Grangegorman Community Garden (Ref1): Located within the 73-acre Grangegorman campus, this garden is a collaborative project between TU Dublin, local schools, and community organizations. Established as part of the Grangegorman Masterplan, the garden operates organically, with no synthetic chemicals used. It focuses on offering educational experiences in sustainability and horticulture. The garden is part of a pilot project aimed at developing a sustainable governance model through multi-stakeholder collaboration​. GLAS @ TU Dublin Community Garden (Ref2): Situated on the Blanchardstown campus, this garden is operated under organic and regenerative principles, promoting community involvement and environmental education. The project, initiated in collaboration with Fingal County Council and Global Action Plan Ireland, provides workshops on composting, water harvesting, and waste management. It serves as a living lab for hands-on learning in sustainable growing practices​. URL References: Ref1: https://www.tudublin.ie/explore/about-the-university/sustainability/societal-engagement/community-gardens/grangegorman/ Ref2: https://www.tudublin.ie/explore/about-the-university/sustainability/societal-engagement/community-gardens/",,,text_long
Technological University Dublin,OP-4,OP,Environmental,Ecologically Managed Grounds,,"Have the institution’s landscaping/grounds services eliminated their use of synthetic fertilizers, pesticides, fungicides, and herbicides?",No,,,boolean
Technological University Dublin,OP-4,OP,Environmental,Ecologically Managed Grounds,,Online resource affirming the organic status of the institution’s landscaping/grounds services,,,,not_reported
Technological University Dublin,OP-4,OP,Environmental,Ecologically Managed Grounds,,Document affirming the organic status of the institution’s landscaping/grounds services,,,,not_reported
Technological University Dublin,OP-4,OP,Environmental,Ecologically Managed Grounds,,Points earned for indicator OP 4.1,0.50,,0.5,number
Technological University Dublin,OP-4,OP,Environmental,Ecologically Managed Grounds,,Total area of managed green space,43.59,Hectares,43.59,number
Technological University Dublin,OP-4,OP,Environmental,Ecologically Managed Grounds,,Area protected or restored,1.64,Hectares,1.64,number
Technological University Dublin,OP-4,OP,Environmental,Ecologically Managed Grounds,,Area of tree canopy,1.59,Hectares,1.59,number
Technological University Dublin,OP-4,OP,Environmental,Ecologically Managed Grounds,,Area managed organically,0.11,Hectares,0.11,number
Technological University Dublin,OP-4,OP,Environmental,Ecologically Managed Grounds,,Ratio of areas protected or restored to total managed green space,0.04,,0.04,number
Technological University Dublin,OP-4,OP,Environmental,Ecologically Managed Grounds,,Ratio of tree canopy to total managed green space,0.04,,0.04,number
Technological University Dublin,OP-4,OP,Environmental,Ecologically Managed Grounds,,Ratio of areas managed organically to total managed green space,0.00,,0.0,number
Technological University Dublin,OP-4,OP,Environmental,Ecologically Managed Grounds,,Points earned for indicator OP 4.2,0.19,,0.19,number
Technological University Dublin,OP-4,OP,Environmental,Ecologically Managed Grounds,,Notes about the information provided for this credit,,,,not_reported
Technological University Dublin,OP-4,OP,Environmental,Ecologically Managed Grounds,,Additional documentation for this credit,,,,not_reported
Technological University Dublin,OP-5,OP,Environmental,Energy Use,,Performance year for energy use,2023,,2023.0,year
Technological University Dublin,OP-5,OP,Environmental,Energy Use,,Peer group,Doctoral universities and research institutions,,,text
Technological University Dublin,OP-5,OP,Environmental,Energy Use,,Gross floor area of building space,"210,887",Square meters,210887.0,number
Technological University Dublin,OP-5,OP,Environmental,Energy Use,Electricity,Electricity generated by on-site renewable systems,7,Megawatt-hours,7.0,number
Technological University Dublin,OP-5,OP,Environmental,Energy Use,Electricity,Description of the on-site renewable systems,Photovoltaic electricity are installed on top of the print workshop. Panel generation capacity is 410 watt/unit. We currently have 12 units achieving the equivalent of 3.78 Hours operation at maximum power. The equivalent annual power generation is 7MWh.,,,text_long
Technological University Dublin,OP-5,OP,Environmental,Energy Use,Electricity,On-site renewable electricity exported,0,Megawatt-hours,0.0,number
Technological University Dublin,OP-5,OP,Environmental,Energy Use,Electricity,Electricity from off-site sources,"15,046",Megawatt-hours,15046.0,number
Technological University Dublin,OP-5,OP,Environmental,Energy Use,Stationary fuels,Natural gas,"21,056",Megawatt-hours,21056.0,number
Technological University Dublin,OP-5,OP,Environmental,Energy Use,Stationary fuels,Propane/LPG,0,Megawatt-hours,0.0,number
Technological University Dublin,OP-5,OP,Environmental,Energy Use,Stationary fuels,Heating oil,16,Megawatt-hours,16.0,number
Technological University Dublin,OP-5,OP,Environmental,Energy Use,Stationary fuels,Coal/coke,0,Megawatt-hours,0.0,number
Technological University Dublin,OP-5,OP,Environmental,Energy Use,Stationary fuels,Bioenergy products,0,Megawatt-hours,0.0,number
Technological University Dublin,OP-5,OP,Environmental,Energy Use,Stationary fuels,Other stationary fuels,0,Megawatt-hours,0.0,number
Technological University Dublin,OP-5,OP,Environmental,Energy Use,Heating and cooling from off-site sources,Steam from off-site sources,0,Megawatt-hours,0.0,number
Technological University Dublin,OP-5,OP,Environmental,Energy Use,Heating and cooling from off-site sources,Hot water from off-site sources,"2,266",Megawatt-hours,2266.0,number
Technological University Dublin,OP-5,OP,Environmental,Energy Use,Heating and cooling from off-site sources,Chilled water from off-site sources,0,Megawatt-hours,0.0,number
Technological University Dublin,OP-5,OP,Environmental,Energy Use,Heating and cooling from off-site sources,Total electricity consumption,"15,053",Megawatt-hours,15053.0,number
Technological University Dublin,OP-5,OP,Environmental,Energy Use,Heating and cooling from off-site sources,Total stationary fuel consumption,"21,072",Megawatt-hours,21072.0,number
Technological University Dublin,OP-5,OP,Environmental,Energy Use,Heating and cooling from off-site sources,Total heating and cooling from off-site sources,"2,266",Megawatt-hours,2266.0,number
Technological University Dublin,OP-5,OP,Environmental,Energy Use,Heating and cooling from off-site sources,Total annual energy consumption,"38,391",Megawatt-hours,38391.0,number
Technological University Dublin,OP-5,OP,Environmental,Energy Use,Heating and cooling from off-site sources,Annual energy consumption per unit of floor area,182.05,Kilowatt-hours per square meter,182.05,number
Technological University Dublin,OP-5,OP,Environmental,Energy Use,Heating and cooling from off-site sources,Points earned for indicator OP 5.1,2.69,,2.69,number
Technological University Dublin,OP-5,OP,Environmental,Energy Use,Heating and cooling from off-site sources,Full-time equivalent student enrollment,"22,841",,22841.0,number
Technological University Dublin,OP-5,OP,Environmental,Energy Use,Heating and cooling from off-site sources,Full-time equivalent of employees,"2,404",,2404.0,number
Technological University Dublin,OP-5,OP,Environmental,Energy Use,Heating and cooling from off-site sources,Full-time equivalent students and employees,"25,245",,25245.0,number
Technological University Dublin,OP-5,OP,Environmental,Energy Use,Heating and cooling from off-site sources,Annual energy consumption per person,"1,520.74",Kilowatt-hours,1520.74,number
Technological University Dublin,OP-5,OP,Environmental,Energy Use,Heating and cooling from off-site sources,Points earned for indicator OP 5.2,3,,3.0,number
Technological University Dublin,OP-5,OP,Environmental,Energy Use,Contractual instruments for renewable electricity,Energy attribute certificates (EACs) sold or not owned by the institution,0,Megawatt-hours,0.0,number
Technological University Dublin,OP-5,OP,Environmental,Energy Use,Contractual instruments for renewable electricity,Electricity from certified off-site renewable sources,0,Megawatt-hours,0.0,number
Technological University Dublin,OP-5,OP,Environmental,Energy Use,Contractual instruments for renewable electricity,Description of the certified off-site renewable sources of electricity,,,,not_reported
Technological University Dublin,OP-5,OP,Environmental,Energy Use,Contractual instruments for renewable electricity,Electricity from uncertified off-site renewable sources,"6,124",Megawatt-hours,6124.0,number
Technological University Dublin,OP-5,OP,Environmental,Energy Use,Contractual instruments for renewable electricity,Description of the uncertified off-site renewable sources of electricity,"EirGrid, the organisation that develop, manage and operate the electricity transmission grid in Ireland, reported that, in 2023, 40.7% of the electricity supplied in Ireland comes from renewable energy (Ref1 and Ref2 and Ref3). URL References: Ref1: https://cms.eirgrid.ie/sites/default/files/publications/Fuel-Mix-2023-Updated-July-2024.png Ref2: https://www.eirgrid.ie/grid/system-and-renewable-data-reports Ref3: https://cms.eirgrid.ie/sites/default/files/publications/System-and-Renewable-Data-Summary-Report-September-2024.xlsx",,,text_long
Technological University Dublin,OP-5,OP,Environmental,Energy Use,Contractual instruments for renewable electricity,Certified unbundled EACs,0,Megawatt-hours,0.0,number
Technological University Dublin,OP-5,OP,Environmental,Energy Use,Contractual instruments for renewable electricity,Description of the certified unbundled EACs,,,,not_reported
Technological University Dublin,OP-5,OP,Environmental,Energy Use,Renewable stationary fuels,Certified bioenergy products,0.21,Megawatt-hours,0.21,number
Technological University Dublin,OP-5,OP,Environmental,Energy Use,Renewable stationary fuels,Description of the certified bioenergy products,"The Department of the Environment, Climate and Communications and the Department of Agriculture, Food and the Marine reported the status of biomethane supplied in the gas network in Ireland. It reads that ""The volume of biomethane injected into the grid is small, equating to c. 75 GWh per annum, which is equivalent to 0.001% of Ireland’s current gas demand."" (Ref1) URL References: Ref1: https://assets.gov.ie/294685/3de4b66e-ff15-410e-9211-260e08d93b14.pdf",,,text_long
Technological University Dublin,OP-5,OP,Environmental,Energy Use,Renewable stationary fuels,Uncertified biomethane from organic waste or landfill gas,0,Megawatt-hours,0.0,number
Technological University Dublin,OP-5,OP,Environmental,Energy Use,Renewable stationary fuels,Description of the uncertified biomethane products,,,,not_reported
Technological University Dublin,OP-5,OP,Environmental,Energy Use,Heating and cooling from off-site renewable sources,Heating and cooling from certified off-site renewable sources,0,Megawatt-hours,0.0,number
Technological University Dublin,OP-5,OP,Environmental,Energy Use,Heating and cooling from off-site renewable sources,Description of the certified off-site renewable sources of heating and cooling,,,,not_reported
Technological University Dublin,OP-5,OP,Environmental,Energy Use,Heating and cooling from off-site renewable sources,Heating and cooling from uncertified off-site renewable sources,"2,266",Megawatt-hours,2266.0,number
Technological University Dublin,OP-5,OP,Environmental,Energy Use,Heating and cooling from off-site renewable sources,Description of the uncertified off-site renewable sources of heating and cooling,All the Hot water from off-site sources comes from the AWS Data Centre waste heat supplying TU Dublin Tallagh campus. This is reported in the Climate Action Roadmap v3 (Ref1) URL References: Ref1: https://www.tudublin.ie/media/website/explore/about-the-university/sustainability/documents/Climate-Action-Roadmap-June-2024-web.pdf,,,text_long
Technological University Dublin,OP-5,OP,Environmental,Energy Use,Demand reduction,"Description of any cogeneration, solar thermal, geothermal, or similar technologies used by the institution that reduce the demand for non-renewable energy",Small amount of photovoltaic electrical power generated. Geothermal project in development.,,,text
Technological University Dublin,OP-5,OP,Environmental,Energy Use,Demand reduction,"Electricity from on-site renewable systems, rights retained/retired",7,Megawatt-hours,7.0,number
Technological University Dublin,OP-5,OP,Environmental,Energy Use,Demand reduction,Electricity from renewable sources,"6,131",Megawatt-hours,6131.0,number
Technological University Dublin,OP-5,OP,Environmental,Energy Use,Demand reduction,Renewable stationary fuels,0.21,Megawatt-hours,0.21,number
Technological University Dublin,OP-5,OP,Environmental,Energy Use,Demand reduction,Heating and cooling from off-site renewable sources,"2,266",Megawatt-hours,2266.0,number
Technological University Dublin,OP-5,OP,Environmental,Energy Use,Demand reduction,Annual renewable energy consumption,"8,397.21",Megawatt-hours,8397.21,number
Technological University Dublin,OP-5,OP,Environmental,Energy Use,Demand reduction,Percentage of energy from renewable sources,21.87,,21.87,number
Technological University Dublin,OP-5,OP,Environmental,Energy Use,Demand reduction,Points earned for indicator OP 5.3,0.66,,0.66,number
Technological University Dublin,OP-5,OP,Environmental,Energy Use,Demand reduction,On-site and/or third party certified renewable power,7,Megawatt-hours,7.0,number
Technological University Dublin,OP-5,OP,Environmental,Energy Use,Demand reduction,Percentage of electricity from on-site and/or third party certified renewable sources,0.05,,0.05,number
Technological University Dublin,OP-5,OP,Environmental,Energy Use,Demand reduction,Points earned for indicator OP 5.4,0.00,,0.0,number
Technological University Dublin,OP-5,OP,Environmental,Energy Use,Demand reduction,Notes about the information provided for this credit,,,,not_reported
Technological University Dublin,OP-5,OP,Environmental,Energy Use,Demand reduction,Additional documentation for this credit,,,,not_reported
Technological University Dublin,OP-6,OP,Environmental,Greenhouse Gas Emissions,Scope 1 and 2 GHG emissions inventory,Has the institution completed an inventory within the previous three years to quantify its scope 1 and scope 2 GHG emissions?,Yes,,,boolean
Technological University Dublin,OP-6,OP,Environmental,Greenhouse Gas Emissions,Scope 1 and 2 GHG emissions inventory,Copy of the institution’s GHG emissions inventory,OP_6.1_Climate-Action-Roadmap-June-2024.pdf,,,text
Technological University Dublin,OP-6,OP,Environmental,Greenhouse Gas Emissions,Scope 1 and 2 GHG emissions inventory,Online location of the institution’s GHG emissions inventory,https://www.tudublin.ie/explore/about-the-university/sustainability/vision--progress/sustainability-strategy/climate-action-roadmap/,,,url
Technological University Dublin,OP-6,OP,Environmental,Greenhouse Gas Emissions,Scope 1 and 2 GHG emissions inventory,Performance year for scope 1 and 2 GHG emissions,2023,,2023.0,year
Technological University Dublin,OP-6,OP,Environmental,Greenhouse Gas Emissions,Scope 1 and 2 GHG emissions inventory,Description of the methodology or calculator used to conduct the scope 1 and 2 GHG emissions inventory,"Calculation followed the GHG Protocol Corporate Standard. Consolidated data from Gas bills and SEAI Monitoring & Reporting platform (Ref1) were used to produce scope 1 ""stationary combustion"" Consolidated data from Electric bills and SEAI Monitoring & Reporting platform (Ref1) were used to produce scope 2 ""electricity (market-based)"" Inventories of TU Dublin owned vehicles and figitive emissions together with National Conversion Factors enabled to report on the rest of Scope 1 emissions. MWh of consumption of water-waste heat from AWS data centre feeding into Tallagh campus together with National Conversion Factors enabled to report on Scope 2 Heating and Cooling] URL References: Ref1: https://www.seai.ie/plan-your-energy-journey/public-sector/monitoring-and-reporting/",,,text_long
Technological University Dublin,OP-6,OP,Environmental,Greenhouse Gas Emissions,Scope 1 GHG emissions,Scope 1 GHG emissions from stationary combustion,"3,728",Metric tons of CO2 equivalent,3728.0,number
Technological University Dublin,OP-6,OP,Environmental,Greenhouse Gas Emissions,Scope 1 GHG emissions,Scope 1 GHG emissions from mobile combustion,2,Metric tons of CO2 equivalent,2.0,number
Technological University Dublin,OP-6,OP,Environmental,Greenhouse Gas Emissions,Scope 1 GHG emissions,Scope 1 GHG process emissions,0,Metric tons of CO2 equivalent,0.0,number
Technological University Dublin,OP-6,OP,Environmental,Greenhouse Gas Emissions,Scope 1 GHG emissions,Scope 1 GHG fugitive emissions,55,Metric tons of CO2 equivalent,55.0,number
Technological University Dublin,OP-6,OP,Environmental,Greenhouse Gas Emissions,Scope 2 GHG emissions,Which of the following methods were used to quantify the institution’s scope 2 GHG emissions?,Market-based,,,text
Technological University Dublin,OP-6,OP,Environmental,Greenhouse Gas Emissions,Scope 2 GHG emissions,Scope 2 GHG emissions from off-site sources of electricity (market-based),"4,992",Metric tons of CO2 equivalent,4992.0,number
Technological University Dublin,OP-6,OP,Environmental,Greenhouse Gas Emissions,Scope 2 GHG emissions,Scope 2 GHG emissions from off-site sources of electricity (location-based),0,Metric tons of CO2 equivalent,0.0,number
Technological University Dublin,OP-6,OP,Environmental,Greenhouse Gas Emissions,Scope 2 GHG emissions,Scope 2 GHG emissions from off-site sources of heating and cooling,181,Metric tons of CO2 equivalent,181.0,number
Technological University Dublin,OP-6,OP,Environmental,Greenhouse Gas Emissions,Scope 2 GHG emissions,Annual scope 1 GHG emissions,,,,not_reported
Technological University Dublin,OP-6,OP,Environmental,Greenhouse Gas Emissions,Scope 2 GHG emissions,Annual scope 2 GHG emissions,,,,not_reported
Technological University Dublin,OP-6,OP,Environmental,Greenhouse Gas Emissions,Scope 2 GHG emissions,Annual scope 1 and 2 GHG emissions,"8,958",Metric tons of CO2 equivalent,8958.0,number
Technological University Dublin,OP-6,OP,Environmental,Greenhouse Gas Emissions,Biogenic emissions,Does the institution’s GHG emissions accounting method separate out biogenic emissions for disclosure purposes?,No,,,boolean
Technological University Dublin,OP-6,OP,Environmental,Greenhouse Gas Emissions,Biogenic emissions,GHG emissions from biogenic sources,,,,not_reported
Technological University Dublin,OP-6,OP,Environmental,Greenhouse Gas Emissions,Scope 3 GHG emissions,"Within the previous three years, to what extent has the institution quantified its scope 3 GHG emissions from business travel?",Full accounting,,,text
Technological University Dublin,OP-6,OP,Environmental,Greenhouse Gas Emissions,Scope 3 GHG emissions,Scope 3 GHG emissions from business travel,410,Metric tons of CO2 equivalent,410.0,number
Technological University Dublin,OP-6,OP,Environmental,Greenhouse Gas Emissions,Scope 3 GHG emissions,"Within the previous three years, to what extent has the institution quantified its scope 3 GHG emissions from commuting?",Full accounting,,,text
Technological University Dublin,OP-6,OP,Environmental,Greenhouse Gas Emissions,Scope 3 GHG emissions,Scope 3 GHG emissions from commuting,"10,694",Metric tons of CO2 equivalent,10694.0,number
Technological University Dublin,OP-6,OP,Environmental,Greenhouse Gas Emissions,Scope 3 GHG emissions,"Within the previous three years, to what extent has the institution quantified its scope 3 GHG emissions from purchased goods and services?",Full accounting,,,text
Technological University Dublin,OP-6,OP,Environmental,Greenhouse Gas Emissions,Scope 3 GHG emissions,Scope 3 GHG emissions from purchased goods and services,"26,269",Metric tons of CO2 equivalent,26269.0,number
Technological University Dublin,OP-6,OP,Environmental,Greenhouse Gas Emissions,Scope 3 GHG emissions,"Within the previous three years, to what extent has the institution quantified its scope 3 GHG emissions from capital goods?",Partial accounting,,,text
Technological University Dublin,OP-6,OP,Environmental,Greenhouse Gas Emissions,Scope 3 GHG emissions,Scope 3 GHG emissions from capital goods,83,Metric tons of CO2 equivalent,83.0,number
Technological University Dublin,OP-6,OP,Environmental,Greenhouse Gas Emissions,Scope 3 GHG emissions,"Within the previous three years, to what extent has the institution quantified its scope 3 GHG emissions from fuel- and energy-related activities not included in scope 1 or scope 2?",Full accounting,,,text
Technological University Dublin,OP-6,OP,Environmental,Greenhouse Gas Emissions,Scope 3 GHG emissions,Scope 3 GHG emissions from fuel- and energy-related activities not included in scope 1 or scope 2,0,Metric tons of CO2 equivalent,0.0,number
Technological University Dublin,OP-6,OP,Environmental,Greenhouse Gas Emissions,Scope 3 GHG emissions,"Within the previous three years, to what extent has the institution quantified its scope 3 GHG emissions from upstream transportation and distribution?",Not at all,,,text
Technological University Dublin,OP-6,OP,Environmental,Greenhouse Gas Emissions,Scope 3 GHG emissions,Scope 3 GHG emissions from upstream transportation and distribution,,,,not_reported
Technological University Dublin,OP-6,OP,Environmental,Greenhouse Gas Emissions,Scope 3 GHG emissions,"Within the previous three years, to what extent has the institution quantified its scope 3 GHG emissions from waste generated in operations?",Partial accounting,,,text
Technological University Dublin,OP-6,OP,Environmental,Greenhouse Gas Emissions,Scope 3 GHG emissions,Scope 3 GHG emissions from waste generated in operations,9,Metric tons of CO2 equivalent,9.0,number
Technological University Dublin,OP-6,OP,Environmental,Greenhouse Gas Emissions,Scope 3 GHG emissions,"Within the previous three years, to what extent has the institution quantified its scope 3 GHG emissions in all other applicable categories identified in the GHG Protocol Scope 3 Standard?",Full accounting,,,text
Technological University Dublin,OP-6,OP,Environmental,Greenhouse Gas Emissions,Scope 3 GHG emissions,Scope 3 GHG emissions from other applicable categories identified in the GHG Protocol Scope 3 Standard,10,Metric tons of CO2 equivalent,10.0,number
Technological University Dublin,OP-6,OP,Environmental,Greenhouse Gas Emissions,Scope 3 GHG emissions,Description of the methodologies used to identify and account for the institution’s relevant scope 3 activities,GHG emissions associated to Water usage.,,,text
Technological University Dublin,OP-6,OP,Environmental,Greenhouse Gas Emissions,Scope 3 GHG emissions,Points earned for indicator OP 6.1,3.28,,3.28,number
Technological University Dublin,OP-6,OP,Environmental,Greenhouse Gas Emissions,Scope 3 GHG emissions,Peer group,Doctoral universities and research institutions,,,text
Technological University Dublin,OP-6,OP,Environmental,Greenhouse Gas Emissions,Scope 3 GHG emissions,Gross floor area of building space,"210,887",Square meters,210887.0,number
Technological University Dublin,OP-6,OP,Environmental,Greenhouse Gas Emissions,Scope 3 GHG emissions,Annual scope 1 and 2 GHG emissions per unit of floor area,42.48,Kilograms per square meter,42.48,number
Technological University Dublin,OP-6,OP,Environmental,Greenhouse Gas Emissions,Scope 3 GHG emissions,Points earned for indicator OP 6.2,3.15,,3.15,number
Technological University Dublin,OP-6,OP,Environmental,Greenhouse Gas Emissions,Scope 3 GHG emissions,Full-time equivalent student enrollment,"22,841",,22841.0,number
Technological University Dublin,OP-6,OP,Environmental,Greenhouse Gas Emissions,Scope 3 GHG emissions,Full-time equivalent of employees,"2,404",,2404.0,number
Technological University Dublin,OP-6,OP,Environmental,Greenhouse Gas Emissions,Scope 3 GHG emissions,Full-time equivalent students and employees,"25,245",,25245.0,number
Technological University Dublin,OP-6,OP,Environmental,Greenhouse Gas Emissions,Scope 3 GHG emissions,Annual scope 1 and 2 GHG emissions per person,354.84,Kilograms of CO2 equivalent,354.84,number
Technological University Dublin,OP-6,OP,Environmental,Greenhouse Gas Emissions,Scope 3 GHG emissions,Points earned for indicator OP 6.3,3.83,,3.83,number
Technological University Dublin,OP-6,OP,Environmental,Greenhouse Gas Emissions,Carbon sinks,Third party certified carbon offsets,0,Metric tons of CO2 equivalent,0.0,number
Technological University Dublin,OP-6,OP,Environmental,Greenhouse Gas Emissions,Carbon sinks,Description of the institution’s third party certified carbon offsets,,,,not_reported
Technological University Dublin,OP-6,OP,Environmental,Greenhouse Gas Emissions,Carbon sinks,Carbon storage from on-site composting,0,Metric tons of CO2 equivalent,0.0,number
Technological University Dublin,OP-6,OP,Environmental,Greenhouse Gas Emissions,Carbon sinks,Description of the institution’s carbon storage from on-site composting,,,,not_reported
Technological University Dublin,OP-6,OP,Environmental,Greenhouse Gas Emissions,Carbon sinks,Carbon sold or transferred,0,Metric tons of CO2 equivalent,0.0,number
Technological University Dublin,OP-6,OP,Environmental,Greenhouse Gas Emissions,Carbon sinks,Carbon storage from non-additional sequestration on institution-owned land,0,Metric tons of CO2 equivalent,0.0,number
Technological University Dublin,OP-6,OP,Environmental,Greenhouse Gas Emissions,Baseline emissions,Does the institution have baseline scope 1 and 2 GHG emissions data?,Yes,,,boolean
Technological University Dublin,OP-6,OP,Environmental,Greenhouse Gas Emissions,Baseline emissions,Copy of the institution’s baseline GHG emissions inventory,OP_6.1_Climate-Action-Roadmap-June-2024.pdf,,,text
Technological University Dublin,OP-6,OP,Environmental,Greenhouse Gas Emissions,Baseline emissions,Online location of the institution’s baseline GHG emissions inventory,https://www.tudublin.ie/media/website/explore/about-the-university/sustainability/documents/Climate-Action-Roadmap-June-2024-web.pdf,,,url
Technological University Dublin,OP-6,OP,Environmental,Greenhouse Gas Emissions,Baseline emissions,Baseline year for scope 1 and 2 GHG emissions,2018,,2018.0,year
Technological University Dublin,OP-6,OP,Environmental,Greenhouse Gas Emissions,Baseline emissions,Narrative outlining when and why the GHG emissions baseline was adopted,2016-2018 Period when electricity and gas data start to be consistent between bills and SEAI M&R platform. It's also a PRE-Covid period and a period when we have the same level of data granularity as today - thereby enabling us to compare like for like.,,,text_long
Technological University Dublin,OP-6,OP,Environmental,Greenhouse Gas Emissions,Baseline emissions,Baseline scope 1 and 2 GHG emissions,"10,064",Metric tons of CO2 equivalent,10064.0,number
Technological University Dublin,OP-6,OP,Environmental,Greenhouse Gas Emissions,Baseline emissions,Net carbon sinks,0,Metric tons of CO2 equivalent,0.0,number
Technological University Dublin,OP-6,OP,Environmental,Greenhouse Gas Emissions,Baseline emissions,Adjusted net scope 1 and 2 GHG emissions,"8,958",Metric tons of CO2 equivalent,8958.0,number
Technological University Dublin,OP-6,OP,Environmental,Greenhouse Gas Emissions,Baseline emissions,Percentage reduction in scope 1 and 2 GHG emissions from baseline,10.99,,10.99,number
Technological University Dublin,OP-6,OP,Environmental,Greenhouse Gas Emissions,Baseline emissions,Points earned for indicator OP 6.4,0.44,,0.44,number
Technological University Dublin,OP-6,OP,Environmental,Greenhouse Gas Emissions,Baseline emissions,Notes about the information provided for this credit,,,,not_reported
Technological University Dublin,OP-6,OP,Environmental,Greenhouse Gas Emissions,Baseline emissions,Additional documentation for this credit,,,,not_reported
Technological University Dublin,OP-7,OP,Environmental,Dining Service Procurement,,Performance year for food and beverage purchasing,2023,,2023.0,year
Technological University Dublin,OP-7,OP,Environmental,Dining Service Procurement,,Percentage of food and beverage spend on products that are sustainably or ethically produced,18.70,,18.7,number
Technological University Dublin,OP-7,OP,Environmental,Dining Service Procurement,,Percentage of food and beverage spend on plant-based foods,57,,57.0,number
Technological University Dublin,OP-7,OP,Environmental,Dining Service Procurement,,Inventory of qualifying food and beverage purchases,OP7_OP8_Food_and_Beverage_Purchasing_Inventory_Revised_2.xlsx,,,text
Technological University Dublin,OP-7,OP,Environmental,Dining Service Procurement,,Description of the methodology used to determine the spend on products that are sustainably or ethically produced,"A complete, one fiscal year (Sept '22 to Sept '23), itemised bill of quantity was received from our main Tier One food supplier with background information for each item on 1) supplier safety and quality standard met (and discarded from the analysis), 2) Sustainability Standard met, and 3) Sustainable or Ethical Method of Production. These pieces of information were supplied by all the suppliers of our food service provider, thereby covering information on all the supply chain. The list of sustainability standard and ethical method of production is available in the uploaded file. ""Ecolabel or Sustainability standard met"" per item is then a combination of categories in that list. The sum of € spent on all products (Food, Beverages, and Non-Food and Beverage) with an ""Ecolabel or Sustainability standard"" is divided by the total € spend to calculate the % of expenditure on certified/verified products . The result is 16.7%. The same analysis has been conducted only on Food and Beverages only and the result is 18.7%.",,,text_long
Technological University Dublin,OP-7,OP,Environmental,Dining Service Procurement,,Description of the methodology used to determine the spend on plant-based foods,"A complete, one fiscal year (Sept '22 to Sept '23), itemised bill of quantity was received from our main Tier One food supplier. Each item were given ""Plant-Based"" and ""Non-Plant-Based"" Food & Beverage catergory or a ""Not Food & Not Beverage"" category. Each classified ""Plant-Based"" food & beverage item was given a sub-classification as listed by STARS Food and Dining template. The same was done for ""Non-Plant Based"" food & beverage. The sum of € spent on ""Plant-Based"" products is divided by the total € spend on Food & Beverages to calculate the % of expenditure on Plant-Based foods products. The result is 56.95%.",,,text_long
Technological University Dublin,OP-7,OP,Environmental,Dining Service Procurement,,Points earned for indicator OP 7.1,4.54,,4.54,number
Technological University Dublin,OP-7,OP,Environmental,Dining Service Procurement,,Does the institution have sufficient data on its dining service spend to pursue this indicator?,No,,,boolean
Technological University Dublin,OP-7,OP,Environmental,Dining Service Procurement,,Performance year for social impact dining service purchasing,2023,,2023.0,year
Technological University Dublin,OP-7,OP,Environmental,Dining Service Procurement,,Percentage of dining service spend with social impact suppliers,,,,not_reported
Technological University Dublin,OP-7,OP,Environmental,Dining Service Procurement,,Narrative and/or website URL providing an overview of the dining service program’s social impact suppliers,,,,not_reported
Technological University Dublin,OP-7,OP,Environmental,Dining Service Procurement,,Description of the methodology used to determine the spend with social impact suppliers,,,,not_reported
Technological University Dublin,OP-7,OP,Environmental,Dining Service Procurement,,Points earned for indicator OP 7.2,0,,0.0,number
Technological University Dublin,OP-7,OP,Environmental,Dining Service Procurement,,Notes about the information provided for this credit,,,,not_reported
Technological University Dublin,OP-7,OP,Environmental,Dining Service Procurement,,Additional documentation for this credit,,,,not_reported
Technological University Dublin,OP-8,OP,Environmental,Food Recovery,,Does the institution donate surplus food to a food redistribution program on at least a monthly basis when its dining services are operational?,Yes,,,boolean
Technological University Dublin,OP-8,OP,Environmental,Food Recovery,,Narrative and/or website URL providing an overview of the institution’s surplus food donation program,Our food and beverage suppliers do not have a donate surplus food programme per say. Typical practice from our food service providers is to allow for untouched food served to events to be accessible to staff and students for free. This is done on a daily basis.,,,text_long
Technological University Dublin,OP-8,OP,Environmental,Food Recovery,,"Do the institution’s dining services divert pre-consumer food waste from disposal for processing and use as animal feed, compost, and/or biofuel?",Yes,,,boolean
Technological University Dublin,OP-8,OP,Environmental,Food Recovery,,Narrative and/or website URL providing an overview of the institution’s pre-consumer food waste diversion program,Pre consumer waste is disposed of in brown compost bins provided by the University's waste management contractor.,,,text
Technological University Dublin,OP-8,OP,Environmental,Food Recovery,,"Do the institution’s dining services divert post-consumer food waste from disposal for processing and use as animal feed, compost, and/or biofuel?",Yes,,,boolean
Technological University Dublin,OP-8,OP,Environmental,Food Recovery,,Narrative and/or website URL providing an overview of the institution’s post-consumer food waste diversion program,Post consumer waste is disposed of in brown compost bins provided by the University's waste management contractor,,,text
Technological University Dublin,OP-8,OP,Environmental,Food Recovery,,Do the institution’s dining services track and assess their food and organic materials management efforts on at least an annual basis to inform ongoing improvements?,Yes,,,boolean
Technological University Dublin,OP-8,OP,Environmental,Food Recovery,,Narrative and/or website URL providing an overview of the institution’s food and organic materials management tracking and assessment initiatives,"TU Dublin was the first University to pilot the Environmental Protection Agency (EPA) Food Waste Tool ( https://www.tudublin.ie/explore/about-the-university/sustainability/sustainable-campus/climate-resiliency/waste/ and https://www.iua.ie/ourwork/sustainability/campus-living-labs-sustainability/ ). The tool provides users with a mechanism to utilise existing waste bills to reduce food waste. The Re-Fridge project aims to tackle food waste and food insecurity on campus through a shared community fridge system https://www.tudublin.ie/explore/about-the-university/sustainability/strategic-projects/green-campus/ ). Students facing financial challenges can access surplus food donated by campus canteens, nearby stores, or fellow students. SATLE Food Waste Project Competition & SDG Literacy Event Guest Speaker Our School was successful in its application for SATLE funding in Semester 1 for 2023/2024. The aim of the project is to build capacity at academic and operational levels across staff and student bodies by the introduction of food waste initiatives, measurement techniques, dedicated monitoring equipment and curriculum development. This project is taking place in the practical teaching laboratories (culinary labs, kitchens, bakeries, training restaurants/bar and the bakery shop. The initial phase of this project includes: · Piloting a smart bin systems https://www.positivecarbon.org/ · Running a Student Food Waste Competition with prizes of SATLE funded bursaries · Hosting an expert speaker on food waste · Food waste audit and survey for the School. https://www.tudublin.ie/explore/faculties-and-schools/arts-humanities/culinary-arts--food-technology/sustainability#content-accordion__item_177147",,,text_long
Technological University Dublin,OP-8,OP,Environmental,Food Recovery,,Points earned for indicator OP 8.1,2,,2.0,number
Technological University Dublin,OP-8,OP,Environmental,Food Recovery,,Notes about the information provided for this credit,,,,not_reported
Technological University Dublin,OP-8,OP,Environmental,Food Recovery,,Additional documentation for this credit,,,,not_reported
Technological University Dublin,OP-9,OP,Environmental,Sustainable Procurement System,,Does the institution have a published code of conduct to guide suppliers on the institution’s social and environmental expectations for them?,Yes,,,boolean
Technological University Dublin,OP-9,OP,Environmental,Sustainable Procurement System,,Copy of the institution’s supplier code of conduct,,,,not_reported
Technological University Dublin,OP-9,OP,Environmental,Sustainable Procurement System,,Online location of the institution’s supplier code of conduct,https://www.tudublin.ie/media/website/explore/foi/documents/TU--Dublin-Procurement-Policy-(21.11.23)-(1).pdf,,,url
Technological University Dublin,OP-9,OP,Environmental,Sustainable Procurement System,,Does the institution’s supplier code of conduct include one or more expectations in regard to environmental impact that exceed or are additional to regulatory compliance?,Yes,,,boolean
Technological University Dublin,OP-9,OP,Environmental,Sustainable Procurement System,,Does the institution’s supplier code of conduct include one or more expectations in regard to the treatment of workers that exceed or are additional to regulatory compliance?,No,,,boolean
Technological University Dublin,OP-9,OP,Environmental,Sustainable Procurement System,,Does the institution’s supplier code of conduct include one or more expectations in regard to governance and ethical business practices that exceed or are additional to regulatory compliance?,No,,,boolean
Technological University Dublin,OP-9,OP,Environmental,Sustainable Procurement System,,Does the institution’s supplier code of conduct include one or more expectations in regard to the advancement of sustainability in the supply chain?,No,,,boolean
Technological University Dublin,OP-9,OP,Environmental,Sustainable Procurement System,,Does the institution’s supplier code of conduct include one or more expectations of monitoring and review?,Yes,,,boolean
Technological University Dublin,OP-9,OP,Environmental,Sustainable Procurement System,,Points earned for indicator OP 9.1,0.40,,0.4,number
Technological University Dublin,OP-9,OP,Environmental,Sustainable Procurement System,,Does the institution have sufficient data on its bid solicitations to pursue this indicator?,Yes,,,boolean
Technological University Dublin,OP-9,OP,Environmental,Sustainable Procurement System,,Percentage of bid solicitations that identify product sustainability specifications,100,,100.0,number
Technological University Dublin,OP-9,OP,Environmental,Sustainable Procurement System,,Percentage of bid solicitations that identify supplier sustainability considerations,0,,0.0,number
Technological University Dublin,OP-9,OP,Environmental,Sustainable Procurement System,,Description of the methodology used to assess the institution’s bid solicitations,"Product Selection and Award Criteria tailored to each tender following the National Procurement Guidelines (Ref 1). Our Green Public Procurement process (Ref 2) procure all goods and services with a minimum 10% award weighting for green award and selection criteria. This weight wil increase to 30% over time. However, the sustainability awards/certificates or standards met by suppliers are not currently being appraised. URL References: Ref 1: https://www.etenders.gov.ie/epps/home.do Ref 2: https://www.tudublin.ie/connect/finance/green-public-procurement/",,,text_long
Technological University Dublin,OP-9,OP,Environmental,Sustainable Procurement System,,Online resource supporting the percentage of bid solicitations reported,https://www.tudublin.ie/connect/finance/green-public-procurement/,,,url
Technological University Dublin,OP-9,OP,Environmental,Sustainable Procurement System,,Document supporting the percentage of bid solicitations reported,Green_Public_Procurement___TU_Dublin.pdf,,,text
Technological University Dublin,OP-9,OP,Environmental,Sustainable Procurement System,,Points earned for indicator OP 9.2,1,,1.0,number
Technological University Dublin,OP-9,OP,Environmental,Sustainable Procurement System,,Average weight assigned to product sustainability specifications in the institution’s bid appraisal process,10 percent or more,,,text
Technological University Dublin,OP-9,OP,Environmental,Sustainable Procurement System,,Average weight assigned to supplier sustainability considerations in the institution’s bid appraisal process,0 percent,,,text
Technological University Dublin,OP-9,OP,Environmental,Sustainable Procurement System,,Narrative outlining how the average weights given to sustainability considerations were determined,Our Green Public Procurement process (Ref 1) ensures implementation by establishing gateway signoff for business cases to procure goods and services with a minimum 10% award weighting for green award and selection criteria. The average weight will increase to 30% over time. The average weight applied varies for each tender. The category manager in consultation with the contract owner would determine it at RFT stage. In most cases the weight assigned to product sustainability specifications in the institution’s bid appraisal process is 10% but it can be higher. The sustainability sandards or certificate met by a suppliers (rather than a product) is not currently being considered in the appraisal process but this and the review of Social Impact Supplier are now being considered. URL References: Ref 1: https://www.tudublin.ie/connect/finance/green-public-procurement/,,,text_long
Technological University Dublin,OP-9,OP,Environmental,Sustainable Procurement System,,Points earned for indicator OP 9.3,1,,1.0,number
Technological University Dublin,OP-9,OP,Environmental,Sustainable Procurement System,,Does the institution have sufficient data on its contract spend to pursue this indicator?,No,,,boolean
Technological University Dublin,OP-9,OP,Environmental,Sustainable Procurement System,,Performance year for contract spend,2023,,2023.0,year
Technological University Dublin,OP-9,OP,Environmental,Sustainable Procurement System,,Local currency code,EUR,,,text
Technological University Dublin,OP-9,OP,Environmental,Sustainable Procurement System,,Total annual contract spend,,,,not_reported
Technological University Dublin,OP-9,OP,Environmental,Sustainable Procurement System,,Annual contract spend with social impact suppliers,,,,not_reported
Technological University Dublin,OP-9,OP,Environmental,Sustainable Procurement System,,Narrative and/or website URL providing an overview of the institution’s contracts with social impact suppliers,,,,not_reported
Technological University Dublin,OP-9,OP,Environmental,Sustainable Procurement System,,Description of the methodology used to assess the institution’s contract spend with social impact suppliers,,,,not_reported
Technological University Dublin,OP-9,OP,Environmental,Sustainable Procurement System,,Percentage of contract spend with social impact suppliers,,,,not_reported
Technological University Dublin,OP-9,OP,Environmental,Sustainable Procurement System,,Points earned for indicator 9.4,0,,0.0,number
Technological University Dublin,OP-9,OP,Environmental,Sustainable Procurement System,,Notes about the information provided for this credit,,,,not_reported
Technological University Dublin,OP-9,OP,Environmental,Sustainable Procurement System,,Additional documentation for this credit,,,,not_reported
Technological University Dublin,OP-10,OP,Environmental,Purchased Goods,,Local currency code,EUR,,,text
Technological University Dublin,OP-10,OP,Environmental,Purchased Goods,,Does the institution have sufficient data on its cleaning product spend to pursue this indicator?,Yes,,,boolean
Technological University Dublin,OP-10,OP,Environmental,Purchased Goods,,Performance year for cleaning products spend,2023,,2023.0,year
Technological University Dublin,OP-10,OP,Environmental,Purchased Goods,,Total annual spend on cleaning products,"6,094.18",,6094.18,number
Technological University Dublin,OP-10,OP,Environmental,Purchased Goods,,Annual spend on cleaning products that meet preferable sustainability criteria,"2,901.86",,2901.86,number
Technological University Dublin,OP-10,OP,Environmental,Purchased Goods,,Annual spend on cleaning products that meet other qualifying sustainability criteria,326.68,,326.68,number
Technological University Dublin,OP-10,OP,Environmental,Purchased Goods,,List or sample of cleaning product purchases and the preferable and/or other qualifying criteria that each purchase meets,"Cleaning Products that have the Forest Stewardship Council (FSC, https://fsc.org/en ) Recycled label are listed as preferable: 50 8614 SCOTT JUMBO T/T WH 2PLY 12X200 - NO LIP - NO INV TILL 15/9/2022 FSC M02021 50 8614 SCOTT JUMBO T/T WH 2PLY 12X200 and CUTAN FOAMING SOAP 6X1L FSC TORK UNI WIPER FSC TORK UNI WIPER 320SH 2PLY BLUE 150MX16 FSC 128107 TORK UNI WIPER 320SH 2PLY BLUE FSC 128107 TORK UNI WIPER 320SH 2PLY BLUE 150MX16 FSC Cleaning Products that have other qualifying sustainability labels are: PRISTINE BACT HW 12X500ML x 12 Other Qualifying EXTRA TOWEL MED WH1PLY 15X2401 Other Qualifying PRISTINE PEARL BACT Other Qualifying",,,text_long
Technological University Dublin,OP-10,OP,Environmental,Purchased Goods,,Percentage of cleaning product spend that meets preferable sustainability criteria,47.62,,47.62,number
Technological University Dublin,OP-10,OP,Environmental,Purchased Goods,,Percentage of cleaning product spend that meets other qualifying sustainability criteria,5.36,,5.36,number
Technological University Dublin,OP-10,OP,Environmental,Purchased Goods,,Points earned for indicator OP 10.1,0.50,,0.5,number
Technological University Dublin,OP-10,OP,Environmental,Purchased Goods,,Does the institution have sufficient data on its electronics spend to pursue this indicator?,Yes,,,boolean
Technological University Dublin,OP-10,OP,Environmental,Purchased Goods,,Performance year for electronics product spend,2023,,2023.0,year
Technological University Dublin,OP-10,OP,Environmental,Purchased Goods,,Total annual spend on electronics,"1,319,288.96",,1319288.96,number
Technological University Dublin,OP-10,OP,Environmental,Purchased Goods,,Annual spend on electronics that meet preferable sustainability criteria,"829,573.95",,829573.95,number
Technological University Dublin,OP-10,OP,Environmental,Purchased Goods,,Annual spend on electronics spend that meet other qualifying sustainability criteria,"163,303.25",,163303.25,number
Technological University Dublin,OP-10,OP,Environmental,Purchased Goods,,List or sample of electronics purchases and the preferable and/or other qualifying criteria that each purchase meets,"Electronics products that have the EPEAT label ( https://www.epeat.net/ ) are listed as preferable : OptiPlex 5000 Small Form Factor EPEAT OptiPlex 5090 SFF XCTO EPEAT UltraSharp 27 Monitor - CITY EPEAT PowerEdge R740XD Server 32GB - CITY EPEAT OPTIPLEX 5000 SMALL FORM FACTOR X 7 EPEAT OptiPlex 5000 Tower EPEAT OptiPlex 5000 Small Form Factor EPEAT XPS 15 (9520) X 2 PROSUPPORT, STATE DRIVE-12 MONTH SUBSCRIPTION EPEAT Latitude 5530 XCTO Base EPEAT UltraSharp 27 Monitor EPEAT Latitude 5330 XCTO Base EPEAT Latitude 9430 CTO Base EPEAT Dell 27 Monitor - P2722H EPEAT Jabra Evolve 65 Stereo MS EPEAT Jabra Evolve 65 MS stereo headset EPEAT Precision 5820 Tower XCTO Base EPEAT Redone/Was stuck after GRN/already approved/Latitude 5530 XCTO Base EPEAT Precision 3460 SFF CTO BASE EPEAT XPS 13 (9315) EPEAT Latitude 5540 XCTO Base EPEAT Electronics products that have the other green labels are listed as other qualifying: Latitude 5420 XCTO Base Other Qualifying OPTIPLEX 7400 ALL IN ONE Other Qualifying OptiPlex 7400 All-in-One Other Qualifying DELL G16 7630 Other Qualifying Lenovo Tab K10 ZA8N - tablet Other Qualifying OptiPlex Tower (7010) Other Qualifying OptiPlex Tower (7010) Other Qualifying OptiPlex All-in-One Other Qualifying OptiPlex All-in-One (7410) Other Qualifying OptiPlex Tower (7010) Other Qualifying OptiPlex Micro (7010) Other Qualifying OptiPlex All-in-One (7410) Other Qualifying OptiPlex Tower (7010) Other Qualifying",,,text_long
Technological University Dublin,OP-10,OP,Environmental,Purchased Goods,,Percentage of electronics spend that meets preferable sustainability criteria,62.88,,62.88,number
Technological University Dublin,OP-10,OP,Environmental,Purchased Goods,,Percentage of electronics spend that meets other qualifying sustainability criteria,12.38,,12.38,number
Technological University Dublin,OP-10,OP,Environmental,Purchased Goods,,Points earned for indicator OP 10.2,0.69,,0.69,number
Technological University Dublin,OP-10,OP,Environmental,Purchased Goods,,Does the institution have sufficient data on its furniture spend to pursue this indicator?,Yes,,,boolean
Technological University Dublin,OP-10,OP,Environmental,Purchased Goods,,Performance year for furniture spend,2023,,2023.0,year
Technological University Dublin,OP-10,OP,Environmental,Purchased Goods,,Total annual spend on furniture,"190,295.16",,190295.16,number
Technological University Dublin,OP-10,OP,Environmental,Purchased Goods,,Annual spend on furniture that meets preferable sustainability criteria,"129,950.05",,129950.05,number
Technological University Dublin,OP-10,OP,Environmental,Purchased Goods,,Annual spend on furniture that meets other qualifying sustainability criteria,"1,388",,1388.0,number
Technological University Dublin,OP-10,OP,Environmental,Purchased Goods,,List or sample of furniture purchases and the preferable and/or other qualifying criteria that each purchase meets,"Furniture that have the FSC label ( https://fsc.org/en ) are listed as preferable: Below is the product list from one of our major furniture supplier - FARRELL BROTHERS ARDEE LTD, all of their products are made from FSC certified materials: https://farrell-furniture.com/approach/sustainability/ Sidiz T50 task chair,c/w lumbar support FSC AdapT rect top,outlets,14x750, W1100 1895.00 3790.00 3 ADS20D/TUD/MWW Adapt DD Storage 1970H, White, yellow dr FSC Sidiz T50 task chair,c/w lumbar support FSC AdapT rect top,outlets,16x8,Oak FSC Adapt Workstation. with cable management and modesty panels FSC Locker Unit 6dr, with Top FSC Circular table 1000mm Dia White MFC CITY FSC FURNITURE - OFFICE MOVABLE FSC Sidiz T50 task chair FSC Elements 2 Person 168 Frame FSC Sidiz T50 task chair,c/w lumbar support FSC AdapT rect top FSC FURNITURE - OFFICE MOVABLE/ order for Bolton St. CLARE ERIKSSON R336 FSC WORKSTATION CW MOD PANELS FSC ADF4P168W Adapt 4 Person 168 White Frame 2583.00 5166.00 1 ADF2P168W Adapt 2 Person 168 White Frame FSC City - FURNITURE - OFFICE MOVABLE, FSC CITY - FURNITURE - OFFICE MOVABLE, FSC City - FURNITURE - OFFICE MOVABLE, FSC Adapt DD Storage 720H, St Beech FSC FINTAN - PERSONAL STORAGE UNIT FSC AdapT rect top FSC Floor Standing Screen FSC Circular table complete with legs & adj FSC Adapt 1 Person 168 White Frame FSC Sidiz T50 task chair FSC White RAL9010 frame FSC Adapt VT Storage 1970H, White MFC 646.00 646.00 FSC loor Standing Screen 1800H x 1200W FSC Elements 168 Worktop - Electric - Oak V FSC Adapt 4 Person 128 White Frame FSC Person Collaboration Desk TUD: person collaboration desk c/w 44mm thick Curved tops, modesty panels, box and panles base Overall dims: 720mm high x 4160mm long x 925mm Deep Oak Veneer FSC TU Dublin - Locker Unit 2dr FSC Elements 168 Worktop - Electric - White FSC Storage unit Metal Shelves FSC 3dr m ped,s lock,600D,Oak Storage unit FSC LABOUR CHARGE TO DISMANTLE 46 EXISTING FSC AdapT rect top,outlets 2dr m ped,s lock Adapt Screen FSC Adapt VT Storage 2000H, Oak 674.00 674.00 Storage unit c/w silver vertical tambour FSC Sidiz T50 task chair,c/w lumbar suppor FSC AdapT rect top - letter box and top hat FSC ADAPT SINGLE PERSON 1600 X 1600 CW, 2 PART BOOKCASE FSC Furnitures that have the Environmental Product Declarations (EPD) label ( https://www.igbc.ie/what-is-an-epd ) are listed as other qualifying: City - FURNITURE - OFFICE MOVABLE, EPD",,,text_long
Technological University Dublin,OP-10,OP,Environmental,Purchased Goods,,Percentage of furniture spend that meets preferable sustainability criteria,68.29,,68.29,number
Technological University Dublin,OP-10,OP,Environmental,Purchased Goods,,Percentage of furniture spend that meets other qualifying sustainability criteria,0.73,,0.73,number
Technological University Dublin,OP-10,OP,Environmental,Purchased Goods,,Points earned for indicator OP 10.3,0.69,,0.69,number
Technological University Dublin,OP-10,OP,Environmental,Purchased Goods,,Does the institution have sufficient data on its office paper spend to pursue this indicator?,Yes,,,boolean
Technological University Dublin,OP-10,OP,Environmental,Purchased Goods,,Performance year for office paper spend,2023,,2023.0,year
Technological University Dublin,OP-10,OP,Environmental,Purchased Goods,,Total annual spend on office paper,"59,962.83",,59962.83,number
Technological University Dublin,OP-10,OP,Environmental,Purchased Goods,,Annual spend on office paper that meets preferable sustainability criteria,"47,557.30",,47557.3,number
Technological University Dublin,OP-10,OP,Environmental,Purchased Goods,,Annual spend on office paper that meets other qualifying sustainability criteria,"9,677.73",,9677.73,number
Technological University Dublin,OP-10,OP,Environmental,Purchased Goods,,List or sample of office paper purchases and the preferable and/or other qualifying criteria that each purchase meets,"Office Papers that have the FSC label ( https://fsc.org/en ) are listed as preferable: Hp Copy Ogp A4 210x297mm 80gm2 5x500sh FSC FSC Hp Copy Ogp A4 210x297mm 80gm2 5x500sh FSC FSC Discovery (Fsc3) A4 75gsm FSC Hp Copy Ogp A4 210x297mm 80gm2 5x500sh FSC - QUANTITY 200 - PO 1006935 FSC Edixion Offset (Fsc4) 420x594 120gm2 Pkt Wrapped FSC Edixion Offset FSC Edixion Offset FSC Hp Copy Ogp A4 210x297mm 80gm2 5x500sh FSC FSC Discovery (Fsc3) A4 75gsm FSC Hp Copy Ogp A4 FSC Hp Copy Ogp A3 FSC Hp Copy Ogp FSC Navigator Universal Fsc3 FSC Xerox Recycled A4 210x297mm 80gsm 5x500sh FSC Navigator Universal Fsc3 A4 210x297mm 80gm2 FSC Discovery (Fsc3) A4 210x297mm 75gm2 FSC Navigator Universal Fsc3 A4 210x297mm FSC HP COPY A4 80GSM WHITE FSC Navigator Universal Fsc3 FSC Navigator Universal FSC Hp Copy Ogp A4 FSC Navigator Universal Fsc3 A4 FSC Xerox Recycled A4 FSC HP COPY A4 80GSM WHITE FSC Xerox, Recycled, white, Copier paper FSC Edixion, Offset, white, woodfree ECF FSC HP, Copy Paper FSC HP COPY A4 80GSM WHITE FSC Xerox, Recycled, white, Copier paper FSC Edixion, Offset, white, uncoated, FSC FSC Certification BV-COC-101533 FSC HP, Copy Paper, white, Copier paper 80g/m2, 210mm x 297mm, A4, long grain pack of 500 sheets, FSC Mix Credit FSC Office Paper that have the other green labels are listed as other qualifying: Xerox Ecoprint 003r90003 A4 210 X 297mm 500sh Boxed 2500 Other Qualifying Xerox Symphony Pastel Blue Other Qualifying Xerox Symphony Pastel Green Other Qualifying Xerox Symphony Pastel Blue Other Qualifying Xerox Ecoprint 003r90003 A4 Other Qualifying 08.05.23 Xerox, Symphony pastel Other Qualifying Xerox, Symphony pastel Other Qualifying Xerox, Symphony pastel Other Qualifying Xerox, Symphony pastel, Pastel pink Other Qualifying Xerox, Symphony pastel, Pastel yellow Other Qualifying Xerox, Symphony pastel, Pastel yellow Other Qualifying",,,text_long
Technological University Dublin,OP-10,OP,Environmental,Purchased Goods,,Percentage of office paper spend that meets preferable sustainability criteria,79.31,,79.31,number
Technological University Dublin,OP-10,OP,Environmental,Purchased Goods,,Percentage of office paper spend that meets other qualifying sustainability criteria,16.14,,16.14,number
Technological University Dublin,OP-10,OP,Environmental,Purchased Goods,,Points earned for indicator OP 10.4,0.87,,0.87,number
Technological University Dublin,OP-10,OP,Environmental,Purchased Goods,,Notes about the information provided for this credit,,,,not_reported
Technological University Dublin,OP-10,OP,Environmental,Purchased Goods,,Additional documentation for this credit,,,,not_reported
Technological University Dublin,OP-11,OP,Environmental,Materials Management,,"Does the institution have a surplus program through which institution-owned items that are no longer needed are stored for eventual sale, donation, or reuse?",Yes,,,boolean
Technological University Dublin,OP-11,OP,Environmental,Materials Management,,Narrative and/or website URL providing an overview of the institution’s surplus program,"Furnitures from 4 TU Dublin buildings sold in 2021 were assessed for re-use, identified and moved to buildings on TU Dublin Grangegorman Campus. Schedule provided. UniGreenScheme, a UK-based asset resale service, collaborated with the Lead of the Physical to Life Sciences Research Hub at TU Dublin, to manage the disposal of bulky equipment. The process involved providing UniGreenScheme with a list of equipment designated for recycling, including details such as purchase dates. UniGreenScheme then assessed the items, assigned credit values, and coordinated their collection and transportation. TU Dublin Laptop Loan Scheme also enables student to avail a laptop for free (Ref 1). URL References: Ref 1: https://www.tudublin.ie/for-students/student-services-and-support/financial-support/laptop-loan-scheme/",,,text_long
Technological University Dublin,OP-11,OP,Environmental,Materials Management,,Does the institution have or participate in a reuse program through which employees and/or students can donate personal items for redistribution?,Yes,,,boolean
Technological University Dublin,OP-11,OP,Environmental,Materials Management,,Narrative and/or website URL providing an overview of the institution’s reuse program,"TU Dublin actively promotes sustainability through initiatives like the Hats, Socks, and Gloves Appeal (Ref 1), organized by the Pastoral Care and Chaplaincy Service. This campaign encourages the donation of warm clothing items, which are then distributed to individuals experiencing homelessness, thereby fostering a culture of reuse and community support. URL References: Ref 1: https://www.tudublin.ie/for-students/student-services-and-support/student-wellbeing/pastoral-care-chaplaincy/news-events/hats-socks-and-gloves-appeal.html",,,text_long
Technological University Dublin,OP-11,OP,Environmental,Materials Management,,Points earned for indicator OP 11.1,1,,1.0,number
Technological University Dublin,OP-11,OP,Environmental,Materials Management,,Does the institution have or participate in a composting program that accepts compostable alternatives to single-use disposable plastic?,Yes,,,boolean
Technological University Dublin,OP-11,OP,Environmental,Materials Management,,Narrative and/or website URL providing an overview of the institution’s composting program,Some of TU Dublin food service providers provide compostable alternatives to single-use disposable plastic with products certified against the “EN 13432 Certified Bioplastics” standard. C ompostable alternatives to single-use disposable plastic can then be disposed of in the organic bins collected by our waste service provider (Panda). Most alternative to single-use disposable plastic are paper based (e.g. paper cups). Dry paper-based waste must be disposed in the paper bins (not the compostable bins).,,,text_long
Technological University Dublin,OP-11,OP,Environmental,Materials Management,,Does the institution have or participate in a reusable container program designed to reduce the use of single-use disposable plastic?,Yes,,,boolean
Technological University Dublin,OP-11,OP,Environmental,Materials Management,,Narrative and/or website URL providing an overview of the institution’s reusable container program,"Our food service providers offer reusable containers such as 1) the ""Bring your own cup"" programme to serve hot drinks at a discounted price, 2) compostable plates and paper-cups, 3) all take-away containers provided are compostable (paper-base), 4) all take-away cutleries ar wooden-based, 5) food served on campus is served in washables dishes (ceramic plates, glasses, cutleries)",,,text_long
Technological University Dublin,OP-11,OP,Environmental,Materials Management,,Has the institution eliminated the on-site use of at least one form of single-use disposable plastic?,Yes,,,boolean
Technological University Dublin,OP-11,OP,Environmental,Materials Management,,"Has the institution eliminated the on-site sales and distribution of all single-use disposable plastic food containers, utensils, and beverage cups?",No,,,boolean
Technological University Dublin,OP-11,OP,Environmental,Materials Management,,Narrative and/or website URL providing an overview of the institution’s single-use disposable plastics program,"On Tallaght campus, the use of single-use plastic disposable containers was replaces with single-use biodegradable (compostable) containers.",,,text
Technological University Dublin,OP-11,OP,Environmental,Materials Management,,Points earned for indicator OP 11.2,0.75,,0.75,number
Technological University Dublin,OP-11,OP,Environmental,Materials Management,,Does the institution have or participate in a program designed to collect electronic waste (e-waste) from employees for recycling and/or preparation for reuse?,No,,,boolean
Technological University Dublin,OP-11,OP,Environmental,Materials Management,,Does the institution have or participate in a program designed to collect e-waste from students for recycling and/or preparation for reuse? (required),No,,,boolean
Technological University Dublin,OP-11,OP,Environmental,Materials Management,,Narrative and/or website URL providing an overview of the institution’s e-waste collection programs,,,,not_reported
Technological University Dublin,OP-11,OP,Environmental,Materials Management,,Does the institution use an e-waste recycler that is certified to a qualifying standard?,Unsure,,,text
Technological University Dublin,OP-11,OP,Environmental,Materials Management,,Standard to which the institution’s e-waste recycler is certified,,,,not_reported
Technological University Dublin,OP-11,OP,Environmental,Materials Management,,Points earned for indicator OP 11.3,0,,0.0,number
Technological University Dublin,OP-11,OP,Environmental,Materials Management,,Does the institution have a hazardous waste management program or protocol that includes measures to minimize or reduce the use of hazardous materials?,Yes,,,boolean
Technological University Dublin,OP-11,OP,Environmental,Materials Management,,Narrative and/or website URL providing an overview of the institution’s hazardous waste management program or protocol,Relating to radioactive material and sources of ionising radiation: TU Dublin have a Radiation Protection Officer (RPO) who liaises with the Environmental Protection Agency (EPA) (Ref 1). There is also a Radiation Protection Advisory Committee (RPAC) (Ref 2). URL References: Ref 1: https://www.tudublin.ie/for-staff/safety-health-welfare/safety-hub/radiological-safety/ Ref 2: https://www.tudublin.ie/media/website/for-staff/health-and-safety/documents/Radiation-Protection-Advisory-Committee---Terms-of-Reference-v3---Feb-2023_2024-04-29_7-01.pdf,,,text_long
Technological University Dublin,OP-11,OP,Environmental,Materials Management,,"Does the institution publish information about the specific types of hazardous waste it generates and how they are disposed of, recycled, and/or prepared for reuse?",No,,,boolean
Technological University Dublin,OP-11,OP,Environmental,Materials Management,,Online resource that provides information about the specific types of hazardous waste managed by the institution,,,,not_reported
Technological University Dublin,OP-11,OP,Environmental,Materials Management,,Document that provides information about the specific types of hazardous waste managed by the institution,,,,not_reported
Technological University Dublin,OP-11,OP,Environmental,Materials Management,,Points earned for indicator OP 11.4,0.50,,0.5,number
Technological University Dublin,OP-11,OP,Environmental,Materials Management,,Notes about the information provided for this credit,,,,not_reported
Technological University Dublin,OP-11,OP,Environmental,Materials Management,,Additional documentation for this credit,,,,not_reported
Technological University Dublin,OP-12,OP,Environmental,Waste Generation and Recovery,,Performance year for non-hazardous waste,2023,,2023.0,year
Technological University Dublin,OP-12,OP,Environmental,Waste Generation and Recovery,,Peer group,Doctoral universities and research institutions,,,text
Technological University Dublin,OP-12,OP,Environmental,Waste Generation and Recovery,,Non-hazardous waste recycled,691.73,Metric tons,691.73,number
Technological University Dublin,OP-12,OP,Environmental,Waste Generation and Recovery,,Non-hazardous waste composted,56.01,Metric tons,56.01,number
Technological University Dublin,OP-12,OP,Environmental,Waste Generation and Recovery,,Non-hazardous waste prepared for reuse,704.90,Metric tons,704.9,number
Technological University Dublin,OP-12,OP,Environmental,Waste Generation and Recovery,,Non-hazardous waste disposed of to a landfill or incinerator,316.21,Metric tons,316.21,number
Technological University Dublin,OP-12,OP,Environmental,Waste Generation and Recovery,,Estimated percentage of non-hazardous waste disposed of to a landfill or incinerator that is disposed of to a waste-to-energy (WTE) facility,39.90,,39.9,number
Technological University Dublin,OP-12,OP,Environmental,Waste Generation and Recovery,,Full-time equivalent student enrollment,"22,841",,22841.0,number
Technological University Dublin,OP-12,OP,Environmental,Waste Generation and Recovery,,Full-time equivalent of employees,"2,404",,2404.0,number
Technological University Dublin,OP-12,OP,Environmental,Waste Generation and Recovery,,Total non-hazardous waste diverted from disposal,"1,452.64",Metric tons,1452.64,number
Technological University Dublin,OP-12,OP,Environmental,Waste Generation and Recovery,,Annual non-hazardous waste generated,"1,768.85",Metric tons,1768.85,number
Technological University Dublin,OP-12,OP,Environmental,Waste Generation and Recovery,,Full-time equivalent students and employees,"25,245",,25245.0,number
Technological University Dublin,OP-12,OP,Environmental,Waste Generation and Recovery,,Annual non-hazardous waste generated per person,70.07,Kilograms,70.07,number
Technological University Dublin,OP-12,OP,Environmental,Waste Generation and Recovery,,Points earned for indicator OP 12.1,0.85,,0.85,number
Technological University Dublin,OP-12,OP,Environmental,Waste Generation and Recovery,,Gross floor area of building space,"210,887",Square meters,210887.0,number
Technological University Dublin,OP-12,OP,Environmental,Waste Generation and Recovery,,Annual non-hazardous waste generated per unit of floor area,8.39,Kilograms per square meter,8.39,number
Technological University Dublin,OP-12,OP,Environmental,Waste Generation and Recovery,,Points earned for indicator OP 12.2,0.27,,0.27,number
Technological University Dublin,OP-12,OP,Environmental,Waste Generation and Recovery,,Percentage of non-hazardous waste diverted from disposal,82.12,,82.12,number
Technological University Dublin,OP-12,OP,Environmental,Waste Generation and Recovery,,Points earned for indicator OP 12.3,1.82,,1.82,number
Technological University Dublin,OP-12,OP,Environmental,Waste Generation and Recovery,,"Has the institution conducted one or more major construction, renovation, and/or demolition projects within the previous three years?",Yes,,,boolean
Technological University Dublin,OP-12,OP,Environmental,Waste Generation and Recovery,,Does the institution have sufficient data on construction and demolition waste to pursue this indicator?,Yes,,,boolean
Technological University Dublin,OP-12,OP,Environmental,Waste Generation and Recovery,,Performance year for construction and demolition waste,2023,,2023.0,year
Technological University Dublin,OP-12,OP,Environmental,Waste Generation and Recovery,,Construction and demolition waste recycled,531.95,Metric tons,531.95,number
Technological University Dublin,OP-12,OP,Environmental,Waste Generation and Recovery,,Construction and demolition waste prepared for reuse,589.89,Metric tons,589.89,number
Technological University Dublin,OP-12,OP,Environmental,Waste Generation and Recovery,,Construction and demolition waste disposed of to a landfill or incinerator,122.23,Metric tons,122.23,number
Technological University Dublin,OP-12,OP,Environmental,Waste Generation and Recovery,,Total construction and demolition waste diverted from disposal,"1,121.85",Metric tons,1121.85,number
Technological University Dublin,OP-12,OP,Environmental,Waste Generation and Recovery,,Annual construction and demolition waste generated,"1,244.08",Metric tons,1244.08,number
Technological University Dublin,OP-12,OP,Environmental,Waste Generation and Recovery,,Percentage of construction and demolition waste diverted from disposal,90.18,,90.18,number
Technological University Dublin,OP-12,OP,Environmental,Waste Generation and Recovery,,Points earned for indicator OP 12.4,1,,1.0,number
Technological University Dublin,OP-12,OP,Environmental,Waste Generation and Recovery,,Notes about the information provided for this credit,,,,not_reported
Technological University Dublin,OP-12,OP,Environmental,Waste Generation and Recovery,,Additional documentation for this credit,,,,not_reported
Technological University Dublin,OP-13,OP,Environmental,Vehicle Fleet,,"Total number of cars, vans, trucks, and buses in the institution’s fleet",3,,3.0,number
Technological University Dublin,OP-13,OP,Environmental,Vehicle Fleet,,"Number of cars, vans, trucks, and buses in the institution’s fleet that are zero emission vehicles (ZEVs)",3,,3.0,number
Technological University Dublin,OP-13,OP,Environmental,Vehicle Fleet,,"Number of cars, vans, trucks, and buses in the institution’s fleet that are plug-in hybrid electric vehicles (PHEVs)",0,,0.0,number
Technological University Dublin,OP-13,OP,Environmental,Vehicle Fleet,,Percentage of fleet vehicles that are electric vehicles,100,,100.0,number
Technological University Dublin,OP-13,OP,Environmental,Vehicle Fleet,,Points earned for indicator OP 13.1,2,,2.0,number
Technological University Dublin,OP-13,OP,Environmental,Vehicle Fleet,,Notes about the information provided for this credit,"TU Dublin owns only three vehicles and all three vehicles are electric. This is described on page 22 of the Climate Action Roadmap ( Climate-Action-Roadmap-June-2024-web.pdf ) where it reads: “Procurement and Fleet Transition - SI381/2021 Clean Vehicles Directive - TU Dublin’s two diesel powered vehicles owned at the time of the last report have been replaced with electric vehicles. In 2023, a diesel van was purchased for use in research. This van has since been returned and the MARL laboratory is now installed in an electric van.”",,,text_long
Technological University Dublin,OP-13,OP,Environmental,Vehicle Fleet,,Additional documentation for this credit,,,,not_reported
Technological University Dublin,OP-14,OP,Environmental,Commute Modal Split,,Performance year for commute modal split,2022,,2022.0,year
Technological University Dublin,OP-14,OP,Environmental,Commute Modal Split,,Full-time equivalent student enrollment,"22,841",,22841.0,number
Technological University Dublin,OP-14,OP,Environmental,Commute Modal Split,,Full-time equivalent of employees,"2,404",,2404.0,number
Technological University Dublin,OP-14,OP,Environmental,Commute Modal Split,,Has the institution gathered data about student commuting behavior?,Yes,,,boolean
Technological University Dublin,OP-14,OP,Environmental,Commute Modal Split,,Percentage of students that use more sustainable commuting options,92,,92.0,number
Technological University Dublin,OP-14,OP,Environmental,Commute Modal Split,,Description of the methodology used to gather data about student commuting,"A national survey is conducted by the National Transport Authority (NTA) every two years. The survey is open for answers for approximately 2 weeks. The university locally push students and staff to answer the survey. The NTA then share back the information collected for each university. The summary of the 2022 survey are available here (Ref 1). In 2022, 15% of students (as a Head Count, not FTE) and 35% of staff (as a Head Count, not FTE) have answered the survey. Overall 17% of the staff and student population (as a Head Count, not FTE) completed the survey. This percentage of participation is the highest in all Ireland. The modes of tansports that were included ), “Mainly work or study remotely”, “On foot Bicycle (push bike)”, “Bicycle (e-bike)”, “Bus, minibus or coach”, “TU Dublin shuttle bus”, “Luas Train or DART”, “Motorcycle or scooter”, “Driving a car alone”, “Lorry or van”, “Driving a car with passenger(s) going to same destination”, “Driving a car with passenger(s) going to different destination”, “Passenger in a car with driver going to same destination”, “Passenger in a car with driver going to different destination”, and “Taxi”. The last 5 options could then be consolidated into a single answer defined as “Private Car Shared trip”. We note that electrical cars and motorcycles have not been distinguied from cars and motorcycles in the 2022 survey. URL References: Ref 1: https://www.tudublin.ie/explore/about-the-university/sustainability/about/news-and-events/tu-dublin-smarter-travel-survey-2022-results-.php",,,text_long
Technological University Dublin,OP-14,OP,Environmental,Commute Modal Split,,Has the institution gathered data about employee commuting behavior?,Yes,,,boolean
Technological University Dublin,OP-14,OP,Environmental,Commute Modal Split,,Percentage of employees that use more sustainable commuting options,69,,69.0,number
Technological University Dublin,OP-14,OP,Environmental,Commute Modal Split,,Description of the methodology used to gather data about employee commuting,"A national survey is conducted by the National Transport Authority (NTA) every two years. The survey is open for answers for approximately 2 weeks. The university locally push students and staff to answer the survey. The NTA then share back the information collected for each university. The summary of the 2022 survey are available here (Ref 1). In 2022, 15% of students (as a Head Count, not FTE) and 35% of staff (as a Head Count, not FTE) have answered the survey. Overall 17% of the staff and student population (as a Head Count, not FTE) completed the survey. This percentage of participation is the highest in all Ireland. The modes of tansports that were included ), “Mainly work or study remotely”, “On foot Bicycle (push bike)”, “Bicycle (e-bike)”, “Bus, minibus or coach”, “TU Dublin shuttle bus”, “Luas Train or DART”, “Motorcycle or scooter”, “Driving a car alone”, “Lorry or van”, “Driving a car with passenger(s) going to same destination”, “Driving a car with passenger(s) going to different destination”, “Passenger in a car with driver going to same destination”, “Passenger in a car with driver going to different destination”, and “Taxi”. The last 5 options could then be consolidated into a single answer defined as “Private Car Shared trip”. We note that electrical cars and motorcycles have not been distinguied from cars and motorcycles in the 2022 survey. URL References: Ref 1: https://www.tudublin.ie/explore/about-the-university/sustainability/about/news-and-events/tu-dublin-smarter-travel-survey-2022-results-.php",,,text_long
Technological University Dublin,OP-14,OP,Environmental,Commute Modal Split,,Points earned for indicator OP 14.1,5.39,,5.39,number
Technological University Dublin,OP-14,OP,Environmental,Commute Modal Split,Student commuting data,"Percentage of students that commute using single-occupancy car, van, or truck",6,,6.0,number
Technological University Dublin,OP-14,OP,Environmental,Commute Modal Split,Student commuting data,Percentage of students that commute by walking or the equivalent,17,,17.0,number
Technological University Dublin,OP-14,OP,Environmental,Commute Modal Split,Student commuting data,Percentage of students that commute by cycling or another micro-mobility option,5,,5.0,number
Technological University Dublin,OP-14,OP,Environmental,Commute Modal Split,Student commuting data,Percentage of students that commute by carpool or vanpool,4,,4.0,number
Technological University Dublin,OP-14,OP,Environmental,Commute Modal Split,Student commuting data,"Percentage of students that commute by bus, shuttle, or ferry",34,,34.0,number
Technological University Dublin,OP-14,OP,Environmental,Commute Modal Split,Student commuting data,Percentage of students that commute by rail,13,,13.0,number
Technological University Dublin,OP-14,OP,Environmental,Commute Modal Split,Student commuting data,Percentage of students that commute by light rail or tram,21,,21.0,number
Technological University Dublin,OP-14,OP,Environmental,Commute Modal Split,Student commuting data,Percentage of students that commute by motorcycle or moped,0,,0.0,number
Technological University Dublin,OP-14,OP,Environmental,Commute Modal Split,Student commuting data,Percentage of students that commute by zero emission vehicle,0,,0.0,number
Technological University Dublin,OP-14,OP,Environmental,Commute Modal Split,Student commuting data,Percentage of students that avail of remote learning,0,,0.0,number
Technological University Dublin,OP-14,OP,Environmental,Commute Modal Split,Employee commuting data,"Percentage of employees that commute using single-occupancy car, van, or truck",29,,29.0,number
Technological University Dublin,OP-14,OP,Environmental,Commute Modal Split,Employee commuting data,Percentage of employees that commute by walking or the equivalent,13,,13.0,number
Technological University Dublin,OP-14,OP,Environmental,Commute Modal Split,Employee commuting data,Percentage of employees that commute by cycling or another micro-mobility option,15,,15.0,number
Technological University Dublin,OP-14,OP,Environmental,Commute Modal Split,Employee commuting data,Percentage of employees that commute by carpool or vanpool,7,,7.0,number
Technological University Dublin,OP-14,OP,Environmental,Commute Modal Split,Employee commuting data,"Percentage of employees that commute by bus, shuttle, or ferry",14,,14.0,number
Technological University Dublin,OP-14,OP,Environmental,Commute Modal Split,Employee commuting data,Percentage of employees that commute by rail,9,,9.0,number
Technological University Dublin,OP-14,OP,Environmental,Commute Modal Split,Employee commuting data,Percentage of employees that commute by light rail or tram,11,,11.0,number
Technological University Dublin,OP-14,OP,Environmental,Commute Modal Split,Employee commuting data,Percentage of employees that commute by motorcycle or moped,1,,1.0,number
Technological University Dublin,OP-14,OP,Environmental,Commute Modal Split,Employee commuting data,Percentage of employees that commute by zero emission vehicle,0,,0.0,number
Technological University Dublin,OP-14,OP,Environmental,Commute Modal Split,Employee commuting data,Percentage of employees that avail of remote work,1,,1.0,number
Technological University Dublin,OP-14,OP,Environmental,Commute Modal Split,Employee commuting data,Notes about the information provided for this credit,,,,not_reported
Technological University Dublin,OP-14,OP,Environmental,Commute Modal Split,Employee commuting data,Additional documentation for this credit,,,,not_reported
Technological University Dublin,OP-15,OP,Environmental,Air Travel,,Does the institution provide incentives designed to encourage employees to reduce their air travel?,No,,,boolean
Technological University Dublin,OP-15,OP,Environmental,Air Travel,,Narrative and/or website URL providing an overview of the institution’s incentives designed to encourage employees to reduce their air travel,"Staff are free to choose their mode of transports. Should they wish to travel by land or sea, they will be refunded accordingly. When staff are planning field trips they are free to build their travel plan and request the necessary funding. There is no travel funds. TU Dublin always pay/refund the exact amount for travels. TU Dublin international travels (by air or sea) are organised via our travel agent (ClubTravel) or staff may cover the cost forward and request a refund through their project code. Typically, when dealing with the travel agent, staff and students still have to direct the desired flight. Staff and students are encouraged to use low emission modes of transport (typically reported by search engines such as Google Flight or the flight company). The funding is typically covered by a project code or a function budget (e.g. school, faculty, research office, etc.). Students are financially supported for compulsory trips via the Compulsory Travel Form (Ref 1). The sustainability ""Transport & Mobility"" programme (Ref 2) is preparing staff and student for changes on how we travel, how often, and how far. URL References: Ref 1: https://www.tudublin.ie/for-students/student-services-and-support/financial-support/aungier-st-bolton-st-grangegorman/compulsory-travel-scheme/ Ref 2: https://www.tudublin.ie/explore/about-the-university/sustainability/sustainable-campus/transport--mobility/",,,text_long
Technological University Dublin,OP-15,OP,Environmental,Air Travel,,Has the institution adopted restrictive measures designed to reduce the GHG emissions associated with its directly financed air travel?,No,,,boolean
Technological University Dublin,OP-15,OP,Environmental,Air Travel,,Narrative and/or website URL providing an overview of the institution’s restrictive measures designed to reduce its air travel emissions,,,,not_reported
Technological University Dublin,OP-15,OP,Environmental,Air Travel,,Does the institution have a program designed to mitigate the GHG emissions associated with its directly financed air travel?,No,,,boolean
Technological University Dublin,OP-15,OP,Environmental,Air Travel,,Narrative and/or website URL providing an overview of the institution’s air travel mitigation program,,,,not_reported
Technological University Dublin,OP-15,OP,Environmental,Air Travel,,Points earned for indicator OP 15.1,0,,0.0,number
Technological University Dublin,OP-15,OP,Environmental,Air Travel,,Notes about the information provided for this credit,,,,not_reported
Technological University Dublin,OP-15,OP,Environmental,Air Travel,,Additional documentation for this credit,,,,not_reported
Technological University Dublin,PA-1,PA,Governance,Sustainability Coordination,,Does the institution have one or more sustainability committees?,Yes,,,boolean
Technological University Dublin,PA-1,PA,Governance,Sustainability Coordination,,Narrative and/or website URL providing an overview of the institution’s sustainability committees,"Sustainability Office (Ref 1) University Sustainability Council (Ref 2) Equality, Diversity and Inclusion Committee (Ref 3) URL References: Ref 1: https://www.tudublin.ie/explore/about-the-university/sustainability/ Ref 2: https://www.tudublin.ie/explore/about-the-university/sustainability/about/sustainability-council/ Ref 3: https://www.tudublin.ie/explore/about-the-university/governance/equality-diversity-and-inclusion-committee/",,,text_long
Technological University Dublin,PA-1,PA,Governance,Sustainability Coordination,,Does the institution have one or more sustainability officers?,Yes,,,boolean
Technological University Dublin,PA-1,PA,Governance,Sustainability Coordination,,Narrative and/or website URL providing an overview of the institution’s sustainability officers,"TU Dublin has a VP of Sustainability, Jennifer Boyer, who is governing 4 sustainability functions that are ""Sustainability Education"", ""Decarbonisation"", ""Sutainability Intelligence"", and ""Societal Engagement"", and 1 sustainability group ""Sustainability Action Research & Innovation Projects"" (Ref 1). Each sustainability function has a head of function: Dr Brian Gormley, Rosie Webb, Dr Philippe Lemarchand, Helena F1tzgerald. The sustainability group gathers 3 project managers and innovation leads, as well as 2 Green-Campus Co-Chair. By the end of 2023, the sustainability office was composed of 12 females and 6 males. URL References: Ref 1: https://www.tudublin.ie/explore/about-the-university/sustainability/about/sustainability-team/",,,text_long
Technological University Dublin,PA-1,PA,Governance,Sustainability Coordination,,Does the institution have one or more sustainability offices with more than one full-time equivalent employee?,Yes,,,boolean
Technological University Dublin,PA-1,PA,Governance,Sustainability Coordination,,Description of each sustainability office,"The Sustainability Office consists of the VP of Sustainability, four Sustainability Heads of Function (Sustainability Education, Societal Engagement, Decarbonisation, Sustainability Intelligence), and sustainability project leads. In addition, the University Sustainability Council connects the sustainability with a wide range of departments and heads of function across the university.",,,text_long
Technological University Dublin,PA-1,PA,Governance,Sustainability Coordination,,Full-time equivalent of people employed in the sustainability offices,16.30,,16.3,number
Technological University Dublin,PA-1,PA,Governance,Sustainability Coordination,,"Is at least one of the institution’s sustainability committees, officers, or offices charged with coordinating various campus constituencies in the advancement of sustainability across the entire institution?",Yes,,,boolean
Technological University Dublin,PA-1,PA,Governance,Sustainability Coordination,,Narrative outlining the activities and substantive accomplishments of the institution-wide coordinating body or officer during the previous three years,"TU Dublin Sustainability Education team (Ref 1) is driving the sustainability transformation of the curriculum, professional development and upskilling of staff and students. AASHE recognises TU Dublin as the first Centre for Sustainability Across the Curriculum in Europe (Ref 2). Other major recognitions include: (i) sustainability educaton framework (Ref 3), (ii) the start of the University Education Model led by Academic Affair (Ref 4), (iii) the participation to the Sulitest (Ref 1), (iv) the development of a Sustainability Toolkit (Ref 3), (v) the partnership with UNITAR (Ref 7), (vi) the re-iterated funding of the SATLE project (Ref 8) TU Dublin Sustainable Campus programme (https://www.tudublin.ie/explore/about-the-university/sustainability/sustainable-campus/) bi-annually report the Climate Action Roadmap (CAR) (Ref 9). This is a significant effort that looks at contiuously measuring and reporting Scope 1, 2, and 3 carbon emissions and planning the decarbonisation of the university. A major recognition of the wholistic sustainability measures across campuses is seen with TU Dublin raising the Green Flag at all campuses (Ref 10). TU Dublin Sustainability Intelligence (Ref 11) leads the Digital Transformation programme of the unversity on the sustainability theme. The team looks at gathering all data from all the university to assess and report on the sustainability level of the university, and develop new digital methodology to enhance and consolidate the assessment and report on all sustainability aspects. The sustainability digitalisation programme already produced three web applications that enable to assess the sustainability in the curriculum (analysing the curriculum databases), sustainability in research (analysing all research outputs in the TU Dublin research repository and Scopus), and sustainability in communication (analysing website content). These web apps assess the sustainablity level (Focused, Incluside, or Nothing) of text among the 17 UN SDG. These applications are available to all staff, students, and the public. Another project within the programme is ""Towards a Sustainability University Campus"" (Ref 12) which looks at digitalisation the operation of TU Dublin buildings and campuses with outputs feeding into scope 1, 2 and 3 outputs reported in the Climate Action Roadmap. Further background on TU Dublin ""Digitalisation Transformation"" programme of the universiy: TU Dublin Strategic Plan (Ref 13 and Ref 14) is build 3 sustainability pillars, namely People, Planet, and Partnership. A fouth pillar is ""Enablers"" and includes the ""Digital Transformation"" programme of the university that is made evident across a non-exhaustive list of university activities such as (i) the N-TUTORR project on the Digital Transformation in Teaching and Learning (Ref 15) leading to TU Dublin policy and guidance on Digital Education (Ref 16), (ii) the Technology Services Digital Transformation Programme 24/25 (Ref 17), and (iii) digital transformation courses delivered by various schools in the Faculty of Computing, Digital and Data (Ref 18). URL References: Ref 1: https://www.tudublin.ie/explore/about-the-university/sustainability/sustainability-education/ Ref 2: https://www.tudublin.ie/explore/news/tu-dublin-is-recognised-as-the-first-centre-for-sustainability-across-the-curriculum-in-europe.html Ref 3: https://www.tudublin.ie/explore/about-the-university/sustainability/sustainability-education/sustainability-toolkit/ Ref 4: https://www.tudublin.ie/explore/about-the-university/academic-affairs/lta/lta-resources/ Ref 7: https://www.tudublin.ie/explore/about-the-university/sustainability/about/news-and-events/tu-dublin-and-unitar-establish-strategic-partnership-.php Ref 8: https://www.tudublin.ie/explore/about-the-university/academic-affairs/education-innovation-projects/past-projects/satle2/ Ref 9: https://www.tudublin.ie/explore/about-the-university/sustainability/vision--progress/sustainability-strategy/climate-action-roadmap/ Ref 10: https://www.tudublin.ie/explore/news/tu-dublin-raise-the-green-flag-at-all-campuses-.html#:~:text=TU%20Dublin%20is%20the%20first,strategic%20milestone%20for%20the%20University Ref 11: https://www.tudublin.ie/explore/about-the-university/sustainability/about/sustainability-team/sustainability-intelligence/ Ref 12: https://www.tudublin.ie/explore/about-the-university/sustainability/strategic-projects/action-research/towards-a-sustainable-university-campus/ Ref 13: https://www.tudublin.ie/media/website/explore/about-the-university/strategic-plan/documents/Strategic-Plan-2024-2028-FINAL.pdf Ref 14: https://www.tudublin.ie/explore/about-the-university/strategicintent/2030/ Ref 15: https://www.tudublin.ie/explore/about-the-university/academic-affairs/ntutorr/themes/digital-transformation-in-teaching-and-learning/ Ref 16: https://www.tudublin.ie/explore/about-the-university/academic-affairs/digital-education/ Ref 17: https://www.tudublin.ie/connect/technology-services/about-us/enterprise-systems-and-planning/ict-project-office/technology-services-digital-transformation-programme-24-25/ Ref 18: https://www.tudublin.ie/explore/faculties-and-schools/computing-digital-data/",,,text_long
Technological University Dublin,PA-1,PA,Governance,Sustainability Coordination,,Points earned for indicator PA 1.1,1,,1.0,number
Technological University Dublin,PA-1,PA,Governance,Sustainability Coordination,,Notes about the information provided for this credit,,,,not_reported
Technological University Dublin,PA-1,PA,Governance,Sustainability Coordination,,Additional documentation for this credit,,,,not_reported
Technological University Dublin,PA-1,PA,Governance,Sustainability Coordination,Job descriptions,Text of the job description for the institution’s sustainability officer (1st position),"Jennifer Boyer, Vice President of Sustainability Job Description: Overview: TU Dublin is uniquely positioned to drive societal changes. The University aspires to be a leader and voice for sustainability, a way of living and working in a new, more balanced way, a way that protects our planet for future generations. The Vice President for Sustainability will provide leadership, strategic direction and oversight for the coordination and management of the University's activities in relation to sustainability, across both professional services and academic domains. Reporting to the President and part of the University Executive Team (UET), the Vice President for Sustainability will focus on: • Establishing TU Dublin as one of the world's most sustainable universities • Working with the UET to deliver on the objectives set out in the TU Dublin's Strategic Intent 2030 document • Leading delivery of the Planet pillar - and associated performance indicators - within Strategic Intent 2030 • Providing leadership and strategic direction in cultivating effective collaborations with external partners to drive improvements in sustainability institutionally, nationally and internationally • Developing the University's international footprint and voice as a champion of sustainability • Assessing and improving the impact of TU Dublin's sustainability policies and activities on the University and on the society within which it operates • Working with the academic community to develop graduates who are responsible global citizens committed to the principles of sustainability. Key responsibilities: University Leadership • To make an active contribution to delivering on the University mission and share responsibility for evolving the overall University strategy as a member of the University Executive Team • To represent and promote the interests of the University internally and externally • To contribute to building a culture of respect, trust, collaboration, understanding, shared accountability and purpose across TU Dublin • To work with and report to the University Governing Body on performance against the Strategic Plan targets • Assist the President in driving the University's efforts in discharging its legal obligations as set out in the Technological Universities Act 2018 Sustainability Leadership • To develop and oversee the implementation of a cohesive University strategy for sustainability, establishing TU Dublin as the top Irish university for sustainability, recognised through appropriate awards and/or accreditation for all campus locations • To work with the programme, school and faculty leadership to embed sustainability as a cross­cutting theme in all programmes to ensure TU Dublin creates graduates who champion and progress the sustainability agenda • To work with Research Hubs and the Research Academy to showcase TU Dublin's living lab for environmental sustainability, fostering leading minds and sharing research knowledge and expertise which informs actions that achieve sustainability • To support academic units and professional services to deliver on the KPls relating to sustainability, in line with the University Strategy • To maintain regular contact with officials within the regulatory bodies relating to sustainability to ensure their evolving best practices are disseminated across the University • To work with the Estates and Facilities team to develop an ambitious campus planning strategy that drives sustainability initiatives and reduces emissions across the University estate • To raise awareness among the staff - including senior management and students of the potential impact of the emerging sustainable development initiatives and best practice. Operational • To monitor legislation and keep abreast of best practice in comparable large estates to ensure that appropriate solutions are identified and implemented in the University • To review capital and infrastructure procurement processes to incorporate principles of sustainability • To consult with University staff and contractors to ensure they meet University sustainability specifications. Governance • To provide accurate, timely and comprehensive information and guidance on all pertinent matters within the portfolio of the Vice President for Sustainability to the Governing Body and associated committees • To actively represent sustainability activities on relevant committees of the University, presenting papers and leading where appropriate • To work with and advise Estates & Facilities on all issues relating to sustainability • To ensure the successful integration of sustainability priorities in the delivery of all relevant academic and professional services. External relations and communications • To establish TU Dublin as a beacon for sustainability, driving public discourse and influencing policy development in partnership with thought leaders • To promote the University as a platform and potential partner to support the development of new sustainability initiatives on a global level • To represent the University on external bodies and at external events, such as seminars, conferences and public lectures to help drive the sustainability agenda on the local, national, and international stages • To work closely with the marketing and communications unit to ensure sustainability activities are aligned with the university's marketing and communications activities. General • To produce management and other reports as required • To undertake any other activities assigned from time to time by the President. In undertaking these responsibilities, the Vice President for Sustainability will be able to delegate specific functions, but not accountability for them, to other individuals.",,,text_long
Technological University Dublin,PA-1,PA,Governance,Sustainability Coordination,Job descriptions,Copy of the job description for the institution’s sustainability officer (1st position),,,,not_reported
Technological University Dublin,PA-1,PA,Governance,Sustainability Coordination,Job descriptions,Text of the job description for the institution’s sustainability officer (2nd position),"Rosie Webb, Head of Decarbonisation Job Description Role Overview The Head of Decarbonisation will play a key role in establishing TU Dublin as one of the world’s most sustainable universities by provide strategic direction for the University’s campus environment (development and planning) to mitigate climate risks and reduce TU Dublin’s environmental impacts. Reporting to the Vice President for Sustainability, and working as a member of the Sustainability Senior Management Team, the Head of Decarbonisation will lead the Campus Decarbonisation team and has responsibility for developing the decarbonisation roadmap and climate action targets and timelines for reducing carbon emissions across all campus operations and planned developments to achieve national, European objectives and University ambitions to reach carbon neutrality by 2040. The Head of Decarbonisation will provide strategic advice and services to Campus and Estates, Campus Planning, Finance, and faculties and schools within the University as appropriate to identify and support implementation at local level of climate action plans to realise energy generation, energy efficiency, waste reduction/elimination, water conservation, sustainable transportation, increased biodiversity, and sustainable purchasing targets. They will be responsible for leading the work of the Climate Action Coordination Team comprising the Climate Action Coordinator, and associate specialist areas including Sustainable Travel & Mobility, Biodiversity, and the Sustainable Purchasing. The Head of Decarbonisation will: • Lead the development and delivery of the University’s Decarbonisation Strategy, change agenda, climate action planning review and roadmap for reducing carbon emissions across all campus operations and planned developments, working towards a target of becoming carbon neutral by 2040 • Work closely with the University’s Professional Services (including Campus and Estates, Campus Planning, and Finance) and with academic leads and researchers across Faculties, Schools, and Research & Innovation Services to: - identify, establish, facilitate and service functional areas to agree and deliver on specific actions. - align planned activities with the European Green Deal, Ireland’s Climate Action Plan 2021, National Carbon Budgets, and the Circular Economy Strategy - embed and implement sustainability (including energy conservation) into the physical University environment through capital development and planning processes • Provide risk and control management against environmental and social sustainability criteria relating to the University risk register reviewing areas such as climate risk, water and waste prevention and management, circular economy transition, pollution prevention, healthy ecosystems (human health and biodiversity) as outlined in Annex III of the Technical Guidance document Article 17 of the Taxonomy Regulation on Do No Significant Harm under the Recovery and Resilience Facility Regulation (2021)3 in relation to relevant European Emissions Trading Systems benchmarking • Develop climate change mitigation and adaptation strategiesfor university governance, policies, and practices as part of establishing the University as a Beacon of Sustainability • Maintain regular contact with officials within the regulatory bodies relating to decarbonisation to ensure their evolving best practices are disseminated across the University • Develop partnerships with larger enterprises as leaders of change to identify opportunities of mutual benefit to accelerate sectoral decarbonisation • Embed the urgency of climate change impacts in decision-making, strategies, processes, and initiatives at every level of the organization, raising awareness among the staff – including senior management and students of the potential impact of the emerging sustainable development initiatives and best practice • Oversee the management and support for the University Green Campus Committee, connecting and inviting engagement from students and staff to participate in University wide sustainability action and awareness building through volunteering and policy implementation initiatives. • Identify opportunities and develop suitable funding and development proposals to support decarbonisation through technological innovation for climate action • Advise the Vice President for Sustainability and University Executive Team on University Sustainability impacts for strategic planning and decision making on Decarbonisation The Head of Decarbonisation will work closely with the Sustainability Team and is expected to work in close collaboration with the University’s leadership team and colleagues across the University community, particularly the Heads of School and Heads of Service. Additional critical working relationships will include those with the:  Head of Campus Planning  Head of Campus and Estates (Environment Sustainability Manager, Energy & Carbon Lead)  Head of Finance (Procurement)  Head of Governance and Compliance Principal Accountabilities • Manage the Campus Decarbonisation team to develop and delivery of the University’s Decarbonisation Strategy framework and associated roadmap and climate action targets and timelines for reducing carbon emissions across all campus operations and planned developments, working to become carbon neutral by 2040. • Work closely with the University’s networks externally with key partners in respect of climate action agendas, to share and learn best practice. Key University partners include the Grangegorman Development Agency, Codema, SEAI and key representatives from the Dublin regional Local Authorities (DCC, SDCC, Fingal). • Provide strategic advice and services to Campus and Estates, Campus Planning, Finance, and other departments and functions within the University as appropriate to identify and support implementation at local level of climate action plans and targets. • Oversee the work of the Climate Action Plan Co-ordination Team (comprising the Climate Action Lead Co-ordinator, Biodiversity Officer, Travel & Mobility Officer, and the Sustainable Purchasing Officer). • Support Professional Services to review environmental and social risks associated with University activities to: o advance the reduction of energy consumption on campus, o consider service delivery in light of environmental impacts from commuting/transportation, o review purchasing requirements, o consider local water and waste management strategies arising from function level activities, o advise and support on implementation of Green Labs practices and other recognised Sustainability certifications • Manage overall Decarbonisation monitoring of campus environment emissions, working closely with Strategy and Planning, Finance, Campus and Estates, Campus Planning and other services, faculties and schools and stakeholders as appropriate • Work closely with the Vice President for Sustainability and the core Sustainability team in defining sustainability goals and associated carbon emissions metrics to assess effectiveness • Maintain currency in the University’s approach to enhance carbon emissions measurement methods tracking national, European, and international reporting standards and approaches • Lead on the development and delivery of strategic University and public sector decarbonisation funding proposals and collaborations to mainstream deliverables and impacts for internal and external benefit General management responsibilities: • To contribute fully as a member of Sustainability Senior Management Team in developing and implementing Sustainability Strategy and operational plans, as they align with the University’s Strategic Intent to 2030. • Develop a work plan, targets and deadlines and ensure their subsequent delivery in line with strategic goals, taking a continuous improvement approach to all activities • Analyse, report and communicate the activities of the Campus Decarbonisation function providing feedback and manage reporting and governance arrangements as required by the University’s policies and procedures • Lead, manage and develop the staff assigned to this function including the personal development and performance review process. • Manage and develop collaborative, productive relationships with internal and external stakeholders • Manage budgets as required by the University’s policies and procedures • Manage the procurement and performance of suppliers as required by the University’s policies and procedures • Ensure compliance with relevant policies, procedures, legislation, standards, codes of conduct and general principles of good governance at all times. • Represent the Sustainability team internally and the University externally on relevant committees, projects and working groups, when required. • Deputize as appropriate in the absence of the Vice President for Sustainability. • Perform other duties as may be assigned by the Vice President for Sustainability.",,,text_long
Technological University Dublin,PA-1,PA,Governance,Sustainability Coordination,Job descriptions,Copy of the job description for the institution’s sustainability officer (2nd position),,,,not_reported
Technological University Dublin,PA-1,PA,Governance,Sustainability Coordination,Job descriptions,Text of the job description for the institution’s sustainability officer (3rd position),"Dr. Philippe Lemarchand, Head of Sustainability Intelligence Job Description: Role Overview The Head of Sustainability Intelligence will play a key role in establishing TU Dublin as one of the world’s most sustainable universities by measuring and advising on University wide sustainability impacts. Reporting to the Vice President for Sustainability, and working as a member of the Sustainability Senior Management Team, the Head of Sustainability Intelligence will lead the Sustainability Intelligence team. The postholder will have responsibility for establishing University wide technological reporting systems for capturing and assessing sustainability impacts to identify and prioritise strategic activities to achieve University objectives. The Head of Sustainability Intelligence will lead their team in creating a dynamic, digitally enabled, learning and working environment for testing, piloting, and realising technological advancements to inform the development of our campus systems. This role provides strategic information which enables our campus to become a living lab, through human-centred technologies and innovation to stimulate sustainability action. The Head of Sustainability Intelligence will work closely with and support the Vice President for Sustainability to identify priorities for Sustainability and provide key insights in the dynamic development of the University Sustainability Strategy. Lead by the Head of Sustainability Intelligence, the Sustainability Intelligence Team will provide organisational intelligence to the University Executive Team across a range of academic and operational activities to improve overall sustainability performance. The Head of Sustainability Intelligence will:  Establish and operationalise the Sustainability Intelligence systems for data inventory, collection and monitoring, of University wide Sustainability performance  Develop a system and methodology of measurement aligned to international reporting and certification standards to measure meaningful impact from sustainability activities and establish a University baseline (including GHG, GRI, and STARS)  Provide regular internal and annual external Sustainability performance reporting appropriate to the Higher Education sector, contributing to audit and risk review  Oversee the research, collection, analysis, and verification of data and other activities contributing to the operationalising of the University Sustainability data collection system  Advise the Vice President for Sustainability and University Executive Team members on University Sustainability impacts for strategic planning and decision making  Support the development of a University Digital Transformation Plan for sustainability and resilience, overseeing the development of the SMART Campus Infrastructure strategy  Works closely with other University reporting functions to develop and embed sustainability criteria into core reports, systems, and impact assessment criteria The Head of Sustainability Intelligence will work very closely with the Sustainability Team and is expected to work in close collaboration with the University’s leadership team and colleagues across the University community, particularly the Heads of School/Function. Additional critical working relationships will include those with the:  Head of Technology Services  Head of Strategy & Planning  Head of Governance and Compliance  Head of Finance Principal Accountabilities  Manages overall Sustainability reporting and disclosure, working closely with Strategy & Planning, Finance, Estates, Campus Planning and other University departments and stakeholders as appropriate  Develops sustainability reporting processes for all GHG emissions, STARS criteria, and GRI through close collaboration with professional services and academic function areas, identifying systems updates and staff training requirements as appropriate  Works cross-functionally to establish sustainability reporting methods and metrics, supporting and educating functions on relevant sustainability metrics to initiate and accelerate progress on sustainability reporting for strategic insights and decision making  Works with Technology Services and Campus and Estates to develop University systems for enhanced information flows for monitoring and reporting to inform the development of a  SMART Infrastructure strategy  Support the improvement and effectiveness of University’s sustainability practices through information systems and monitoring best practices related to sustainability by benchmark peer institutions and providing evidence for the recommendations of new sustainability programming and investment.  Work closely with the VP Sustainability and the core Sustainability team in defining sustainability goals and associated performance metrics to assess effectiveness  Advises University functions (including academic and research teams) on impact areas to develop solutions for data-driven intelligence and assurance processes to measure and monitor activities to achieve sustainability related targets  Provides regular forecasting reports from statistical analysis, including audit and risk review  Oversees the development of capabilities for advanced technology data analytics enabling dynamic continuous improvement processes  Maintains currency in the University’s approach to enhance sustainability measurement methods tracking national, European, and international sustainability finance and reporting standards with a close eye on digital innovation. General management responsibilities:  To contribute fully as a member of Sustainability Senior Management Team in developing and implementing Sustainability Strategy and operational plans, as they align with the University’s Strategic Intent to 2030.  Develop a work plan, targets and deadlines and ensure their subsequent delivery in line with strategic goals, taking a continuous improvement approach to all activities  Analyse, report and communicate the activities of the Sustainability Intelligence function providing feedback and manage reporting and governance arrangements as required by the University’s policies and procedures  Lead, manage and develop the staff assigned to this function including the personal development and performance review process.  Manage and develop collaborative, productive relationships with internal and external stakeholders  Manage budgets as required by the University’s policies and procedures  Manage the procurement and performance of suppliers as required by the University’s policies and procedures  Ensure compliance with relevant policies, procedures, legislation, standards, codes of conduct and general principles of good governance at all times.  Represent the Sustainability team internally and the University externally on relevant committees, projects and working groups, when required.  Deputise as appropriate in the absence of the Vice President for Sustainability.  Perform other duties as may be assigned by the Vice President for Sustainability.",,,text_long
Technological University Dublin,PA-1,PA,Governance,Sustainability Coordination,Job descriptions,Copy of the job description for the institution’s sustainability officer (3rd position),,,,not_reported
Technological University Dublin,PA-2,PA,Governance,Commitments and Planning,,"Has the institution made a public commitment to sustainability, as evidenced by an external commitment or a published plan?",Yes,,,boolean
Technological University Dublin,PA-2,PA,Governance,Commitments and Planning,,Narrative detailing the institution’s guiding vision or goals for sustainability and the plan(s) in which they are published,"TU Dublin’s sustainability vision is centered around its commitment to creating a sustainable, equitable, and environmentally responsible institution, as outlined in several key documents, including the Strategic Intent 2030, the Climate Action Roadmap, and the UN SDGs Progress Report. These plans collectively frame the university’s approach to addressing sustainability challenges and embedding sustainability into its core operations. Key Elements of TU Dublin’s Sustainability Vision: Strategic Intent 2030: TU Dublin’s Strategic Intent 2030 serves as the primary guiding document for sustainability. It focuses on three key pillars: People: Promoting well-being, inclusion, and engagement within the university community. Planet: Aiming to reduce the environmental impact of the university’s operations by targeting carbon neutrality, enhancing resource efficiency, and promoting environmental education. Partnership: Building strong collaborations to advance sustainability goals locally and globally, particularly through partnerships aligned with the UN Sustainable Development Goals (SDGs). Climate Action Roadmap: TU Dublin has also developed a Climate Action Roadmap as part of its broader sustainability strategy. This roadmap outlines the university’s commitment to reducing carbon emissions, enhancing energy efficiency, and transitioning to a more sustainable campus environment. The roadmap provides clear targets for reducing carbon footprints across operations, improving building efficiency, and increasing renewable energy usage. The Climate Action Roadmap aligns closely with SDG 13 (Climate Action) and involves engaging with staff, students, and external stakeholders to meet carbon reduction targets in line with the Irish government’s climate goals. UN SDGs Progress Report 2020: The UN SDGs Progress Report highlights TU Dublin’s alignment with the global SDGs, particularly in areas like SDG 4 (Quality Education), SDG 13 (Climate Action), and SDG 17 (Partnerships for the Goals). The report tracks the university’s sustainability initiatives and its impact on the wider community through education, research, and partnerships aimed at fostering sustainable development. Key Plans and Publications: Strategic Intent 2030: Focuses on embedding sustainability into all university functions. Climate Action Roadmap: Provides a specific plan for addressing carbon emissions and achieving climate-related goals. UN SDGs Progress Report 2020: Monitors the university’s progress towards the UN Sustainable Development Goals. These documents collectively highlight TU Dublin’s comprehensive approach to sustainability, with clear objectives to reduce its environmental footprint and contribute to the global sustainability agenda.",,,text_long
Technological University Dublin,PA-2,PA,Governance,Commitments and Planning,,Narrative and/or website URL outlining the institution’s external sustainability commitments that include a reporting requirement,The following URL and documents highlight our sustainability commitments that include reporting requirements: Strategic Intent 2030 (Ref 1) Sustainability Strategy (Ref 2) Climate Action Roadmap (updated every 6 to 12 months) (Ref 3) TU-Dublin-UN-Sustainability-Goals-Progress-Reports (Ref 4 and Ref 5) URL References: Ref 1: https://www.tudublin.ie/explore/about-the-university/strategicintent/2030/ Ref 2: https://www.tudublin.ie/explore/about-the-university/sustainability/vision--progress/sustainability-strategy/ Ref 3: https://www.tudublin.ie/explore/about-the-university/sustainability/vision--progress/sustainability-strategy/climate-action-roadmap/ Ref 4: https://www.tudublin.ie/media/website/explore/about-the-university/strategic-plan/creating-impact/documents/TU-Dublin-UN-Sustainability-Goals-Progress-Report-2020.pdf Ref 5: https://www.tudublin.ie/media/website/explore/about-the-university/strategic-plan/creating-impact/documents/TU-Dublin-UN-Sustainability-Goals-Progress-Report-2021.pdf,,,text_long
Technological University Dublin,PA-2,PA,Governance,Commitments and Planning,,Points earned for indicator PA 2.1,2,,2.0,number
Technological University Dublin,PA-2,PA,Governance,Commitments and Planning,,"Has the institution adopted one or more measurable sustainability objectives that address teaching, learning, and/or research?",Yes,,,boolean
Technological University Dublin,PA-2,PA,Governance,Commitments and Planning,,"Narrative listing the institution’s measurable sustainability objectives that address teaching, learning, and/or research","The TU Dublin Strategic Intent 2023 (Ref 1) sets out that ""All programmes will have sustainability as a learning outcome"". The University Strategic Plan 2024-2028 sets out (p9) that ""We will ensure that all staff and students engage in sustainability education & training in the period, to equip them with the appropriate knowledge, skills and tools to help address the sustainability agenda effectively."" and more specifically that ""All staff and students will have engaged in sustainability education & training by 2028"". This objective will be supported by the Sustainability Office and more specifically the Sustainability Education Team (Ref 2) URL References: Ref 1: https://www.tudublin.ie/explore/about-the-university/strategicintent/2030/ Ref 2: https://www.tudublin.ie/explore/about-the-university/sustainability/about/sustainability-team/sustainability-education/",,,text_long
Technological University Dublin,PA-2,PA,Governance,Commitments and Planning,,Has the institution adopted one or more measurable sustainability objectives that address campus and/or community engagement?,Yes,,,boolean
Technological University Dublin,PA-2,PA,Governance,Commitments and Planning,,Narrative listing the institution’s measurable sustainability objectives that address campus and/or community engagement,"TU Dublin’s measurable sustainability objectives regarding stakeholder engagement are set in both its Strategic Intent 2030 (Ref 1) and its commitment to the United Nations Sustainable Development Goals (SDGs). Within the Strategic Intent 2030, the institution defines three major pillars: people, planet, and partnership. Under the partnership pillar, one of the key objectives is to establish a tightly connected network to ""make things happen"" through innovation and close collaboration with stakeholders. Additionally, in TU Dublin’s UN Sustainability Goals Progress Report 2020 (Ref 2), the institution reaffirms its commitment to working towards the SDGs, specifically noting SDG 17—Partnerships for the Goals—as a measurable objective. This objective emphasizes TU Dublin's focus on fostering partnerships with stakeholders as a critical part of its mission to achieve sustainable development. By clearly aligning with SDG 17 and incorporating stakeholder engagement into its strategic planning, TU Dublin has established partnership development as a measurable and integral part of its sustainability efforts. URL References: Ref 1: https://www.tudublin.ie/media/website/explore/about-the-university/equality-and-diversity/TU-Dublin-Strategic-Intent-2030.pdf Ref 2: https://www.tudublin.ie/media/website/explore/about-the-university/strategic-plan/creating-impact/documents/TU-Dublin-UN-Sustainability-Goals-Progress-Report-2020.pdf",,,text_long
Technological University Dublin,PA-2,PA,Governance,Commitments and Planning,,Has the institution adopted one or more measurable sustainability objectives that address campus operations?,Yes,,,boolean
Technological University Dublin,PA-2,PA,Governance,Commitments and Planning,,Narrative listing the institution’s measurable sustainability objectives that address campus operations,"1. TU Dublin Strategic Plan 2024 – 2028 (Ref 1) include clear measurable sustainability objectives for which the sponsor is the VP of Sustainability, and the lead is Rosie Webb. In page 9, our campus related targets are 46.5% reduction in GHG emissions by 2028, and 45% increase in energy efficiency by 2028. These targets are in line with the Climate Action Plan 2021 (CAP21) whereby the public sector must lead by example on climate action to reach the target of reducing Ireland’s greenhouse gas emissions by 51% by 2030 and becoming climate neutral no later than 2050. (Ref 2) URL References: Ref 1: https://www.tudublin.ie/media/website/explore/about-the-university/strategic-plan/documents/Strategic-Plan-2024-2028-FINAL.pdf Ref 2: https://www.gov.ie/en/publication/337b6-public-sector-climate-action-mandate/",,,text_long
Technological University Dublin,PA-2,PA,Governance,Commitments and Planning,,Has the institution adopted one or more measurable sustainability objectives that address racial equity and/or social justice?,Yes,,,boolean
Technological University Dublin,PA-2,PA,Governance,Commitments and Planning,,Narrative listing the institution’s measurable sustainability objectives that address racial equity and/or social justice,"TU Dublin Strategic Plan 2024 – 2028 (Ref 1) includes a KPI on the “Successful delivery of EDI Action Plans”, led by Prof. Yvonne Galligan, (Director of Equality, Diversity and Inclusion) with 3 targets, namely the attainment of certification from Athena Swan, the Race Equality Plan, and Ending Sexual Violence and Harassment (ESVH) (Ref 2). TU Dublin Athena Swan Action Plan (Ref 3) include targets such as, on Page 3, achieving gender balance (at least 40% female and 40% male) at all senior decision making levels, and will be diverse on other grounds. URL References: Ref 1: https://www.tudublin.ie/media/website/explore/about-the-university/strategic-plan/documents/Strategic-Plan-2024-2028-FINAL.pdf Ref 2: https://www.tudublin.ie/explore/about-the-university/equality-and-diversity/strategy-policies-action-plans/action-plans/ Ref 3: https://www.tudublin.ie/media/website/explore/about-the-university/equality-and-diversity/documents/AthenaSwan_-Action-Plan.pdf",,,text_long
Technological University Dublin,PA-2,PA,Governance,Commitments and Planning,,Has the institution adopted one or more measurable sustainability objectives that address administration and/or finance?,Yes,,,boolean
Technological University Dublin,PA-2,PA,Governance,Commitments and Planning,,Narrative listing the institution’s measurable sustainability objectives that address administration and/or finance,"TU Dublin has adopted measurable sustainability objectives addressing administration and finance, as reflected in their Climate Action Roadmap and STARS (Sustainability Tracking, Assessment & Rating System) initiatives. Key objectives include: Sustainability Reporting and Performance: TU Dublin’s Climate Action Roadmap outlines specific targets for reducing greenhouse gas emissions and improving sustainability across operations, providing a framework for monitoring and reporting. Additionally, the STARS program helps TU Dublin track and assess sustainability performance across a wide range of operational and administrative categories. (Ref 1 and Ref 2) Financial Savings from Sustainability Initiatives: The university is committed to optimising campus energy, conserving water, and reducing waste to achieve financial savings and environmental benefits. (Ref 3) Sustainable Investment: TU Dublin has committed to divesting from investments tied to fossil fuels, aligning its financial practices with sustainable principles. (Ref 4) Student and Staff Wellbeing: Through initiatives like the Healthy TU Dublin Action Plan, the university promotes health and well-being among its community, aligning with STARS criteria on well-being and campus environment. (Ref 5 and Ref 2) URL References: Ref 1: https://www.tudublin.ie/explore/about-the-university/sustainability/vision--progress/sustainability-strategy/climate-action-roadmap/ Ref 2: https://stars.aashe.org/ Ref 3: https://www.tudublin.ie/media/website/explore/about-the-university/sustainability/documents/TU-Dublin-Sustainability-Statement-UET-April-2022-Rev1.pdf Ref 4: https://www.tudublin.ie/media/website/explore/about-the-university/strategic-plan/creating-impact/documents/TU-Dublin-Climate-Action-Plan-November-2020.pdf Ref 5: https://www.tudublin.ie/media/website/explore/about-the-university/sustainability/documents/TU-Dublin-Sustainability-Statement-UET-April-2022-Rev1.pdf",,,text_long
Technological University Dublin,PA-2,PA,Governance,Commitments and Planning,,Points earned for indicator PA 2.2,3,,3.0,number
Technological University Dublin,PA-2,PA,Governance,Commitments and Planning,,Has the institution conducted an assessment to identify vulnerabilities and resilience activities related to climate change on campus and in the local community?,No,,,boolean
Technological University Dublin,PA-2,PA,Governance,Commitments and Planning,,Narrative and/or website URL providing an overview of the institution’s climate resilience assessment,,,,not_reported
Technological University Dublin,PA-2,PA,Governance,Commitments and Planning,,Does the institution participate in an ongoing campus-community task force or committee that is focused on climate resilience?,Yes,,,boolean
Technological University Dublin,PA-2,PA,Governance,Commitments and Planning,,Narrative and/or website URL providing an overview of the campus-community task force or committee focused on climate resilience,"TU Dublin Sustainability Office members participate to sustainable energy communities (SEC) sponsored by the Sustainable Energy Authority of Ireland (SEAI) such as SEC of Phisborough (Ref 1) and the Bohemian Football Club (Ref 2), of Cabra (Ref 3), and of Stoneybatter (Ref 4 and Ref 5). TU Dublin Grangegorman campus is located within Stoneybatter geographical area and the other two SEC are bordering with TU Dublin Grangegorman campus. The three SECs thereby form a campus-community task force. through and with the SECs TU Dublin members conduct climate resilience activities. SEC activities include the decarbonisation of the building environment (e.g. façade upgrades, integration of renewable sources and heat pumps), the development of sustainable transportation project (e.g. raising issues on public transport, calling for the development of bike lanes, free bike repairs to the communities, supporting the installation of bike shelters), the greening of space and biodiversity actions (e.g. avoiding trees being destroyed for the development of a new drive lane, adding trees and green spaces in communities). See for example this article about the Cabra SEC and their flood alleviation project (Ref 7) to address the impact of more frequent extreme weather events, “Cabra has been badly flooded in the past; floods in 2008 and 2011 were particularly damaging.” SECs educate communities on Climate and Energy Resilience with implementation is facilitated through SEAI grants made available to community members. TU Dublin Grangegorman is on the territory of Stoneybatter SEC. Any energy and carbon reduction resulting from TU Dublin effort will count towards the SEC progress. In addition, TU Dublin district heating project is investigated how much geothermal energy could be generated to optimise its use for the campus operation and the neighbourhoods. Overall, all Climate Resilience activities planned in the Climate Action Roadmap will contribute to TU Dublin communities. SEC members can raise interests, needs, concerns and requests for help to the Grangegorman Development Agencies (Ref 6) and TU Dublin functions (e.g Sustainability Office, Estates and Campus Planning) to develop collaborative strategic actions. URL References: Ref 1: https://www.phibsborovillage.com/ Ref 2: https://www.seai.ie/plan-your-energy-journey/for-your-community/sustainable-energy-communities/sec-map/index.xml?id=940 Ref 3: https://connectingcabra.ie/ Ref 4: https://x.com/cosybatter Ref 5: https://www.seai.ie/plan-your-energy-journey/for-your-community/sustainable-energy-communities/sec-map/index.xml?id=617 Ref 6: https://ggda.ie/agency/introduction Ref 7: https://horticultureconnected.ie/horticulture-connected-print/local-action-systemic-change-combating-climate-change-in-dublin-7/",,,text_long
Technological University Dublin,PA-2,PA,Governance,Commitments and Planning,,Has the institution incorporated climate resilience strategies and/or goals into one or more of its published plans?,Yes,,,boolean
Technological University Dublin,PA-2,PA,Governance,Commitments and Planning,,Narrative listing the institution’s climate resilience strategies and goals and the plan(s) in which they are published,The Climate Action Roadmap (Ref 1) include the decarbonisation roadmap for scope 1 and 2. A more descriptive plan will be published later. URL References: Ref 1: https://www.tudublin.ie/media/website/explore/about-the-university/sustainability/documents/Climate-Action-Roadmap-June-2024-web.pdf,,,text_long
Technological University Dublin,PA-2,PA,Governance,Commitments and Planning,,Points earned for indicator PA 2.3,0.67,,0.67,number
Technological University Dublin,PA-2,PA,Governance,Commitments and Planning,,Notes about the information provided for this credit,,,,not_reported
Technological University Dublin,PA-2,PA,Governance,Commitments and Planning,,Additional documentation for this credit,,,,not_reported
Technological University Dublin,PA-3,PA,Governance,Institutional Governance,,Does the institution have one or more ongoing bodies through which students can democratically participate in the governance of the institution?,Yes,,,boolean
Technological University Dublin,PA-3,PA,Governance,Institutional Governance,,Narrative and/or website URL outlining the ongoing bodies through which students can democratically participate in the governance of the institution,"The Technological Universities Act 2018 specifies the mandatory requirement of student representation on Governing Bodies within Technical Universities (including TU Dublin). Furthermore, the TU Dublin SU website lists a variety of bodies/committees (non-exhaustive) on which they have student representation. The Student Union (SU) President shall be the chief spokesperson for the Union, representing all students of the University, and shall be, ex officio, a member of the University’s Governing Body and Academic Council. Article 7.1.2 of the SU Constitution (Ref1). As of 20 Feb 2025, O’Toole, Shauna (SU President), Aguele, Princewill (SU VP for Events and Engagements), and Meya, Avice (Post Grad Student member) are two of the student members in the governing body: (Ref 2, Ref 3) URL References: Ref 1: https://tudublinsu.ie/system/files/file-uploads/2024-07/tu-dublin-su-constitution-1st-july-2023.pdf Ref 2: https://www.tudublin.ie/media/website/explore/governance-and-compliance/documents/TU-Dublin-Governing-Body-Membership-(17-Jan-2025).pdf Ref 3: https://www.tudublin.ie/explore/about-the-university/governance/membership-profiles/",,,text_long
Technological University Dublin,PA-3,PA,Governance,Institutional Governance,,Are one or more student representatives included as members of the institution’s highest decision-making body?,Yes,,,boolean
Technological University Dublin,PA-3,PA,Governance,Institutional Governance,,Narrative and/or website URL outlining student representation on the institution’s highest decision-making body,The Technological Universities Act 2018 specifies the mandatory requirement of student representation on Governing Bodies within TU's (including TU Dublin).,,,text
Technological University Dublin,PA-3,PA,Governance,Institutional Governance,,Does at least one student representative have voting rights on the highest decision-making body?,Yes,,,boolean
Technological University Dublin,PA-3,PA,Governance,Institutional Governance,,"Description of other mechanisms used to consult students on institutional decisions, plans, or policies","Students in TU Dublin sit on a wide variety of formal committees, working groups, and engage in University-owned surveys on a regular basis. Student representation is virtually always filtered through the Students' Union. Students are engaged in various university groups: USC; Green campus; Student finance committee; Research ethics committee; EUt+ Governing Body",,,text_long
Technological University Dublin,PA-3,PA,Governance,Institutional Governance,,Points earned for indicator PA 3.1,1,,1.0,number
Technological University Dublin,PA-3,PA,Governance,Institutional Governance,,Does the institution have one or more ongoing bodies through which academic staff can democratically participate in the governance of the institution?,Yes,,,boolean
Technological University Dublin,PA-3,PA,Governance,Institutional Governance,,Narrative and/or website URL outlining the ongoing bodies through which academic staff can democratically participate in the governance of the institution,"TU Dublin has an Academic Council made up of academic staff, both elected and nominated by virtue of their academic roles. As noted on this web-page (Ref 1) : ""The Academic Council is the statutory body charged with establishing and maintaining the academic standards and enhancing the quality of the student experience of the University. All members of Academic Council and its Committees, whether elected or nominated, serve under terms and conditions established in the Technological Universities Act 2018. Subject to the 2018 Act, the Academic Council shall regulate under the Terms of Reference its procedures and business."" URL References: Ref 1: https://www.tudublin.ie/explore/about-the-university/academic-affairs/academic-governance/",,,text_long
Technological University Dublin,PA-3,PA,Governance,Institutional Governance,,Are one or more academic staff representatives included as members of the institution’s highest decision-making body?,Yes,,,boolean
Technological University Dublin,PA-3,PA,Governance,Institutional Governance,,Narrative and/or website URL outlining academic staff representation on the institution’s highest decision-making body,"TU Dublin's highest decision-making body is Governing Body. This includes both student and staff members, including two academic staff members as voting members (Ref 1). Membership profiles (Ref 2). URL References: Ref 1: https://www.tudublin.ie/media/website/explore/about-the-university/governance/documents/TU-Dublin-Governing-Body-Membership-(02-Sept-2024).pdf Ref 2: https://www.tudublin.ie/explore/about-the-university/governance/membership-profiles/",,,text_long
Technological University Dublin,PA-3,PA,Governance,Institutional Governance,,Does at least one academic staff representative have voting rights on the institution’s highest decision-making body?,Yes,,,boolean
Technological University Dublin,PA-3,PA,Governance,Institutional Governance,,"Description of other mechanisms used to consult academic staff on institutional decisions, plans, or policies","The University committee that decides on resource allocation is the University Executive team, which has five academic Deans on the group (Ref 1). TU Dublin academic staff are actively consulted on decsions via multiple goverance committees, such as Faculty and School Boards, the academic quality processes and procedures, e.g. Academic Quality Assurance and Enhancement Committee (Ref 2). TU Dublin also has a strong trade union for academic staff which is consulted on relevant decisions as a social partner (Ref 3). URL References: Ref 1: https://www.tudublin.ie/explore/about-the-university/uet/ Ref 2: https://www.tudublin.ie/media/website/explore/about-the-university/academic-affairs/documents/AQAEC-Terms-of-Reference-V-1.1.pdf Ref 3: https://www.tudublin.ie/for-staff/human-resources/workplace-relations/",,,text_long
Technological University Dublin,PA-3,PA,Governance,Institutional Governance,,Points earned for indicator PA 3.2,1,,1.0,number
Technological University Dublin,PA-3,PA,Governance,Institutional Governance,,Does the institution have one or more ongoing bodies through which non-academic staff can democratically participate in the governance of the institution?,Yes,,,boolean
Technological University Dublin,PA-3,PA,Governance,Institutional Governance,,Narrative and/or website URL outlining the ongoing bodies through which non-academic staff can democratically participate in the governance of the institution,"There is membership on Governing Body specifically reserved for a TU Dublin non-academic (i.e. professional services) staff member (legislated within the TU Act 2018). As of 20 Feb 2025, non-academic and academic staff that are members of the Governing Body are: Lillis, Deirdre – TU Dublin President, non-academic Carr, Michael – TU Dublin Staff, academic Kelly, Pamela – TU Dublin Staff, academic Maher, Eamon – TU Dublin Staff, academic Shoemaker, Leslie – TU Dublin Staff, academic Ó Mhurcú, Bob – TU Dublin Staff, non-academic Aguele, Princewill – TU Dublin Student, Student Union Meya, Avice – TU Dublin Student, Student Union O’Toole, Shauna – TU Dublin Student, Student Union President Of the 19 Governing Body members, 10 are external (Non-TU Dublin) members with academic and non-academic backgrounds. (Ref 1, Ref 2) URL References: Ref 1: https://www.tudublin.ie/media/website/explore/governance-and-compliance/documents/TU-Dublin-Governing-Body-Membership-(17-Jan-2025).pdf Ref 2: https://www.tudublin.ie/explore/about-the-university/governance/membership-profiles/",,,text_long
Technological University Dublin,PA-3,PA,Governance,Institutional Governance,,Are one or more staff members representing non-managerial workers included as members of the institution’s highest decision-making body?,Yes,,,boolean
Technological University Dublin,PA-3,PA,Governance,Institutional Governance,,Narrative and/or website URL outlining non-academic staff representation on the institution’s highest decision-making body,"There is membership on Governing Body specifically reserved for a TU Dublin non-academic (i.e. professional services) staff member (legislated within the TU Act 2018) . As of 20 Feb 2025, non-academic and academic staff that are members of the Governing Body are: Lillis, Deirdre – TU Dublin President , non- academic Carr, Michael – TU Dublin Staff, academic Kelly, Pamela – TU Dublin Staff, academic Maher, Eamon – TU Dublin Staff, academic Shoemaker, Leslie – TU Dublin Staff, academic Ó Mhurcú , Bob – TU Dublin Staff, non-academic Aguele, Princewill – TU Dublin S tudent , Student Union Meya , Avice – TU Dublin Student , Student Union O’Toole, Shauna – TU Dublin S tudent, Student Union President Of the 19 Governing Body members, 10 are external ( Non-TU Dublin ) members with academic and non-academic backgrounds. (Ref 1 , Ref 2 ) URL References: Ref 1 : https://www.tudublin.ie/media/website/explore/governance-and-compliance/documents/TU-Dublin-Governing-Body-Membership-(17-Jan-2025).pdf Ref 2 : https://www.tudublin.ie/explore/about-the-university/governance/membership-profiles/",,,text_long
Technological University Dublin,PA-3,PA,Governance,Institutional Governance,,Does at least one staff member representing non-managerial workers have voting rights on the institution’s highest decision-making body?,Yes,,,boolean
Technological University Dublin,PA-3,PA,Governance,Institutional Governance,,"Description of other mechanisms used to consult non-academic staff on institutional decisions, plans, or policies","Staff in TU Dublin sit on a wide variety of formal committees, working groups, and engage in University-owned surveys on a regular basis. Staff Representation is often filtered throuh the TUI (Teachers Union of Ireland).",,,text_long
Technological University Dublin,PA-3,PA,Governance,Institutional Governance,,Points earned for indicator PA 3.3,1,,1.0,number
Technological University Dublin,PA-3,PA,Governance,Institutional Governance,,Does the institution have one or more ongoing bodies through which local community-based organizations not affiliated with the institution can democratically participate in its governance?,Yes,,,boolean
Technological University Dublin,PA-3,PA,Governance,Institutional Governance,,Narrative and/or website URL outlining the ongoing bodies through which local community-based organizations can democratically participate in the governance of the institution,"TU Dublin Sustainability Office members participate to sustainable energy communities (SEC) sponsored by the Sustainable Energy Authority of Ireland (SEAI) such as SEC of Phisborough (Ref 1) and the Bohemian Football Club (Ref 2), of Cabra (Ref 3), and of Stoneybatter (Ref 4 and Ref 5); SEC members can then raise interests, needs, concerns and requests for help to the Grangegorman Development Agencies and TU Dublin functions (e.g Sustainability Office, Estates and Campus Planning) to develop collaborative strategic actions. URL References: Ref 1: https://www.phibsborovillage.com/ Ref 2: https://www.seai.ie/plan-your-energy-journey/for-your-community/sustainable-energy-communities/sec-map/index.xml?id=940 Ref 3: https://connectingcabra.ie/ Ref 4: https://x.com/cosybatter Ref 5: https://www.seai.ie/plan-your-energy-journey/for-your-community/sustainable-energy-communities/sec-map/index.xml?id=617",,,text_long
Technological University Dublin,PA-3,PA,Governance,Institutional Governance,,"Has the institution used one or more ad hoc mechanisms during the previous three years to consult local community members on institutional decisions, plans, or policies?",Yes,,,boolean
Technological University Dublin,PA-3,PA,Governance,Institutional Governance,,"Narrative and/or website URL outlining the ad hoc mechanisms used during the previous three years to consult local community members on institutional decisions, plans, or policies","The Stoneybatter SEC ""Cosybatter"" is engaged with the Grangegorman Development Agency (managing TU Dublin City - Grangegorman campus) and TU Dublin Estates & Campus Planning, Decarbonisation and Sustainability Intelligence for the provision of renewable energy that may be produced from TU Dublin Grangegorman geothermal project and distributed to loac communities through TU DUblin district heating network. In other words the community have a direct voice into the planning of such decarbonisation project.",,,text_long
Technological University Dublin,PA-3,PA,Governance,Institutional Governance,,Points earned for indicator PA 3.4,1,,1.0,number
Technological University Dublin,PA-3,PA,Governance,Institutional Governance,,Notes about the information provided for this credit,,,,not_reported
Technological University Dublin,PA-3,PA,Governance,Institutional Governance,,Additional documentation for this credit,,,,not_reported
Technological University Dublin,PA-6,PA,Social,Institutional Climate,,"Does the institution support one or more programs, initiatives, or networks designed to address the specific needs of students with disabilities?",Yes,,,boolean
Technological University Dublin,PA-6,PA,Social,Institutional Climate,,"Narrative and/or website URL providing an overview of the institution’s programs, initiatives, and networks for students with disabilities","TU Dublin offers a dedicated Disability Support Service (DSS) for students with disabilities, ensuring they receive the necessary resources and accommodations to succeed in their academic journey (Ref 1). URL References: Ref 1: https://www.tudublin.ie/for-students/student-services-and-support/student-wellbeing/disability-support-service/",,,text_long
Technological University Dublin,PA-6,PA,Social,Institutional Climate,,"Does the institution support one or more programs, initiatives, or networks designed to address the specific needs of students that identify as members of marginalized racial, ethnic, and/or Indigenous groups?",Yes,,,boolean
Technological University Dublin,PA-6,PA,Social,Institutional Climate,,"Narrative and/or website URL providing an overview of the institution’s programs, initiatives, and networks for students that identify as members of marginalized racial, ethnic, and/or Indigenous groups","TU Dublin offers a variety of Equality, Diversity, and Inclusion (EDI) initiatives and programs to support the specific needs of students from marginalized racial, ethnic, and Indigenous groups. These include, but are not limited to, the Embedding Anti-Racism Initiative (Ref 1) and the Grangegorman Labour & Learning Forum (GLLF) (Ref 2). Embedding Anti-Racism Initiative: This program aims to create an inclusive campus environment by addressing systemic racism, promoting anti-racist practices, and fostering intercultural understanding. Grangegorman Labour & Learning Forum (GLLF): Focused on building partnerships and providing opportunities for marginalized groups, the GLLF works to enhance access to education, employment, and community engagement for underrepresented populations. URL References: Ref 1: https://www.tudublin.ie/explore/about-the-university/equality-and-diversity/edi-initiatives-in-tu-dublin/embedding-anti-racism/ Ref 2: https://www.tudublin.ie/connect/communities/gllf/",,,text_long
Technological University Dublin,PA-6,PA,Social,Institutional Climate,,"Does the institution support one or more programs, initiatives, or networks designed to address the specific needs of LGBTQ+ students?",Yes,,,boolean
Technological University Dublin,PA-6,PA,Social,Institutional Climate,,"Narrative and/or website URL providing an overview of the institution’s programs, initiatives, and networks for LGBTQ+ students","TU Dublin offers comprehensive support for LGBTQ+ students through inclusive health services, confidential counseling, and active student societies. The university's Gender Identity and Gender Expression Policy (Ref 1) ensures a supportive environment, providing resources and trained personnel to assist individuals throughout their transition journey. Additionally, TU Dublin's health centers (Ref 2) maintain strict confidentiality and provide free consultations for students with concerns about their sexuality or health. URL References: Ref 1: https://www.tudublin.ie/explore/about-the-university/equality-and-diversity/strategy-policies-action-plans/edi-policies/gender-identity-gender-expression/ Ref 2: https://www.tudublin.ie/for-students/student-services-and-support/student-wellbeing/student-health-centres/grangegorman-aungier-street/health-information/lgbtq/",,,text_long
Technological University Dublin,PA-6,PA,Social,Institutional Climate,,"Does the institution support one or more programs, initiatives, or networks designed to address the specific needs of low-income and/or first-generation students?",Yes,,,boolean
Technological University Dublin,PA-6,PA,Social,Institutional Climate,,"Narrative and/or website URL providing an overview of the institution’s programs, initiatives, and networks for low-income and/or first-generation students","TU Dublin offers comprehensive support for low-income and first-generation students through the Student Assistance Fund (Ref 1), which provides financial aid to those facing economic challenges, and the Grangegorman Labour and Learning Forum (GLLF) (Ref 2), a collaborative initiative aimed at ensuring local communities benefit from educational and employment opportunities associated with the Grangegorman Development Project. URL References: Ref 1: https://www.tudublin.ie/for-students/student-services-and-support/financial-support/aungier-st-bolton-st-grangegorman/general-student-assistance-fund-scheme/ Ref 2: https://www.tudublin.ie/connect/communities/gllf/",,,text_long
Technological University Dublin,PA-6,PA,Social,Institutional Climate,,"Does the institution support one or more programs, initiatives, or networks designed to address the specific needs of refugees, asylum seekers, internally displaced, and/or undocumented students?",Yes,,,boolean
Technological University Dublin,PA-6,PA,Social,Institutional Climate,,"Narrative and/or website URL providing an overview of the institution’s programs, initiatives, and networks for refugees, asylum seekers, internally displaced, and/or undocumented students","TU Dublin offers the International Protection Applicants Scholarship (IPAS) (Ref 1) to support non-EU students who are asylum seekers, refugees, or have been granted subsidiary protection or permission to remain in Ireland. This scholarship covers all fees and provides an annual stipend of €3,000 for the duration of the undergraduate program. URL References: Ref 1: https://www.tudublin.ie/for-students/student-services-and-support/financial-support/ipas/",,,text_long
Technological University Dublin,PA-6,PA,Social,Institutional Climate,,"Does the institution support one or more programs, initiatives, or networks designed to address the specific needs of students from additional underrepresented groups?",Yes,,,boolean
Technological University Dublin,PA-6,PA,Social,Institutional Climate,,"Narrative and/or website URL describing the additional underrepresented groups and the institution’s programs, initiatives, and networks for students from these groups","TU Dublin promotes higher education access for underrepresented groups through its Access and Outreach Service (Ref 1), which collaborates with local communities, schools, and organisations to develop alternative entry routes and support structures. The university's Community Outreach Programme (Ref 2) offers initiatives like taster sessions, refresher courses, and information workshops, empowering adult learners from diverse backgrounds to pursue higher education opportunities. URL References: Ref 1: https://www.tudublin.ie/connect/communities/access-outreach/about-us/ Ref 2: https://www.tudublin.ie/connect/communities/path-3/community-outreach-programme/",,,text_long
Technological University Dublin,PA-6,PA,Social,Institutional Climate,,Points earned for indicator PA 6.1,1,,1.0,number
Technological University Dublin,PA-6,PA,Social,Institutional Climate,,"Does the institution support one or more programs, initiatives, or networks designed to address the specific needs of employees with disabilities?",Yes,,,boolean
Technological University Dublin,PA-6,PA,Social,Institutional Climate,,"Narrative and/or website URL providing an overview of the institution’s programs, initiatives, and networks for employees with disabilities","TU Dublin is committed to creating an inclusive workplace for employees with disabilities through comprehensive support programs and policies. The university's ""Supporting Staff with Disabilities Policy"" (Ref 1) outlines measures to ensure equal access to employment, training, promotion, and career development opportunities, while also addressing health and safety considerations. Additionally, TU Dublin's Safety, Health & Welfare Office provides resources such as Personal Emergency Egress Plans (PEEPs) to facilitate safe evacuation procedures tailored to individual needs (Ref 2). URL References: Ref 1: https://www.tudublin.ie/media/website/for-staff/human-resources/HRP037.pdf Ref 2: https://www.tudublin.ie/for-staff/safety-health-welfare/safety-hub/disabilities/",,,text_long
Technological University Dublin,PA-6,PA,Social,Institutional Climate,,"Does the institution support one or more programs, initiatives, or networks designed to address the specific needs of employees that identify as members of marginalized racial, ethnic, and/or Indigenous groups?",Yes,,,boolean
Technological University Dublin,PA-6,PA,Social,Institutional Climate,,"Narrative and/or website URL providing an overview of the institution’s programs, initiatives, and networks for employees that identify as members of marginalized racial, ethnic, and/or Indigenous groups","The Equality, Diversity, and Inclusiveness (EDI) office includes several initiatives (Ref 1). Through the EDI, TU Dublin support employees that identify as members of marginalized racial, ethnic, and/or Indigenous groups, for example: · The university's Equality, Diversity, and Inclusion (EDI) Directorate leads efforts to embed anti-racism across all programs, providing resources, training, and support to staff and students. Notably, the Community Development and Youth Work (CDYW) (Ref 2) program includes staff workshops on anti-racism. · The Open Doors Initiative (ODI) (Ref 3) provides opportunities to some of the marginalised members of our society. They create pathways to work through training, education, employment and entrepreneurship. The purpose of the ODI is to enable equitable access to employability for marginalised people. TU Dublin is a partner of the ODI and Thomas Stone from TU Dublin is one of the Directors of ODI. · The Anti-Racism Reading Groups are facilitated by both staff and student groups (Ref 4). Any participant, including employee, are welcomed. Participants develop an understanding that a commitment to anti-racist education entails questioning our own thoughts and habits and practicing different ways of listening to and working with people. Participants work through a five-part resource developed by the EDI Directorate. URL References: Ref 1: https://www.tudublin.ie/explore/about-the-university/equality-and-diversity/edi-initiatives-in-tu-dublin/ Ref 2: https://www.tudublin.ie/explore/about-the-university/equality-and-diversity/edi-initiatives-in-tu-dublin/embedding-anti-racism/ Ref 3: https://www.opendoorsinitiative.ie/ Ref 4: https://www.tudublin.ie/explore/about-the-university/equality-and-diversity/edi-initiatives-in-tu-dublin/anti-racism-reading-groups/",,,text_long
Technological University Dublin,PA-6,PA,Social,Institutional Climate,,"Does the institution support one or more programs, initiatives, or networks designed to address the specific needs of LGBTQ+ employees?",Yes,,,boolean
Technological University Dublin,PA-6,PA,Social,Institutional Climate,,Narrative and/or website URL providing an overview of the institution’s support for LGBTQ+ employees,"TU Dublin committed to supporting LGBTQ+ employees through its Gender Identity and Gender Expression Policy (Ref 1), which offers resources and trained personnel to assist staff during their transition journey. The university also encourages all staff members to become Trans Allies, providing training sessions such as Trans101 and Trans Awareness to foster an inclusive workplace environment. URL References: Ref 1: https://www.tudublin.ie/explore/about-the-university/equality-and-diversity/strategy-policies-action-plans/edi-policies/gender-identity-gender-expression/",,,text_long
Technological University Dublin,PA-6,PA,Social,Institutional Climate,,"Does the institution support one or more programs, initiatives, or networks designed to address the specific needs of employees from additional underrepresented groups?",Yes,,,boolean
Technological University Dublin,PA-6,PA,Social,Institutional Climate,,"Narrative and/or website URL describing the additional underrepresented groups the institution’s programs, initiatives, and networks for employees from these groups","The Equality, Diversity, and Inclusiveness (EDI) office includes several initiatives (Ref 1). Through the EDI, TU Dublin support employees from one or more additional underrepresented groups. Initiatives supporting employee include: · Women Leaders in High Education (Ref 2). The initiative aims to empower and enable women, trans, and gender non-conforming people in TU Dublin to identify and achieve their development goals and to empower and enable women in all roles (management, academic, technical and administrative) in TU Dublin and to encourage time for reflection on their personal and professional development and career advancement and enhancement. · Computer Science Inclusive (Ref 3) promote inclusivity in computer science, working with all types of schools, school levels and locations. The Csinc team delivered Professional Development to ~800 teachers (some repeated sessions), with the demand to run multiple sessions around the country over the past two years. · Building MultiStories is a project developed by the Blanchardstown Library service with the School of Business on the Blanchardstown Campus (Ref 4). The project provides a Guide to Inclusive Referencing, helping staff and students to diversify curricula in a number of ways. URL References: Ref 1: https://www.tudublin.ie/explore/about-the-university/equality-and-diversity/edi-initiatives-in-tu-dublin/ Ref 2: https://www.tudublin.ie/explore/about-the-university/equality-and-diversity/edi-initiatives-in-tu-dublin/women-leaders-in-higher-education/ Ref 3: https://csinc.ie/Home/About Ref 4: https://tudublin.libguides.com/buildingmultistories",,,text_long
Technological University Dublin,PA-6,PA,Social,Institutional Climate,,Points earned for indicator PA 6.2,1,,1.0,number
Technological University Dublin,PA-6,PA,Social,Institutional Climate,,Has the institution conducted an institutional climate assessment within the previous three years?,Yes,,,boolean
Technological University Dublin,PA-6,PA,Social,Institutional Climate,,Description of the methodology used to assess institutional climate,"As described in TU Dublin Institutional Profile (Ref 1) “TU Dublin is a place where we are proud to work and study in an inclusive, supportive and interconnected environment where the diverse talents of staff and students are equally valued, and where they are given the opportunity to achieve their maximum potential.” In 2024, TU Dublin conducted it's first Employee Engagement Survey (Only available on Intranet). Employee listening is a key component in Employee Engagement. The Employee Engagement Survey is a key initiative under our Listening Strategy. Running annually, the purpose of this university-wide employee engagement survey is to confidentially gather insights into TU Dublin’s collective engagement to help us understand staff’s experience and learn more about how to improve the workplace. With a dedicated Employee Engagement Team and with expert consultation from our third party provider, the responses are translated into action plans. It is an opportunity for each of us to elevate our voice and provide feedback which will help shape future action plans. In 2023, TU Dublin conducted a Survey of Student Engagement (Ref 2). Development and implementation of the survey is driven by the intention to inform, support and encourage quality enhancement. StudentSurvey.ie reflects many aspects of students’ experiences in higher education. It is designed to focus on student engagement, namely the amount of time and effort that students put into meaningful and purposeful educational activities and the extent to which institutions provide such opportunities and encourage students to engage with them. The survey included Key Performance Indicators (KPIs) assessing current attitudes, behaviours, and standards of students (not employees) concerning the level of respect for individual needs, abilities, and potential. The “Reflective and Integrative Learning” KPI measured students agreements on topics such as “Included diverse perspectives (political, religious, racial, ethnic, gender, etc.) in discussions or assignments*”, “Examined the strengths and weaknesses of your own views on a topic or issue”, “Tried to better understand someone else's views by imagining how an issue looks from their perspective”, and “Learned something that changed the way you understand an issue or concept” The “Student-Faculty Interaction” KPI addressed topics such as “Talked about career plans with academic staff”, “Worked with academic staff on activities other than coursework (committees, student groups, etc.)”, “Discussed course topics, ideas, or concepts with academic staff outside of scheduled class, tutorials, labs or studios*” and “Discussed performance with academic staff”. The “Quality of interactions” KPIs measured quality of interactions between students, with academic advisors, academic staff, support service staff, and other administrative staff and offices. The “Supportive Environment” KPI assessed satisfaction on topics such as “Providing support to help students succeed academically”, “Using learning support services”, “Contact among students from different backgrounds (social, racial, ethnic, religious, age groups etc.)*”, “Providing opportunities to be involved socially”, “Providing support for your overall well-being”, “Attending events that address important social, economic, or political issues” URL References: Ref 1: https://www.qqi.ie/sites/default/files/2021-09/tu-dublin-cinnte-institutional-profile-2021.pdf Ref 2: https://studentsurvey.ie/sites/default/files/2024-01/StudentSurvey.ie%202023_TUDublin.pdf",,,text_long
Technological University Dublin,PA-6,PA,Social,Institutional Climate,,Does the institution publish the results of its institutional climate assessments?,Yes,,,boolean
Technological University Dublin,PA-6,PA,Social,Institutional Climate,,Published results of the institution’s most recently finalized institutional climate assessment,,,,not_reported
Technological University Dublin,PA-6,PA,Social,Institutional Climate,,Online resource where the results of the institution’s institutional climate assessments are publicly available,https://studentsurvey.ie/sites/default/files/2024-01/StudentSurvey.ie%202023_TUDublin.pdf,,,url
Technological University Dublin,PA-6,PA,Social,Institutional Climate,,Points earned for indicator PA 6.3,1,,1.0,number
Technological University Dublin,PA-6,PA,Social,Institutional Climate,,Notes about the information provided for this credit,,,,not_reported
Technological University Dublin,PA-6,PA,Social,Institutional Climate,,Additional documentation for this credit,,,,not_reported
Technological University Dublin,PA-7,PA,Social,Racial and Ethnic Representation,,Completed racial and ethnic diversity worksheet,PA_7.1_7.2_7.3_Racial_and_Ethnic_Diversity_Worksheet.xlsx,,,text
Technological University Dublin,PA-7,PA,Social,Racial and Ethnic Representation,,Ethnic diversity index for students,0.66,,0.66,number
Technological University Dublin,PA-7,PA,Social,Racial and Ethnic Representation,,Ethnic diversity index for academic staff,"0 Revised on Nov. 24, 2025",,,text
Technological University Dublin,PA-7,PA,Social,Racial and Ethnic Representation,,Ethnic diversity index for non-academic staff,"0 Revised on Nov. 24, 2025",,,text
Technological University Dublin,PA-7,PA,Social,Racial and Ethnic Representation,,Ethnic diversity index for executive staff,"0 Revised on Nov. 24, 2025",,,text
Technological University Dublin,PA-7,PA,Social,Racial and Ethnic Representation,,Points earned for indicator PA 7.1,0.22,,0.22,number
Technological University Dublin,PA-7,PA,Social,Racial and Ethnic Representation,,"Total number of marginalized racial, ethnic, and/or Indigenous groups in the region served by the institution",11,,11.0,number
Technological University Dublin,PA-7,PA,Social,Racial and Ethnic Representation,,"Number of marginalized racial, ethnic, and/or Indigenous groups that are equitably represented among students",7,,7.0,number
Technological University Dublin,PA-7,PA,Social,Racial and Ethnic Representation,,Description of the methodology and data source(s) used to identify the region served and its demographics,"Central Statistics Office of Ireland has provieded the relevant data for general number and propotion of marginalised racial, ethnic, and/or Indigenous groups in the whole population (Ref 1). URL References: Ref 1: Group/Background Census of Population 2022 - https://data.cso.ie/",,,text_long
Technological University Dublin,PA-7,PA,Social,Racial and Ethnic Representation,,"Percentage of marginalized, racial, ethnic, and Indigenous groups that are equitably represented among students",63.64,,63.64,number
Technological University Dublin,PA-7,PA,Social,Racial and Ethnic Representation,,Points earned for indicator PA 7.2,0.64,,0.64,number
Technological University Dublin,PA-7,PA,Social,Racial and Ethnic Representation,,"Number of marginalized racial, ethnic, and/or Indigenous groups that are equitably represented among regular/permanent academic staff",0,,0.0,number
Technological University Dublin,PA-7,PA,Social,Racial and Ethnic Representation,,"Number of marginalized racial, ethnic, and/or Indigenous groups that are equitably represented among regular/permanent non-academic staff",0,,0.0,number
Technological University Dublin,PA-7,PA,Social,Racial and Ethnic Representation,,"Number of marginalized racial, ethnic, and/or Indigenous groups that are equitably represented among executive staff",0,,0.0,number
Technological University Dublin,PA-7,PA,Social,Racial and Ethnic Representation,,"Percentage of marginalized, racial, ethnic, and Indigenous groups that are equitably represented among regular/permanent academic staff",0,,0.0,number
Technological University Dublin,PA-7,PA,Social,Racial and Ethnic Representation,,"Percentage of marginalized, racial, ethnic, and Indigenous groups that are equitably represented among regular/permanent non-academic staff",0,,0.0,number
Technological University Dublin,PA-7,PA,Social,Racial and Ethnic Representation,,"Percentage of marginalized, racial, ethnic, and Indigenous groups that are equitably represented among executive staff",0,,0.0,number
Technological University Dublin,PA-7,PA,Social,Racial and Ethnic Representation,,Points earned for indicator PA 7.3,0,,0.0,number
Technological University Dublin,PA-7,PA,Social,Racial and Ethnic Representation,,Notes about the information provided for this credit,,,,not_reported
Technological University Dublin,PA-7,PA,Social,Racial and Ethnic Representation,,Additional documentation for this credit,,,,not_reported
Technological University Dublin,PA-8,PA,Social,Gender Parity,,Percentage of students that identify as women or other marginalized gender identities,42.23,,42.23,number
Technological University Dublin,PA-8,PA,Social,Gender Parity,,Points earned for indicator PA 8.1,0,,0.0,number
Technological University Dublin,PA-8,PA,Social,Gender Parity,,Percentage of regular/permanent academic staff that identify as women or other marginalized gender identities,41.55,,41.55,number
Technological University Dublin,PA-8,PA,Social,Gender Parity,,Percentage of regular/permanent non-academic staff that identify as women or other marginalized gender identities,56.40,,56.4,number
Technological University Dublin,PA-8,PA,Social,Gender Parity,,Percentage of executive staff that identify as women or other marginalized gender identities,41.09,,41.09,number
Technological University Dublin,PA-8,PA,Social,Gender Parity,,Points earned for indicator PA 8.2,0.33,,0.33,number
Technological University Dublin,PA-8,PA,Social,Gender Parity,,Notes about the information provided for this credit,,,,not_reported
Technological University Dublin,PA-8,PA,Social,Gender Parity,,Additional documentation for this credit,,,,not_reported
Technological University Dublin,PA-9,PA,Social,Affordability and Access,,Does the institution have the required data and wish to pursue this indicator?,Yes,,,boolean
Technological University Dublin,PA-9,PA,Social,Affordability and Access,,Local currency code,EUR,,,text
Technological University Dublin,PA-9,PA,Social,Affordability and Access,,Local hourly minimum wage for students,12.70,,12.7,number
Technological University Dublin,PA-9,PA,Social,Affordability and Access,,Average annual net price of attendance for low-income students,"5,880.98",,5880.98,number
Technological University Dublin,PA-9,PA,Social,Affordability and Access,,Number of paid work-hours per year required to meet the average net price of attendance for low-income students,463.07,,463.07,number
Technological University Dublin,PA-9,PA,Social,Affordability and Access,,Points earned for indicator PA 9.1,1,,1.0,number
Technological University Dublin,PA-9,PA,Social,Affordability and Access,,Does the institution have the required data and wish to pursue this indicator?,Yes,,,boolean
Technological University Dublin,PA-9,PA,Social,Affordability and Access,,Percentage of students that are low-income,34,,34.0,number
Technological University Dublin,PA-9,PA,Social,Affordability and Access,,Description of the methodology used to identify low-income students,"Student Assistance Fund (SAF) and the 1916 Bursary Fund, which are aimed at students from underrepresented or disadvantaged backgrounds. Eligibility for these supports includes students from households with a combined income of less than €49,840, as well as those who qualify through access routes such as the HEAR (Higher Education Access Route)",,,text_long
Technological University Dublin,PA-9,PA,Social,Affordability and Access,,Points earned for indicator PA 9.2,0.50,,0.5,number
Technological University Dublin,PA-9,PA,Social,Affordability and Access,,Is an applicant’s relationship to the institution’s alumni or donors a factor that is positively considered in the institution’s admission decisions?,No,,,boolean
Technological University Dublin,PA-9,PA,Social,Affordability and Access,,Narrative and/or website URL providing an overview of the factors that are considered in the institution’s admission decisions,"Irish universities, including Technological University Dublin (TU Dublin), base their admissions decisions primarily on academic merit. For undergraduate programs, the main criterion is performance in the Irish Leaving Certificate, where applicants are assessed based on their exam scores. This is reflected in TU Dublin’s reliance on the Central Applications Office (CAO) system, which allocates points based on an applicant’s best six subjects in a single sitting of the Leaving Certificate. Specific subject requirements and grades are necessary to meet eligibility criteria​ (Ref 1); For postgraduate programs, admissions are also based on relevant qualifications, such as a completed degree and academic performance. The specific entry requirements may vary by program, but academic achievement remains central to the decision-making process (Ref 2). URL References: Ref 1: https://www.tudublin.ie/study/international-students/entry-requirements/undergraduate-entry-requirements/ Ref 2: https://www.tudublin.ie/study/postgraduate/how-to-apply/",,,text_long
Technological University Dublin,PA-9,PA,Social,Affordability and Access,,Points earned for indicator PA 9.3,1,,1.0,number
Technological University Dublin,PA-9,PA,Social,Affordability and Access,,Notes about the information provided for this credit,,,,not_reported
Technological University Dublin,PA-9,PA,Social,Affordability and Access,,Additional documentation for this credit,,,,not_reported
Technological University Dublin,PA-10,PA,Social,Student Success,,Overall student completion rate,63.80,,63.8,number
Technological University Dublin,PA-10,PA,Social,Student Success,,Does the institution have completion rate data for low-income students?,Yes,,,boolean
Technological University Dublin,PA-10,PA,Social,Student Success,,Completion rate for low-income students,59.80,,59.8,number
Technological University Dublin,PA-10,PA,Social,Student Success,,Ratio of the completion rate for low-income students to the overall completion rate,0.94,,0.94,number
Technological University Dublin,PA-10,PA,Social,Student Success,,Points earned for indicator PA 10.1,1,,1.0,number
Technological University Dublin,PA-10,PA,Social,Student Success,,Does the institution have completion rate data for women and/or students with other marginalized gender identities?,Yes,,,boolean
Technological University Dublin,PA-10,PA,Social,Student Success,,Completion rate for students that identify as women or other marginalized gender identities,71.30,,71.3,number
Technological University Dublin,PA-10,PA,Social,Student Success,,Ratio of the completion rate for students that identify as women or other marginalized gender identities to the overall completion rate,1.12,,1.12,number
Technological University Dublin,PA-10,PA,Social,Student Success,,Points earned for indicator PA 10.2,1,,1.0,number
Technological University Dublin,PA-10,PA,Social,Student Success,,"Does the institution have completion rate data for students from marginalized racial, ethnic, and/or Indigenous groups?",Yes,,,boolean
Technological University Dublin,PA-10,PA,Social,Student Success,,"Total number of marginalized racial, ethnic, and/or Indigenous groups served by the institution",11,,11.0,number
Technological University Dublin,PA-10,PA,Social,Student Success,,"Number of marginalized racial, ethnic, and/or Indigenous groups with equitable completion rates",10,,10.0,number
Technological University Dublin,PA-10,PA,Social,Student Success,,"Narrative and/or website URL providing completion rates for each marginalized racial, ethnic, and/or Indigenous group served by the institution","The completion rates for ethnic groups are estimated based on the available information, including progression rates for ethnic groups and the completion rates for the entire student population.",,,text
Technological University Dublin,PA-10,PA,Social,Student Success,,"Document that includes completion rates for each marginalized racial, ethnic, and/or Indigenous group served by the institution",PA_10.3_Progression_rates_by_Ethnicity.xlsx,,,text
Technological University Dublin,PA-10,PA,Social,Student Success,,"Percentage of marginalized, racial, ethnic, and Indigenous groups with equitable completion rates",90.91,,90.91,number
Technological University Dublin,PA-10,PA,Social,Student Success,,Points earned for indicator PA 10.3,0.91,,0.91,number
Technological University Dublin,PA-10,PA,Social,Student Success,,Notes about the information provided for this credit,,,,not_reported
Technological University Dublin,PA-10,PA,Social,Student Success,,Additional documentation for this credit,,,,not_reported
Technological University Dublin,PA-11,PA,Social,"Health, Safety and Wellbeing",,Does the institution make physical health services available to students?,Yes,,,boolean
Technological University Dublin,PA-11,PA,Social,"Health, Safety and Wellbeing",,Narrative and/or website URL providing an overview of the institution’s physical health services for students,"TU Dublin offers on-campus Student Health Centres (Ref 1) that provide holistic healthcare services, encompassing general medical care, sexual health, psychological support, and social aspects of student well-being. These services are designed to complement students' personal healthcare providers, ensuring confidentiality and promoting overall student success. URL References: Ref 1: https://www.tudublin.ie/for-students/student-services-and-support/student-wellbeing/student-health-centres/",,,text_long
Technological University Dublin,PA-11,PA,Social,"Health, Safety and Wellbeing",,Does the institution make behavioral health services available to students?,Yes,,,boolean
Technological University Dublin,PA-11,PA,Social,"Health, Safety and Wellbeing",,Narrative and/or website URL providing an overview of the institution’s behavioral health services for students,"TU Dublin offers a free, confidential Student Counselling Service (Ref 1) staffed by qualified psychologists and psychotherapists, providing one-on-one counselling, group therapy programs, and events throughout the year, both online and face-to-face. Additionally, the service supports students using SilverCloud (Ref 2), an online platform offering self-help programs for managing common mental health issues such as anxiety, depression, and stress. URL References: Ref 1: https://www.tudublin.ie/for-students/student-services-and-support/student-wellbeing/counselling-service/ Ref 2: https://www.tudublin.ie/for-students/student-services-and-support/student-wellbeing/counselling-service/silvercloud-cbt-programme/",,,text_long
Technological University Dublin,PA-11,PA,Social,"Health, Safety and Wellbeing",,Does the institution make sexual and reproductive health services available to students?,Yes,,,boolean
Technological University Dublin,PA-11,PA,Social,"Health, Safety and Wellbeing",,Narrative and/or website URL providing an overview of the institution’s sexual/reproductive health services for students,"TU Dublin provides comprehensive sexual and reproductive health services (Ref 1) for students, including testing for sexually transmitted infections (STIs) such as chlamydia, gonorrhoea, syphilis, hepatitis B, and HIV. Students can access these services through appointments with general practitioners or nurses, and the university also offers free home STI testing kits in collaboration with the Health Service Executive (HSE). Ref 1: https://www.tudublin.ie/for-students/student-services-and-support/student-wellbeing/student-health-centres/grangegorman-aungier-street/specialist-clinics/sexual-health-service/",,,text_long
Technological University Dublin,PA-11,PA,Social,"Health, Safety and Wellbeing",,Does the institution make contemplative and/or spiritual activities available to students?,Yes,,,boolean
Technological University Dublin,PA-11,PA,Social,"Health, Safety and Wellbeing",,Narrative and/or website URL providing an overview of the institution’s contemplative and spiritual activities for students,"TU Dublin offers a range of contemplative and spiritual activities (Ref 1) for students, including mindfulness meditation sessions, access to quiet spaces for reflection and prayer, and various events that foster community and intercultural exchange. URL References: Ref 1: https://www.tudublin.ie/for-students/student-services-and-support/student-wellbeing/pastoral-care-chaplaincy/",,,text_long
Technological University Dublin,PA-11,PA,Social,"Health, Safety and Wellbeing",,Does the institution have a campus safety committee that brings together students from vulnerable groups and management in the development and review of policies and procedures related to student safety and violence prevention?,Yes,,,boolean
Technological University Dublin,PA-11,PA,Social,"Health, Safety and Wellbeing",,Narrative and/or website URL providing an overview of the institution’s student safety and violence prevention committee,"The university has a University Health and Safety committee which has students union representation, information on all university Health and safety groups is available (Ref 1). While the University does not have a group specifically looking at specific vulnerable groups security is included in the terms of reference for health and safety. Students from vulnerable groups and management also come together in the Equality, Diversity and Inclusion (EDI) committee (Ref 2) and sub-committe of our Governing Body (Ref 3). URL References: Ref 1: https://www.tudublin.ie/for-staff/safety-health-welfare/safety-hub/committees-and-working-groups/ Ref 2: https://www.tudublin.ie/explore/about-the-university/equality-and-diversity/ Ref 3: https://www.tudublin.ie/explore/about-the-university/governance/",,,text_long
Technological University Dublin,PA-11,PA,Social,"Health, Safety and Wellbeing",,Does the institution have an emergency assistance fund that provides grants or interest-free loans to students who are experiencing financial difficulties?,Yes,,,boolean
Technological University Dublin,PA-11,PA,Social,"Health, Safety and Wellbeing",,Narrative and/or website URL providing an overview of the institution’s emergency assistance fund for students,"TU Dublin offers an Emergency Assistance Fund (Ref 1) to support students facing urgent financial crises, such as the need to vacate accommodation urgently or attending a funeral due to bereavement. This fund is distinct from the General Student Assistance Schemes and is intended for immediate, unforeseen expenses. URL References: Ref 1: https://www.tudublin.ie/for-students/student-services-and-support/financial-support/aungier-st-bolton-st-grangegorman/emergency-assistance-fund/",,,text_long
Technological University Dublin,PA-11,PA,Social,"Health, Safety and Wellbeing",,"Does the institution have a food bank/pantry, meal donation program, or similar initiative that provides food at no cost to students experiencing food insecurity?",Yes,,,boolean
Technological University Dublin,PA-11,PA,Social,"Health, Safety and Wellbeing",,Narrative and/or website URL providing an overview of the institution’s student food security initiatives,TU Dublin student services food voucher scheme (Ref 1). URL References: Ref 1: https://www.instagram.com/p/DCByRaBsHQo/,,,text
Technological University Dublin,PA-11,PA,Social,"Health, Safety and Wellbeing",,Points earned for indicator PA 11.1,1.00,,1.0,number
Technological University Dublin,PA-11,PA,Social,"Health, Safety and Wellbeing",,Does the institution make physical health services available to employees?,Yes,,,boolean
Technological University Dublin,PA-11,PA,Social,"Health, Safety and Wellbeing",,Narrative and/or website URL providing an overview of the institution’s physical health services for employees,"TU Dublin provides employees with access to physical health services, including occupational health assessments (Ref 1), health surveillance programs, and free eye and eyesight tests at the National Optometry Centre (Ref 2). URL References: Ref 1: https://www.tudublin.ie/for-staff/safety-health-welfare/safety-hub/occupational-health/ Ref 2: https://www.tudublin.ie/noc/eye-examinations/specialist-clinics/",,,text_long
Technological University Dublin,PA-11,PA,Social,"Health, Safety and Wellbeing",,Does the institution make behavioral health services available to employees?,Yes,,,boolean
Technological University Dublin,PA-11,PA,Social,"Health, Safety and Wellbeing",,Narrative and/or website URL providing an overview of the institution’s behavioral health services for employees,"TU Dublin offers behavioral health services for employees, including an Employee Assistance Service, bereavement support, pastoral care, and access to the SilverCloud online mental health platform (Ref 1). Additionally, the university provides wellbeing webinars (Ref 2) and various health promotion resources to support staff mental health and overall wellbeing (Ref 3). URL References: Ref 1: https://www.tudublin.ie/media/website/for-staff/human-resources/people-dev/prof-dev/documents/Staff-Supports-%281%29.pdf Ref 2: https://www.tudublin.ie/for-staff/human-resources/people-development/e-learning/wellbeing/ Ref 3: https://www.tudublin.ie/intranet/workplace-wellbeing/staff-supports/",,,text_long
Technological University Dublin,PA-11,PA,Social,"Health, Safety and Wellbeing",,Does the institution make free or reduced cost fitness activities available to employees?,Yes,,,boolean
Technological University Dublin,PA-11,PA,Social,"Health, Safety and Wellbeing",,Narrative and/or website URL providing an overview of the institution’s fitness activities for employees,"TU Dublin offers the ""Be Active Be Social"" program (Ref 1), providing fitness and sports sessions for staff and students of all abilities in a fun, friendly, and non-competitive environment. Activities include social 5-a-side football, yoga, tag rugby, GAA, pickleball, basketball, self-defense, tennis, roundnet, gym fitness, campus runs, and women-only sessions, with events held across all campuses. URL References: Ref 1: https://www.tudublin.ie/for-students/student-life/sport/be-active-be-social/",,,text_long
Technological University Dublin,PA-11,PA,Social,"Health, Safety and Wellbeing",,Does the institution make contemplative and/or spiritual activities available to employees?,Yes,,,boolean
Technological University Dublin,PA-11,PA,Social,"Health, Safety and Wellbeing",,Narrative and/or website URL providing an overview of the institution’s contemplative and spiritual activities for employees,"TU Dublin offers a range of contemplative and spiritual activities for employees, including access to St. Laurence's Church (Ref 1) —a center for prayer, worship, and spiritual development that hosts weekly Mass and mindfulness sessions. Additionally, the university's Pastoral Care and Chaplaincy Service (Ref 2) provides confidential support, fostering the spiritual, social, emotional, and intellectual well-being of staff. URL References: Ref 1: https://www.tudublin.ie/for-students/student-services-and-support/student-wellbeing/pastoral-care-chaplaincy/%E2%80%8C%E2%80%8C%E2%80%8C%E2%80%8Cstlaurences/ Ref 2: https://www.tudublin.ie/for-students/student-services-and-support/student-wellbeing/pastoral-care-chaplaincy/",,,text_long
Technological University Dublin,PA-11,PA,Social,"Health, Safety and Wellbeing",,Does the institution have an institution-wide health and safety committee or network of committees that brings together workers and management in the development and review of workplace health and safety policies and procedures?,Yes,,,boolean
Technological University Dublin,PA-11,PA,Social,"Health, Safety and Wellbeing",,Narrative and/or website URL providing an overview of the institution’s workplace health and safety committees,"TU Dublin has established a comprehensive safety management system (Ref 1) that includes the University Safety, Health and Welfare (SHW) Steering Committee, Campus SHW Committees, and various working groups. These committees ensure effective coordination and management of health and safety issues, promote employee participation, and facilitate compliance with relevant legislation. URL References: Ref 1: https://www.tudublin.ie/for-staff/safety-health-welfare/safety-hub/committees-and-working-groups/",,,text_long
Technological University Dublin,PA-11,PA,Social,"Health, Safety and Wellbeing",,Does the institution have an emergency assistance fund that provides grants or interest-free loans to employees who are experiencing financial difficulties?,No,,,boolean
Technological University Dublin,PA-11,PA,Social,"Health, Safety and Wellbeing",,Narrative and/or website URL providing an overview of the institution’s emergency assistance fund for employees,,,,not_reported
Technological University Dublin,PA-11,PA,Social,"Health, Safety and Wellbeing",,Points earned for indicator PA 11.2,1,,1.0,number
Technological University Dublin,PA-11,PA,Social,"Health, Safety and Wellbeing",,Does the institution prohibit smoking within all occupied buildings owned or leased by the Institution?,Yes,,,boolean
Technological University Dublin,PA-11,PA,Social,"Health, Safety and Wellbeing",,Does the institution restrict outdoor smoking?,Yes,,,boolean
Technological University Dublin,PA-11,PA,Social,"Health, Safety and Wellbeing",,Does the institution prohibit smoking and tobacco use across the entire campus?,Yes,,,boolean
Technological University Dublin,PA-11,PA,Social,"Health, Safety and Wellbeing",,Narrative and/or website URL providing an overview of the institution’s smoke-free policies,"In line with the Department of Health’s Tobacco Free Ireland Policy, which aims to promote tobacco-free campuses for all third-level institutions, TU Dublin campus introduced a smoke free zone on campus from September 2020 (Ref 1, Ref 2). URL References: Ref 1: https://www.tudublin.ie/media/website/policies-and-forms/health-amp-safety/Smoking-Policy-for-TU-Dublin-City-Campus-May-2019.pdf Ref 2: https://www.tudublin.ie/explore/our-campuses/blanchardstown/towards-a-smoke-free-campus/",,,text_long
Technological University Dublin,PA-11,PA,Social,"Health, Safety and Wellbeing",,Points earned for indicator PA 11.3,1,,1.0,number
Technological University Dublin,PA-11,PA,Social,"Health, Safety and Wellbeing",,Notes about the information provided for this credit,,,,not_reported
Technological University Dublin,PA-11,PA,Social,"Health, Safety and Wellbeing",,Additional documentation for this credit,,,,not_reported
Technological University Dublin,PA-12,PA,Social,Employee Rights,,Number of weeks of paid maternity leave,26,,26.0,number
Technological University Dublin,PA-12,PA,Social,Employee Rights,,Narrative and/or website URL providing an overview of the maternity leave options available to employees,"The Maternity Protection Acts cover the entitlements for allstaff who are pregnant, have recently given birth, or who are breastfeeding. This is inclusive of transgender males who have obtained a gender recognition certificate in accordance with the Gender Recognition Act 2015. All staff who commence maternity leave are entitled to 26 consecutive weeks paid* maternity leave (Ref 1). URL References: Ref 1: https://www.tudublin.ie/media/intranet/hr/policies/Maternity-Leave-HRP021-22.05.24.pdf",,,text_long
Technological University Dublin,PA-12,PA,Social,Employee Rights,,Points earned for indicator PA 12.1,1,,1.0,number
Technological University Dublin,PA-12,PA,Social,Employee Rights,,Percentage of employees eligible for paid all-gender family/medical leave,100,,100.0,number
Technological University Dublin,PA-12,PA,Social,Employee Rights,,Narrative and/or website URL providing an overview of the institution’s eligibility criteria for paid family/medical leave,"The Maternity Protection Acts cover the entitlements for all staff who are pregnant, have recently given birth, or who are breastfeeding. This is inclusive of transgender males who have obtained a gender recognition certificate in accordance with the Gender Recognition Act 2015. All staff who commence maternity leave are entitled to 26 consecutive weeks paid maternity leave (Ref 1) URL References: Ref 1: https://www.tudublin.ie/media/intranet/hr/policies/Maternity-Leave-HRP021-22.05.24.pdf",,,text_long
Technological University Dublin,PA-12,PA,Social,Employee Rights,,Points earned for indicator PA 12.2,1,,1.0,number
Technological University Dublin,PA-12,PA,Social,Employee Rights,,Does the institution publish information on anti-harassment in a format that is accessible to all employees?,Yes,,,boolean
Technological University Dublin,PA-12,PA,Social,Employee Rights,,Does the institution publish information on grievance resolution in a format that is accessible to all employees?,Yes,,,boolean
Technological University Dublin,PA-12,PA,Social,Employee Rights,,Does the institution publish information on whistleblower protections in a format that is accessible to all employees?,Yes,,,boolean
Technological University Dublin,PA-12,PA,Social,Employee Rights,,Does the institution publish information on freedom of association in a format that is accessible to all employees?,Yes,,,boolean
Technological University Dublin,PA-12,PA,Social,Employee Rights,,Narrative and/or website URL providing an overview of the institution’s published measures to protect employee rights,"This is a legal obligation covered by Article 11 of the European Convention on Human Rights. In addition to many HR policies, there is support available through unions or the Workplace Relations office.",,,text_long
Technological University Dublin,PA-12,PA,Social,Employee Rights,,Points earned for indicator PA 12.3,1,,1.0,number
Technological University Dublin,PA-12,PA,Social,Employee Rights,,Notes about the information provided for this credit,,,,not_reported
Technological University Dublin,PA-12,PA,Social,Employee Rights,,Additional documentation for this credit,,,,not_reported
Technological University Dublin,PA-13,PA,Social,Pay Equity and Living Wage,,"Has the institution conducted one or more internal pay equity assessments during the previous three years to identify disparities that are not attributable to skills, responsibilities, or level of experience?",Yes,,,boolean
Technological University Dublin,PA-13,PA,Social,Pay Equity and Living Wage,,Description of the methodologies used to assess internal pay equity,"TU Dublin has conducted internal pay equity assessments within the previous three years to identify disparities that are not attributable to skills, responsibilities, or level of experience. According to TU Dublin’s Gender Pay Gap Report, the institution carried out an analysis to assess pay equity across different genders, which involved identifying any pay disparities between male and female employees. Methodologies Used: Gender Pay Gap Analysis (Ref 1): TU Dublin uses the gender pay gap metric, which measures the difference in average hourly earnings between men and women. This methodology highlights any discrepancies in pay that cannot be justified by factors such as role, skills, or experience. Statistical Breakdown: The analysis breaks down the gender pay gap by calculating the average hourly earnings of men and women across different pay quartiles, thus identifying whether pay disparities are concentrated in specific levels of seniority or across the entire institution. Pay Gap Reporting by Quartiles: TU Dublin assesses pay equity across four pay quartiles (lower, lower middle, upper middle, and upper) to gain a detailed understanding of pay distribution at all levels of the organization. The report and these assessments help the institution identify structural inequalities and guide efforts toward achieving pay equity, in line with TU Dublin’s commitment to fair and transparent pay practices. URL References: Ref 1: https://www.tudublin.ie/explore/about-the-university/gender-pay-gap-report/",,,text_long
Technological University Dublin,PA-13,PA,Social,Pay Equity and Living Wage,,Are the pay equity assessment(s) inclusive of both academic and non-academic staff?,Yes,,,boolean
Technological University Dublin,PA-13,PA,Social,Pay Equity and Living Wage,,Do the pay equity assessment(s) explicitly address pay equity by gender identity?,Yes,,,boolean
Technological University Dublin,PA-13,PA,Social,Pay Equity and Living Wage,,"Do the pay equity assessment(s) explicitly address internal pay equity by racial, ethnic, and/or Indigenous identity?",No,,,boolean
Technological University Dublin,PA-13,PA,Social,Pay Equity and Living Wage,,Does the institution publish the results of its internal pay equity assessments?,Yes,,,boolean
Technological University Dublin,PA-13,PA,Social,Pay Equity and Living Wage,,Published results of the institution’s most recently finalized internal pay equity assessment,,,,not_reported
Technological University Dublin,PA-13,PA,Social,Pay Equity and Living Wage,,Online resource where the results of the institution’s internal pay equity assessments are available,https://www.tudublin.ie/media/website/explore/about-the-university/gender-pay-gap/Gender-Pay-Gap-Report-2023-FINALv1.pdf,,,url
Technological University Dublin,PA-13,PA,Social,Pay Equity and Living Wage,,Points earned for indicator PA 13.1,0.80,,0.8,number
Technological University Dublin,PA-13,PA,Social,Pay Equity and Living Wage,,Is the institution a third party accredited living wage employer?,No,,,boolean
Technological University Dublin,PA-13,PA,Social,Pay Equity and Living Wage,,Narrative and/or website URL detailing the institution’s living wage accreditation,,,,not_reported
Technological University Dublin,PA-13,PA,Social,Pay Equity and Living Wage,,Local currency code,EUR,,,text
Technological University Dublin,PA-13,PA,Social,Pay Equity and Living Wage,,Performance year for living wage,2023,,2023.0,year
Technological University Dublin,PA-13,PA,Social,Pay Equity and Living Wage,,Living wage,13.85,,13.85,number
Technological University Dublin,PA-13,PA,Social,Pay Equity and Living Wage,,Standard or methodology used to determine the living wage,The 2022/23 Living Wage for the Republic of Ireland was €13.85 per hour (Ref 1). URL References: Ref 1: https://www.livingwage.ie/documents/archive.html,,,text
Technological University Dublin,PA-13,PA,Social,Pay Equity and Living Wage,,Wage floor for regular/permanent employees,16.53,,16.53,number
Technological University Dublin,PA-13,PA,Social,Pay Equity and Living Wage,,Wage floor for short-term/casual academic staff,14.32,,14.32,number
Technological University Dublin,PA-13,PA,Social,Pay Equity and Living Wage,,Wage floor for short-term/casual non-academic staff,16.31,,16.31,number
Technological University Dublin,PA-13,PA,Social,Pay Equity and Living Wage,,Percentage of employees that receive remuneration equivalent to at least a living wage,100,,100.0,number
Technological University Dublin,PA-13,PA,Social,Pay Equity and Living Wage,,Narrative outlining the forms of remuneration included in the living wage calculations,"According to the University Salary Scales (Ref 1) and Resaerch Salary Scales (Ref 2). The lowest wage payment is 29,811 for Clerical Off/Lib Assistant I/Grd 3 level and maximum working hour is 37/week (7.4/day) (including at least 22 days of annual leave and 10 public holidays). 29,811 / (52*5 - 10 - 22) / 7.4 = €17.67/hour. For weekly paid employees, the lowest payment is 640.74 for General Op level, 640.74 / 37 = €17.32/hour. For hourly paid employees, the lowest payment is €14.32/hour for sport Assistant Level 1. URL References: Ref 1: https://www.tudublin.ie/media/website/for-staff/human-resources/salary-scales/Salary-Scales---01.10.2024.pdf Ref 2: https://www.tudublin.ie/media/website/for-staff/human-resources/Revised-Research-salary-scales-wef-01.10.2023.pdf",,,text_long
Technological University Dublin,PA-13,PA,Social,Pay Equity and Living Wage,,Has the institution made a formal commitment to pay a living wage?,Yes,,,boolean
Technological University Dublin,PA-13,PA,Social,Pay Equity and Living Wage,,Narrative and/or website URL detailing the institution’s formal commitment to pay a living wage,"University staff salaries are set in accordance with public service pay and conditions policies, as established and updated periodically by the Government.",,,text
Technological University Dublin,PA-13,PA,Social,Pay Equity and Living Wage,,Points earned for indicator PA 13.2,3,,3.0,number
Technological University Dublin,PA-13,PA,Social,Pay Equity and Living Wage,,Does the institution have one or more significant contractors?,Yes,,,boolean
Technological University Dublin,PA-13,PA,Social,Pay Equity and Living Wage,,Documentation affirming that the institution has no significant contractors,,,,not_reported
Technological University Dublin,PA-13,PA,Social,Pay Equity and Living Wage,,Total number of significant contractors,45,,45.0,number
Technological University Dublin,PA-13,PA,Social,Pay Equity and Living Wage,,Number of significant contractors known to pay a collectively determined or living wage,45,,45.0,number
Technological University Dublin,PA-13,PA,Social,Pay Equity and Living Wage,,Description of the methodology used to determine which significant contractors pay a collectively determined or living wage,"We have identified 45 significant contractors including contractors providing regular on-site dining/catering, cleaning/janitorial, maintenance, grounds keeping, professional/technical, transportation, and retail services. All 45 contractors are paying a living wage to employee. TU Dublin reviews their contractors' compliance with the National Minimum Wage Act 2000 (Ref 1) and the Payment of Wages Act 1991 (Ref 2), which legally mandate employers to provide at least the minimum wage and all statutory benefits. Additionally, TU Dublin believe that everyone has a right to fair remuneration and expect all of our suppliers pays each employee at least the minimum wage, or a fair representation of the prevailing industry wage (whichever is higher) and provides each employee with all legally mandated benefits. URL References: Ref 1: https://www.irishstatutebook.ie/eli/2000/act/5/enacted/en/html Ref 2: https://www.irishstatutebook.ie/eli/1991/act/25/enacted/en/html",,,text_long
Technological University Dublin,PA-13,PA,Social,Pay Equity and Living Wage,,Percentage of significant contractors that pay a collectively determined or living wage,100,,100.0,number
Technological University Dublin,PA-13,PA,Social,Pay Equity and Living Wage,,Points earned for indicator PA 13.3,1,,1.0,number
Technological University Dublin,PA-13,PA,Social,Pay Equity and Living Wage,,Notes about the information provided for this credit,,,,not_reported
Technological University Dublin,PA-13,PA,Social,Pay Equity and Living Wage,,Additional documentation for this credit,,,,not_reported
Technological University Dublin,IL-3,IL,Bonus,Sustainability Course Inventory,,Has the institution conducted a comprehensive inventory within the previous three years to identify the sustainability challenges or SDGs addressed by each course?,Yes,,,boolean
Technological University Dublin,IL-3,IL,Bonus,Sustainability Course Inventory,,Copy of the sustainability course inventory,AC_1.1_sustainability_course_offerings.xlsm,,,text
Technological University Dublin,IL-3,IL,Bonus,Sustainability Course Inventory,,Description of the methodology used to complete the course inventory,"A sustainability language model to classify text among the 17 UN SDGs and identify the sustainability level as Sustainability-Focused, Sustainability-Inclusive, or Non-Sustainable has been developed and is currently being patented. The identification of sustainability challenges and alignment with specific SDGs was based on a robust framework that integrates natural language processing (NLP) and machine learning (ML) capabilities. The framework comprises two main components: Sustainability-Tuned NLP Models: These models leverage NLP and ML to: Classify text among the 17 UN SDGs, Assess sustainability importance (or “sustainability score”) with a confidence level, and Classify sustainability scores according to definitions aligned with the AASHE STARS framework, providing standardized terms like ""Sustainability-Focused,"" ""Sustainability-Inclusive,"" and ""Non-Sustainable."" These tailored NLP models, referred to as “sustainability-tuned language models,” or simply “sustainability models,” are specifically designed to categorize sustainability-related content accurately. Supervisory Model for Enhanced Accuracy: An overarching model supervises the outputs of each sustainability model, automatically identifying the most accurate results to consolidate and deliver reliable classifications. This supervisory model thus enhances consistency and precision across the various sustainability models. Any sustainability-tuned language model or large language model (LLM) can be developed and integrated into this framework. These models and the framework can be applied to analyze text-based media of any type, such as documents, files, online content, and even other models. Applications of this technology are broad and include sustainability assessments for curriculum content, research outputs, websites, and any textual document. Furthermore, the models and framework can be integrated into various platforms, such as software applications, web applications, and additional models. The output of the sustainability models includes: Relevant SDG(s) identified within the text, Sustainability scores with associated confidence levels for each SDG, and An overall sustainability score and confidence level that classifies the text as “Not Sustainable,” “Medium Sustainability,” or “High Sustainability.” The latter two categories align with AASHE STARS classifications of “Sustainability Inclusive” and “Sustainability Focused,” respectively. This model, which boasts an accuracy rate exceeding 86% across all SDGs, has undergone extensive manual review by sustainability experts, including the TU Dublin Sustainability Office and sustainability champions across various departments. In cases with multiple course offerings or sections, the model aggregates data to ensure comprehensive, accurate sustainability assessments.",,,text_long
Technological University Dublin,IL-3,IL,Bonus,Sustainability Course Inventory,,Notes about the information provided for this credit,,,,not_reported
Technological University Dublin,IL-3,IL,Bonus,Sustainability Course Inventory,,Additional documentation for this credit,,,,not_reported
Technological University Dublin,IL-6,IL,Bonus,Sustainability Research Inventory,,"Has the institution conducted a comprehensive inventory of its research within the previous three years to identify the sustainability challenges or SDGs addressed by each project, publication, and/or researcher?",Yes,,,boolean
Technological University Dublin,IL-6,IL,Bonus,Sustainability Research Inventory,,Copy of the sustainability research inventory,AC_6.1_Annotated_List_of_Sustainability_Research_by_Department.xlsm,,,text
Technological University Dublin,IL-6,IL,Bonus,Sustainability Research Inventory,,Description of the methodology used to complete the research inventory,"All research articles affiliated to ""Technological University Dublin"" OR ""TU Dublin"" OR ""TUDublin"" have been retrieved interrogating (Ref 1). A total of 2,969 documents published since 2018 were found, and the results were exported in CSV format, including all information on ""Citation information,"" ""Bibliographic information,"" and ""Abstract & Keywords."" The title and abstract of each document were then analyzed using our sustainability language model (the same model used to identify SDGs in curricula) to determine the SDGs and sustainability level associated with each paper. A list of documents identified by our tool as Sustainability-Focused and Sustainability-Inclusive was generated (available in CSV and/or XLSX format). From these sustainable research documents, a unique list of affiliations was extracted, with our method identifying 990 documents as sustainable. URL References: Ref 1: https://www.scopus.com/",,,text_long
Technological University Dublin,IL-6,IL,Bonus,Sustainability Research Inventory,,Notes about the information provided for this credit,,,,not_reported
Technological University Dublin,IL-6,IL,Bonus,Sustainability Research Inventory,,Additional documentation for this credit,,,,not_reported
Technological University Dublin,IL-8,IL,Bonus,Open Access Journal Hosting,,Does the institution provide open access journal hosting services directly or through participation in a consortium?,Yes,,,boolean
Technological University Dublin,IL-8,IL,Bonus,Open Access Journal Hosting,,Description of the open access journal hosting services,"TU Dublin provides open access journal hosting services through its institutional repository, Arrow@TU Dublin. This platform hosts a variety of open access journals, including the European Journal of Food, Drink and Society (Ref 1) and the Irish Journal of Applied Social Studies (Ref 1). Arrow@TU Dublin is managed internally by the university's library services and is not part of an external consortium. All materials on Arrow are available under Creative Commons licenses, ensuring free access and reuse (Ref 2). More information on TU Dublin Open Access Publishing available here (Ref 3). URL References: Ref 1: https://arrow.tudublin.ie/ejfds/ Ref 2: https://arrow.tudublin.ie/ Ref 3: https://www.tudublin.ie/research-innovation/research/open-research/open-access-publishing/",,,text_long
Technological University Dublin,IL-8,IL,Bonus,Open Access Journal Hosting,,Notes about the information provided for this credit,,,,not_reported
Technological University Dublin,IL-8,IL,Bonus,Open Access Journal Hosting,,Additional documentation for this credit,,,,not_reported
Technological University Dublin,IL-11,IL,Bonus,Green Events Program,,Does the institution have or participate in a green events certification/recognition program?,No,,,boolean
Technological University Dublin,IL-11,IL,Bonus,Green Events Program,,Narrative and/or website URL outlining the sustainability criteria or standards by which the institution’s events are assessed,,,,not_reported
Technological University Dublin,IL-11,IL,Bonus,Green Events Program,,Has the institution held one or more qualifying green events within the previous three years?,Yes,,,boolean
Technological University Dublin,IL-11,IL,Bonus,Green Events Program,,Narrative and/or website URL providing an overview of at least one qualifying green event,"Between October 14 and 20, 2024, TU Dublin hosted Green Week (Ref 1), featuring a series of events aimed at engaging and educating the university community on decarbonisation, climate education, and actionable climate initiatives. The university's strategic projects focus on transforming campus environments to enhance climate resilience and reduce energy-related emissions. The development and operational verification of the event considered: - Accessibility to the event - Litter picking during and after the events as a waste management activity. URL References: Ref 1: https://www.tudublin.ie/explore/about-the-university/sustainability/about/news-and-events/tu-dublin-green-week-2024.php",,,text_long
Technological University Dublin,IL-11,IL,Bonus,Green Events Program,,Notes about the information provided for this credit,,,,not_reported
Technological University Dublin,IL-11,IL,Bonus,Green Events Program,,Additional documentation for this credit,,,,not_reported
Technological University Dublin,IL-12,IL,Bonus,Green Laboratory Program,,Percentage of laboratories certified by My Green Lab or an equivalent green laboratory program,25 to 49,,,text
Technological University Dublin,IL-12,IL,Bonus,Green Laboratory Program,,Narrative and/or website URL providing information about the institution’s green laboratory certifications,"My Green Lab accreditation is being sought across a variety of TU Dublin lab spaces. The MyGreen Lab accreditation applies to wet labs (e.g. chemical, biological, pharma and clinical labs), storage rooms and dry labs (e.g. analytical rooms) - computer laboratories are excluded.Currently 3 out of 5 TU DUblin faculties are potentially aplicable under My Green Lab. These are the Faculty of Engineering and Bult Environment (5 schools), the Faculty of Art and Humanities (only the School of Culinary Arts and Food Technology), and Faculty of Sciences & Health (4 schools).TU Dublin already got awarded 10 certifications. These certifications span various levels, from Silver to Green, and encompass 27 undergraduate lab spaces across the four Schools of the Faculty of Sciences & Health. Among those 27 lab spaces, 8 out of 8 labs in Tallagh have been certified. In Blanchardstown campus there is currently no labs under the scope of My Green Lab but we will likely include all digital and data labs in the future. In TU Dublin research hubs that are relevant to MyGreen Labs, those are ""Health, Engineering and Material Science"" (previously called CASH), ""Sustainability & Health"" (previously called ESHI) , and ""Physical to Life Science"" (previously called FOCAS). Out of thse 3 hubs, the last 2 already that are within City Campus got MyGreen Lab certifications. In City Campus the other most relevant buildings are the Central Quad (CQ) in Grangegorman, Bolton St, and Augier Street. To read the associated news please see (Ref 1). In conclusion, 10 schools and 3 research hubs are applicable to My Green Lab. We have fully certified 4 schools and 2 research hubs. The combination gives us an appximate of 6 out of 13 spaces being certified = 46% URL References: Ref 1: https://www.tudublin.ie/explore/about-the-university/sustainability/sustainable-campus/my-green-lab/",,,text_long
Technological University Dublin,IL-12,IL,Bonus,Green Laboratory Program,,Notes about the information provided for this credit,,,,not_reported
Technological University Dublin,IL-12,IL,Bonus,Green Laboratory Program,,Additional documentation for this credit,,,,not_reported
Technological University Dublin,IL-18,IL,Bonus,Continuing Education Inventory,,Has the institution conducted a comprehensive inventory of its continuing education courses/programs within the previous three years to identify the specific sustainability challenges or SDGs addressed by each course or program?,Yes,,,boolean
Technological University Dublin,IL-18,IL,Bonus,Continuing Education Inventory,,Copy of the continuing education course/program inventory,IL_18_Sustainability_Continuing_Courses_inventory.xlsx,,,text
Technological University Dublin,IL-18,IL,Bonus,Continuing Education Inventory,,Description of the methodology used to complete the continuing education inventory,"The uploaded file contains all the sustainability-focused and -inclusive modules for continuing education. These have been identified using analysis all the Continuous Professional Development modules (Ref 1) and using a sustainability language model to classify text among the 17 UN SDGs and identify the sustainability level as Sustainability-Focused, Sustainability-Inclusive, or Non-Sustainable. The tool (patent pending) has an accuracy of over 86% across all SDGs, making it the most accurate tool compared to any open-source model, including ChatGPT. The tool's results are continuously reviewed by a group of sustainability experts, including the TU Dublin Sustainability Office and sustainability champions from various schools. URL Reference: Ref1: https://www.tudublin.ie/study/professional-development/",,,text_long
Technological University Dublin,IL-18,IL,Bonus,Continuing Education Inventory,,Notes about the information provided for this credit,,,,not_reported
Technological University Dublin,IL-18,IL,Bonus,Continuing Education Inventory,,Additional documentation for this credit,,,,not_reported
Technological University Dublin,IL-30,IL,Bonus,Energy System Certification,,"Does the institution have an energy management system or electricity delivery system that is certified under ISO 50001, PEER, or an equivalent national or international standard approved by AASHE?",Yes,,,boolean
Technological University Dublin,IL-30,IL,Bonus,Energy System Certification,,Narrative and/or website URL providing information about the institution’s energy system certifications,"TU Dublin has been certified by NSAI that it has implemented and maintains an Energy Management System for the following scope: energy used under the control of TU Dublin at the locations of City Campus, Tallaght, Blanchardstown, Aungier Street and Bolton Street which fulfils the requirements of the following standards: I.S. EN ISO 50001:2018; issued on 9 Apr 2024, expires on 8 Apr 2027 (Ref 1). URL References: Ref 1: https://www.tudublin.ie/connect/campus-estates/energy/",,,text_long
Technological University Dublin,IL-30,IL,Bonus,Energy System Certification,,Has the institution successfully completed the US Department of Energy's 50001 Ready program or AASHE-approved equivalent?,,,,not_reported
Technological University Dublin,IL-30,IL,Bonus,Energy System Certification,,Narrative and/or website URL providing information about the institution’s participation in the 50001 Ready program or equivalent,,,,not_reported
Technological University Dublin,IL-30,IL,Bonus,Energy System Certification,,Notes about the information provided for this credit,,,,not_reported
Technological University Dublin,IL-30,IL,Bonus,Energy System Certification,,Additional documentation for this credit,,,,not_reported
Technological University Dublin,IL-31,IL,Bonus,GHG Verification,,Has at least one of the institution’s GHG emissions inventories completed within the previous three years been third party verified?,Yes,,,boolean
Technological University Dublin,IL-31,IL,Bonus,GHG Verification,,Narrative and/or website URL providing information about the third party verification of the institution’s GHG inventory,"Public bodies are required to report annual energy data to SEAI every year. SEAI manage the reporting process on behalf of the Department of the Environment, Climate and Communications (DECC). This is the tenth year SEAI have published an annual report on the energy performance of public bodies in Ireland. The 2023 report covers data for 2022 and is set in the context of Ireland's EU and national commitments and wider climate change goals, whereby a 51% reduction in energy-related greenhouse gas (GHG) emissions and a 50% improvement in energy efficiency is to be achieved by all Irish Public Bodies by 2030. Page 49 on (Ref 1). URL References: Ref 1: https://www.seai.ie/sites/default/files/publications/Public-Sector-Annual-Report-2023-English.pdf",,,text_long
Technological University Dublin,IL-31,IL,Bonus,GHG Verification,,Notes about the information provided for this credit,,,,not_reported
Technological University Dublin,IL-31,IL,Bonus,GHG Verification,,Additional documentation for this credit,,,,not_reported
Technological University Dublin,IL-48,IL,Bonus,Shared Mobility Program,,Does the institution have a program designed to incentivize the use of public transportation?,Yes,,,boolean
Technological University Dublin,IL-48,IL,Bonus,Shared Mobility Program,,Description of the institution’s programs designed to incentivize the use of public transportation,"TU Dublin provide supporting grants for Compulsory Travels (Ref 1). TU Dublin Blanchardstown Campus also operate a shuttle bus service at the low cost of 1.55€/ticket using the LeapCard or 2€/ticket in cash (Ref 2). There are also national schemes that we promote & support. The youth public transport card, student leap cards and tax saver ticket schemes. The latter is administrated within TU Dublin URL References: Ref 1: https://www.tudublin.ie/for-students/student-services-and-support/financial-support/aungier-st-bolton-st-grangegorman/compulsory-travel-scheme/ Ref 2: https://www.tudublin.ie/explore/our-campuses/blanchardstown/transportparking/",,,text_long
Technological University Dublin,IL-48,IL,Bonus,Shared Mobility Program,,Does the institution have a bicycle or scooter sharing program?,No,,,boolean
Technological University Dublin,IL-48,IL,Bonus,Shared Mobility Program,,Description of the institution’s bicycle or scooter sharing program,TU Dublin does not run its own bike share scheme but does link with local authority run schemes. The Dublin bikes scheme within the Dublin City Council jurisdiction has stations at each of TU Dublin's City campuses. In the suburban campuses local authority licenced bike share schemes are available on and around the campuses.,,,text_long
Technological University Dublin,IL-48,IL,Bonus,Shared Mobility Program,,Does the institution have a car sharing or carpool program?,No,,,boolean
Technological University Dublin,IL-48,IL,Bonus,Shared Mobility Program,,Description of the institution’s car sharing or carpool program,No Evidence,,,text
Technological University Dublin,IL-48,IL,Bonus,Shared Mobility Program,,Notes about the information provided for this credit,,,,not_reported
Technological University Dublin,IL-48,IL,Bonus,Shared Mobility Program,,Additional documentation for this credit,,,,not_reported
Technological University Dublin,IL-52,IL,Bonus,Sustainability-Equity Coordination,,Does the institution have at least one formal entity or mechanism that brings together staff with formal sustainability responsibilities and staff with formal equity and social justice responsibilities for purposes of joint coordination and planning?,Yes,,,boolean
Technological University Dublin,IL-52,IL,Bonus,Sustainability-Equity Coordination,,Narrative and/or website providing an overview of the institution’s sustainability-equity coordination,"The TU Dublin University Sustainability Council serves as a formal entity that unites staff responsible for sustainability with those focused on equity and social justice. This council facilitates coordinated planning and collaborative initiatives, ensuring that sustainability efforts are integrated with social equity and justice priorities across the university. (Ref 1) With Prof. Yvonne Galligan, the Director of Equality, Diversity, and Inclusion, serving as the Deputy Chair of the TU Dublin University Sustainability Council, TU Dublin highlights its commitment to aligning sustainability efforts closely with equity and social justice. This dual role reinforces the institution's dedication to integrated, interdisciplinary planning and collaboration across these critical areas. (Ref 2) URL References: Ref 1: https://www.tudublin.ie/explore/about-the-university/sustainability/about/news-and-events/tu-dublin-university-sustainability-council-inaugural-meeting.php Ref 2: https://www.tudublin.ie/explore/about-the-university/equality-and-diversity/about/meet-the-team/",,,text_long
Technological University Dublin,IL-52,IL,Bonus,Sustainability-Equity Coordination,,Notes about the information provided for this credit,,,,not_reported
Technological University Dublin,IL-52,IL,Bonus,Sustainability-Equity Coordination,,Additional documentation for this credit,,,,not_reported
Technological University Dublin,IL-56,IL,Bonus,Open and Shared Course Materials,,Does the institution host a peer-to-peer exchange program or lending library that is explicitly designed to ensure that students in financial need have access to required course material?,Yes,,,boolean
Technological University Dublin,IL-56,IL,Bonus,Open and Shared Course Materials,,Narrative and/or website URL providing an overview of the peer-to-peer course materials exchange program or lending library,Our library provide free access and lending to required course material to all our students. The Student Assistance Fund from the HEA (Ref 1) support all eligible students to get financial support to purchase books and class materials among many other expenditures. More TU Dublin Financial Suport information available here (Ref 2). URL References: Ref 1: https://hea.ie/funding-governance-performance/funding/student-finance/student-assistance-fund/ Ref 2: https://www.tudublin.ie/for-students/student-services-and-support/financial-support/,,,text_long
Technological University Dublin,IL-56,IL,Bonus,Open and Shared Course Materials,,"Does the institution provide incentives for academic employees that explicitly encourage the authorship, peer review, and/or adoption of open educational resources?",Yes,,,boolean
Technological University Dublin,IL-56,IL,Bonus,Open and Shared Course Materials,,Narrative and/or website URL that provides an overview of the institution’s incentives for open educational resources,"A wide range incentives for academic employees that explicitly encourage the authorship, peer review, and the adoption of open educational resources are avaiable (Ref 1) , (Ref 2) and (Ref 3). URL References: Ref 1: https://www.tudublin.ie/research-innovation/research/research-journey/ Ref 2: https://www.tudublin.ie/research-innovation/research/open-research/ Ref 3: https://www.tudublin.ie/library/library-support/",,,text_long
Technological University Dublin,IL-56,IL,Bonus,Open and Shared Course Materials,,Notes about the information provided for this credit,,,,not_reported
Technological University Dublin,IL-56,IL,Bonus,Open and Shared Course Materials,,Additional documentation for this credit,,,,not_reported
Technological University Dublin,IL-58,IL,Bonus,Universal Design,,Does the institution have published universal design (UD) guidelines or principles that exceed or are additional to regulatory compliance and apply to the entire institution?,Yes,,,boolean
Technological University Dublin,IL-58,IL,Bonus,Universal Design,,Narrative and/or website providing information about the institution’s universal design guidelines or principles,"TU Dublin have published guidelines and initiatives focused on Universal Design (UD) that go beyond regulatory compliance. The institution actively integrates Universal Design for Learning (UDL) principles across its curriculum and teaching practices. These guidelines aim to make learning accessible for all students by incorporating flexible teaching, assessment, and service provisions that cater to diverse learning needs. TU Dublin’s commitment is reinforced through initiatives under the N-TUTORR programme and the establishment of UDL as part of their Quality Framework, which supports inclusive teaching and learning practices throughout the university. (Ref 1), (Ref 2) Furthermore, TU Dublin has participated in national projects such as the ALTITUDE Universal Design Chart, which embeds UD principles to enhance accessibility across physical and digital environments. This emphasis on UD reflects TU Dublin’s broader commitment to inclusion, which aligns with their Strategic Intent and the UN Sustainable Development Goals, particularly SDG 4 for Quality Education​. (Ref 3) URL References: Ref 1: https://www.tudublin.ie/explore/about-the-university/academic-affairs/ntutorr/themes/universal-design-for-learning/ Ref 2: https://www.tudublin.ie/explore/about-the-university/academic-affairs/education-innovation-projects/past-projects/transform-edu/competencies/universal-design/ Ref 3: https://www.tudublin.ie/explore/about-the-university/academic-affairs/ntutorr/news-and-events/udl-masterclass-thurs-24th-oct--1230pm-online.php",,,text_long
Technological University Dublin,IL-58,IL,Bonus,Universal Design,,Notes about the information provided for this credit,,,,not_reported
Technological University Dublin,IL-58,IL,Bonus,Universal Design,,Additional documentation for this credit,,,,not_reported
Technological University Dublin,IL-62,IL,Bonus,Pay Scale Equity,,The factor by which the compensation of the highest compensated senior administrator exceeds that of the lowest compensated full-time employee,8.08,,8.08,number
Technological University Dublin,IL-62,IL,Bonus,Pay Scale Equity,,Narrative and/or website URL supporting the institution’s reported pay scale ratio,"According to TU Dublin's salary scales (Ref 1) published on 01 Oct 2024, the annual salary for the highest compensated senior administrator (the President) is €240,715 and the annual salary for the lowest compensated full-time employee (Clerical Officer/Library Assistant I/Grade 3) is €29,811. The compensation ratio is calculated as: Ratio = Highest Compensation / Lowest Compensation Ratio = 240,715 / 29,811 Ratio ≈ 8.08 TU Dublin's pay scale ratio is 8.08, which is less than 15. URL References: Ref 1: https://www.tudublin.ie/media/website/for-staff/human-resources/salary-scales/Salary-Scales---01.10.2024.pdf",,,text_long
Technological University Dublin,IL-62,IL,Bonus,Pay Scale Equity,,Notes about the information provided for this credit,,,,not_reported
Technological University Dublin,IL-62,IL,Bonus,Pay Scale Equity,,Additional documentation for this credit,,,,not_reported
