institution,credit_code,category,pillar,credit_name,section,field,value,units,value_numeric,value_type
"University of California, Berkeley",PRE-1,PRE,Preface,Executive Letter,,Executive cover letter,STARS_3.0_Executive_letter.pdf,,,text
"University of California, Berkeley",PRE-1,PRE,Preface,Executive Letter,,Notes about the information provided for this credit,"Meghan Fay Zahniser, Executive Director Association for the Advancement of Sustainability in Higher Education 2401 Walnut Street, Suite 102 Philadelphia, PA 19103 Dear Executive Director Zahniser: On behalf of the University of California, Berkeley, I am pleased to submit our documentation for AASHE’s Sustainability Tracking, Assessment, and Rating System (STARS), version 3.0. This submission represents a comprehensive and accurate account of our sustainability initiatives to the best of our knowledge at the time of submission. UC Berkeley’s 150-year commitment to the greater good drives our renowned scholarship and environmental solutions, making us one of the greenest public higher education institutions in the world. Deep campus engagement in environmental issues has been integral to our progress in sustainability. We are especially proud of the achievements of our students, faculty, and staff, which reflect our enduring spirit of innovation. Our core mission of teaching, research, and public service provides a unique opportunity to use the campus as a living laboratory for sustainability. UC Berkeley is consistently rated the top school in the world for environmental sciences, with departments across the campus—not just the renowned Rausser College of Natural Resources—producing groundbreaking scholarship. Offering over 900 sustainability-focused courses, we emphasize integrating sustainability across disciplines to foster sustainability literacy among our students. Our research laboratories are world leaders in advancing our understanding of climate change, as well as developing energy, environmental, and social solutions to address global challenges in the decades to come. Meanwhile, UC Berkeley’s vibrant environmental community embodies a diverse and inclusive culture of sustainability, celebrating diverse narratives while fostering problem-solving, interdisciplinarity, and leadership. Over 50 sustainability-related student groups and countless faculty initiatives engage in activities that drive institutional change. UC Berkeley’s sustainability commitment is reflected in our operations. We are accelerating a just and equitable transition to a resilient, clean energy, zero-carbon campus. This includes the design of a transformational project to replace our cogeneration heating infrastructure with a fully electrified system, dramatically reducing reliance on fossil fuels. We are on track to eliminate single-use plastics and offer viable alternatives by 2030, and we have infused sustainability into dining services with third-party-certified sustainably sourced meat, seafood, and plant-forward menus. Additionally, our campus lands are managed with virtually no chemicals or pesticides, demonstrating a holistic approach to sustainability. Throughout its history, UC Berkeley has stepped up to meet the challenges of the moment. Today, we continue to lead by setting ambitious goals and implementing cutting-edge strategies to address the pressing carbon reduction and clean energy transitions required. Our participation in STARS 3.0 reflects our commitment to advancing sustainability on campus and beyond. This version’s more rigorous framework underscores our dedication to tackling complex sustainability challenges while holding ourselves accountable to the highest standards. Building on the success of our previous STARS submission, we are proud to showcase our continued progress while identifying areas for future growth. This process highlights UC Berkeley’s efforts to integrate sustainability into our operations, academics, and community engagement. Thank you for the opportunity to partner with AASHE as we work toward making higher education a model for the transformative change our world urgently requires. Sincerely, Marc Fisher Vice Chancellor Administration",,,text_long
"University of California, Berkeley",PRE-2,PRE,Preface,Points of Distinction,,"Name of the institution’s featured sustainability program, initiative, or accomplishment",Berkeley Clean Energy Campus,,,text
"University of California, Berkeley",PRE-2,PRE,Preface,Points of Distinction,,"Narrative and/or website URL providing an overview of the institution’s featured program initiative, or accomplishment","UC Berkeley has been a leader in climate action for more than 15 years. Advancing its efforts further, the campus announced the Berkeley Clean Energy Campus, an ambitious project that will be its most significant climate effort to date. The project will create an entirely new energy microgrid for the campus that will be fully electric and largely eliminate the largest source of campus-related carbon emissions, a natural gas-fueled cogeneration plant that is nearing end-of-life. The new campus energy system will support increased operations, enrollment, and research efforts well into the future. The core of the Berkeley Clean Energy Campus project is replacement of the existing natural gas-fueled cogeneration plant with an electrified heat recovery system, including a centralized heating plant, geothermal wells, and thermal energy storage. A campus-wide steam distribution network from the cogeneration plant would be decommissioned and replaced with new hot and chilled water loops that provide more efficient heating and cooling to campus buildings. The buildings themselves will be converted to allow for the new water supply. Future phases of the Berkeley Clean Energy Campus will allow for implementation of distributed energy resources, including solar PV, battery storage, and generators, providing the campus far greater resilience capabilities. The Berkeley Clean Energy Campus aligns with the State of California’s and the University of California’s aggressive climate goals. The project will serve as a global model and demonstrate that large-scale greenhouse gas reductions can be successfully achieved in a relatively short time frame. The Integrated Resource and Activation Plan (IRAP) envisions this transformation could be undertaken in two phases that would reduce campus carbon emissions (Scope 1 and Scope 2) 85% by 2035. Supported by a $249 million lead capital investment by the State of California, the Berkeley Clean Energy Campus project is progressing on schedule. Design and engineering studies are underway. The UC Board of Regents has approved pre-construction funding for the first phase and, following approval of the project’s final design and environmental review, construction is slated to begin in 2026. URL: https://cleanenergycampus.berkeley.edu/ Credit: OP-5: Energy Use",,,text_long
"University of California, Berkeley",PRE-2,PRE,Preface,Points of Distinction,,"A photograph or document associated with the featured program, initiative, or accomplishment",,,,not_reported
"University of California, Berkeley",PRE-2,PRE,Preface,Points of Distinction,,"Name of a second featured sustainability program, initiative, or accomplishment",Single-Use Plastic Elimination Policy,,,text
"University of California, Berkeley",PRE-2,PRE,Preface,Points of Distinction,,"Narrative and/or website URL providing an overview of the second featured program initiative, or accomplishment","In April 2020, then-UC Berkeley Chancellor Carol Christ announced the country's most ambitious commitment to eliminating single-use plastics. The initiative aims to phase out all non-essential single-use plastics with viable alternatives by 2030. Unlike typical plastic bans that target items like bottles, foodware, and plastic bags, UC Berkeley's approach addresses a broader range of products and packaging used across academics, research, administration, giveaways, and events. This includes commonly overlooked items such as chip bags, laboratory plastics, and packaging. By tackling these challenges, the initiative promotes upstream circular economy solutions, transitions to reusable alternatives, and reinforces UC Berkeley’s leadership in sustainability and zero-waste practices. The campus has formed a Single Use Plastics Working Group made up of diverse campus stakeholders to develop key strategies in purchasing, contracts, and tasked to create a roadmap to meet the 2030 goal. Single-Use Plastics Elimination Projects: Reusable Cups at California Memorial Stadium: Implemented for the football season. UC Phasing Out Single-Use Plastics Zero Waste Catering Competition: Challenged caterers to create a nutritious meal using a reusable container. Article Pepsi Vending Machine Stickers: Promoting and educating about the elimination of single-use plastics. Researching Circularity for Plastic Mailers: Collaboration with UC Berkeley Strategic Sourcing, Amazon, and Dow. Sustainable Water Packaging: Working with Amazon and Blaisdells Business Products to source aluminum bottles and cans for campus use. Reusable Graduation Gown Program: Transitioning to a rental model, with full implementation planned for 2026. Zero Waste Lab Program: Partnering with Polycarbin to recycle single-use lab plastics and repurchase recycled products. Reusable To-Go Ware Expansion: Partnering with Buoy and Foodware at multiple campus cafes. Plastic Bottle Elimination in Retail & Vending: Implementation of aluminum bottle options, except for some Gatorade products. Reusable Catering Initiatives: Goldman School of Public Policy and Berkeley Catering piloted reusable Buoy containers for student orientation. Berkeley Dining Initiatives: Providing reusable utensil kits to all students and transitioning away from compostable plastics. Strategic Sourcing’s Reusables Initiative: Staff provided with reusable dishware and utensil kits for events. Campus-Wide Reusable Washing Infrastructure: The SUP Elimination Working Group and ASUC are developing centralized washing stations. Zero Waste Lab: Students support zero-waste initiatives, including dining hall waste reduction and sustainable product research. Haas School of Business Highlights: The Evening and Weekend MBA Program has successfully used real cutlery for Saturday lunches, eliminating an estimated 13,600 single-use plastic flatware items over the past year. Chou Hall achieved Zero Waste TRUE certification. The Haas group collaborates with Fill it Forward, achieving 3,629 scans for Berkeley Haas. To date, 11.5k FoodWare reusable containers have been used. Policy language: https://drive.google.com/file/d/1rQ1b44LSIgHolMzRDpqSRMWVGnFZkg1M/view Press release: https://sustainability.berkeley.edu/news/university-california-berkeley-leads-way-country%E2%80%99s-strongest-single-use-plastic-ban URL: https://sustainability.berkeley.edu/zero-waste URL: zerowaste.berkeley.edu Credits: OP-12: Waste Generation and Recovery, OP-11: Materials Management",,,text_long
"University of California, Berkeley",PRE-2,PRE,Preface,Points of Distinction,,"A photograph or document associated with the second featured program, initiative, or accomplishment",,,,not_reported
"University of California, Berkeley",PRE-2,PRE,Preface,Points of Distinction,,"Name of a third featured sustainability program, initiative, or accomplishment",Herbicide-Free UC,,,text
"University of California, Berkeley",PRE-2,PRE,Preface,Points of Distinction,,"Narrative and/or website URL providing an overview of the third featured program initiative, or accomplishment","Herbicide-Free UC works to eliminate the use of toxic herbicides across all University of California campuses through three main strategies: Gardener Support & Engagement, Student Education, and Research. The campaign empowers students to build strong relationships with campus gardeners, understand landscaping needs, and provide the specific information and resources gardeners require to reduce herbicide use. It also offers support in the form of data, student engagement, financial assistance, and training in alternative maintenance methods. To institutionalize these efforts, Herbicide-Free UC helps develop consensus-based policies and a system-wide best practices guide to support sustainable landscaping at UC campuses. Herbicide-Free Campus was co-founded by Mackenzie Feldman and Bridget Gustafson at UC Berkeley in 2017. Their advocacy led to a major milestone in May 2019, when the University of California banned glyphosate-based herbicides at all UC locations. UC President Janet Napolitano cited ""concerns about possible human health and ecological hazards"" as the reason for this decision. Since then, UC Berkeley’s Landscape Services department has eliminated the use of glyphosate-based herbicides and minimized the use of all other herbicides. For the past three years, herbicide use on the core campus has been nearly eliminated. Instead, gardeners and the Landscape Services team manage weeds through alternative methods such as sheet mulching, hand-pulling, fogging, and seasonal weed whipping. These efforts are supported by student groups, volunteers, and contractors who assist with manual weed removal. Additionally, the department exclusively uses organic fertilizers for turf maintenance, and 10 gardeners have earned certification in regenerative landscape management, directly advancing Herbicide-Free UC’s goals of education and training. Herbicide-free practices across the UC system are now overseen by the Systemwide Pesticide Oversight Committee (SPOC). This committee, which includes experts in agriculture, toxicology, environmental health, sustainability, and facilities management, implements the recommendations of the 2020 Herbicide Task Force report and manages UC’s Integrated Pest Management Policy. SPOC also monitors pesticide use and reports on system-wide practices. UC Berkeley’s leadership in sustainable landscaping was featured on KPFA 94.1’s Terra Verde show on November 22, 2024. During the interview, Lydia Woltjer and Mackenzie Feldman highlighted organic landscaping practices and how they have shifted the campus toward regenerative and sustainable solutions. Together, Herbicide-Free UC, gardeners, and the Landscape Services department continue to champion non-toxic, ecologically responsible landscaping practices across the University of California system. UC Herbicide Task Force Report and Recommendations: https://www.ucop.edu/safety-and-loss-prevention/_files/groups/herbicide-task-force-report.pdf Systemwide Pesticide Oversight Committee: https://www.ucop.edu/safety-and-loss-prevention/environmental/groups/spoc.html#:~:text=The%20University%20of%20California%20Systemwide,%2C%20Sustainability%2C%20and%20Facilities%20Management . Herbicide Free Campus: https://www.herbicidefreecampus.org/ Article, ""UC system suspends glyphosate herbicide use in light of student campaign"": https://www.dailycal.org/2019/05/23/uc-system-suspends-glyphosate-herbicide-use-in-light-of-student-campaign/ Other press: https://www.independentsciencenews.org/news/university-of-california-system-halts-use-of-glyphosate-herbicide/#:~:text=University%20of%20California%20President%20Janet,over%20700%20other%20commercial%20herbicides . URL: https://facilities.berkeley.edu/herbicide-free-uc ReWild Organic Ground Certification Gold Level Credit: OP-4: Ecologically Managed Grounds",,,text_long
"University of California, Berkeley",PRE-2,PRE,Preface,Points of Distinction,,"A photograph or document associated with the third featured program, initiative, or accomplishment",,,,not_reported
"University of California, Berkeley",PRE-2,PRE,Preface,Points of Distinction,,Notes about the information provided for this credit,"UC Berkeley Facilities Services, Office of Sustainability, Single-Use Plastics Elimination Working Group",,,text
"University of California, Berkeley",PRE-3,PRE,Preface,Institutional Characteristics,,Institution type,Doctoral/Research,,,text
"University of California, Berkeley",PRE-3,PRE,Preface,Institutional Characteristics,,Institutional control,Public,,,text
"University of California, Berkeley",PRE-3,PRE,Preface,Institutional Characteristics,,Narrative outlining the institutional boundary used to complete this report,"The institutional boundary used in this report includes those for operational purposes the campus retains operational control. This includes UC Berkeley's main campus covering 178 acres in the City of Berkeley, the Hill campus east and adjacent to the main campus, the Richmond Field Station and other stations/reserves operated by the campus, and buildings owned by the campus in various locations.",,,text_long
"University of California, Berkeley",PRE-3,PRE,Preface,Institutional Characteristics,,Which of the following features are included within the institutional boundary?,Museum,,,text
"University of California, Berkeley",PRE-3,PRE,Preface,Institutional Characteristics,,Locale,Mid-size city,,,text
"University of California, Berkeley",PRE-3,PRE,Preface,Institutional Characteristics,,Climate zone,3 - Warm,,,text
"University of California, Berkeley",PRE-3,PRE,Preface,Institutional Characteristics,,Gross floor area of building space,"1,503,129.29",Square meters,1503129.29,number
"University of California, Berkeley",PRE-3,PRE,Preface,Institutional Characteristics,,Full-time equivalent student enrollment,"44,578",,44578.0,number
"University of California, Berkeley",PRE-3,PRE,Preface,Institutional Characteristics,,Full-time equivalent of employees,"13,678",,13678.0,number
"University of California, Berkeley",PRE-3,PRE,Preface,Institutional Characteristics,,Percentage of students that live in campus housing,21.90,,21.9,number
"University of California, Berkeley",PRE-3,PRE,Preface,Institutional Characteristics,,Percentage of students enrolled exclusively in distance education,3,,3.0,number
"University of California, Berkeley",PRE-3,PRE,Preface,Institutional Characteristics,,Notes about the information provided for this credit,Office of Sustainabiltiy,,,text
"University of California, Berkeley",PRE-3,PRE,Preface,Institutional Characteristics,,Additional documentation for this credit,,,,not_reported
"University of California, Berkeley",PRE-4,PRE,Preface,Reporting Methodologies,,Narrative outlining the data collection process used in the preparation of this report,"The Office of Sustainability at UC Berkeley led the data collection process for the STARS 3.0 report, utilizing various internal and external tools and platforms to gather and analyze data. This collaborative effort involved multiple campus departments, each providing essential input to ensure comprehensive reporting across all STARS categories. 1. Initial Planning and Stakeholder Engagement. The process began with strategic planning sessions to establish timelines, assign responsibilities, and clarify data requirements. Representatives from departments such as Facilities Services, Residential Life, Procurement, Energy and Utilities, and Academic Affairs joined the data collection team, working closely with the Office of Sustainability to set up a systematic approach for gathering information. 2. Data Collection and Verification. The Office of Sustainability distributed detailed data request templates, and each department identified primary contacts to gather specific data points. Data inputs from various departments were centralized in Shared Good Forms, organized by STARS sections to facilitate easy access and tracking. This centralized platform allowed departments to input data directly, improving efficiency and accuracy in data management. 3. Use of Analytical Tools and Platforms. In addition to the Shared Good Forms, a range of analytical tools and platforms were used to process and validate data. These tools supported efficient data handling, quality checks, and trend analysis, helping to ensure data accuracy before it was compiled into the report. 4. Consolidation, Cross-Referencing, and Supporting Evidence. The Office of Sustainability consolidated the submitted data into a central database, cross-referencing information across departments to ensure consistency. Each response was further supported with documentation, such as policies, procedural documents, and reports, to provide evidence for specific claims and metrics required by STARS. 5. Final Review and Submission. Once data consolidation and verification were complete, the Office of Sustainability conducted a final review with department leads and senior administration. Following this review, the completed report was submitted to AASHE. The final data will inform future improvements and sustainability planning at UC Berkeley.",,,text_long
"University of California, Berkeley",PRE-4,PRE,Preface,Reporting Methodologies,,List of personnel who led the reporting process,"Marina Zdobnova, Sustainability Data and Program Manager, Office of Sustainability Ashley Smiley, Postodoctoral Fellow, Office of Sustainabiltiy",,,text
"University of California, Berkeley",PRE-4,PRE,Preface,Reporting Methodologies,,List of additional personnel who contributed to the reporting process,,,,not_reported
"University of California, Berkeley",PRE-4,PRE,Preface,Reporting Methodologies,,Were students involved in the data collection process?,Yes,,,boolean
"University of California, Berkeley",PRE-4,PRE,Preface,Reporting Methodologies,,Narrative outlining how students were involved in the data collection process,"Several students were actively involved in the data collection process for the STARS 3.0 report. Their contributions included work on multiple sections including Climate Resiliency, Biodiversity studies, Student Engagement, and assisting with data validation.",,,text_long
"University of California, Berkeley",PRE-4,PRE,Preface,Reporting Methodologies,,Description of the internal data quality controls used in the preparation of this report,"The preparation of UC Berkeley’s STARS 3.0 report involved multiple layers of internal data quality control to ensure accuracy and consistency. Key controls included: Departmental Review: Each department reviewed and verified its data submissions before sending them to the Office of Sustainability. This initial review helped to catch discrepancies and ensure data was accurate at the source. Cross-Referencing: The Office of Sustainability cross-checked data across departments for consistency, particularly for complex metrics such as greenhouse gas emissions and energy usage, which may overlap across categories. Documentation Requirements: Departments were asked to provide supporting documentation (e.g., policies, reports, procedural documents) for data points, which allowed for further verification and validation of reported data. Centralized Data Collection Platforms: Data was gathered and managed using centralized platforms like Shared Good Forms, organized by section. This ensured that data entry was consistent and reduced the risk of errors in transferring information. Final Review by Senior Staff: The compiled data underwent a final review by senior staff and administrators in the Office of Sustainability, who conducted a last check for accuracy and completeness before submission.",,,text_long
"University of California, Berkeley",PRE-4,PRE,Preface,Reporting Methodologies,,Were any independent audits or external assurance processes used in the preparation of this report?,No,,,boolean
"University of California, Berkeley",PRE-4,PRE,Preface,Reporting Methodologies,,Narrative outlining the independent audits or external assurance processes used in the preparation of this report,,,,not_reported
"University of California, Berkeley",PRE-4,PRE,Preface,Reporting Methodologies,,Notes about the information provided for this credit,Office of Sustainability,,,text
"University of California, Berkeley",PRE-4,PRE,Preface,Reporting Methodologies,,Additional documentation for this credit,,,,not_reported
"University of California, Berkeley",AC-1,AC,Context,Sustainability Course Offerings,,Total number of academic departments that offer courses that may be taken for credit,129,,129.0,number
"University of California, Berkeley",AC-1,AC,Context,Sustainability Course Offerings,,Number of academic departments with at least one sustainability course offering,113,,113.0,number
"University of California, Berkeley",AC-1,AC,Context,Sustainability Course Offerings,,Annotated list or inventory of the institution’s sustainability course offerings by department,Final_STARS_Course__Department_File_2024.2.10.2024.xlsx,,,text
"University of California, Berkeley",AC-1,AC,Context,Sustainability Course Offerings,,Description of the process used to identify the institution’s sustainability course offerings by department,"Courses were identified as Sustainability Focused or Related based on a review of their title and course description from the UC Berkeley Guide. Using a programmed word search, we first identified any courses that contained at least one sustainability related word from the STARS recommended word list. All courses were then manually reviewed by Berkeley Sustainability Office staff for final categorization. This year's submission maintained the categorization of courses completed for the 2020 submission, based on title and description in the Berkeley guide. Any new courses added since then were reviewed in 2024. An important note on this year's methohdology is that unlike in prior years, no attempt was made to review the ""Special Titles"" and one time course descriptions used for courses with rotating one time topics.",,,text_long
"University of California, Berkeley",AC-1,AC,Context,Sustainability Course Offerings,,Percentage of departments with sustainability course offerings,87.60,,87.6,number
"University of California, Berkeley",AC-1,AC,Context,Sustainability Course Offerings,,Points earned for indicator AC 1.1,7.01,,7.01,number
"University of California, Berkeley",AC-1,AC,Context,Sustainability Course Offerings,,Does the institution maintain a public multidisciplinary listing of its sustainability course offerings as a resource for current and prospective students?,Yes,,,boolean
"University of California, Berkeley",AC-1,AC,Context,Sustainability Course Offerings,,Online location where the institution’s sustainability course listings are maintained,https://sustainability.berkeley.edu/engage/take-classes,,,url
"University of California, Berkeley",AC-1,AC,Context,Sustainability Course Offerings,,Publication where the institution’s sustainability course listings are maintained,2005_Campus_Sustainability_Assessment.pdf,,,text
"University of California, Berkeley",AC-1,AC,Context,Sustainability Course Offerings,,Description of the process used to create and maintain the institution’s sustainability course listings,"https://sustainability.berkeley.edu/engage/take-classes Subject matter experts were consulted to access the database of course offerings at UC Berkeley: Dr. Kira Blaisdell-Sloan and Matthew Betts from the UC Berkeley Office of Planning & Analysis. Their office utilized custom queries that search for AASHE's curated list of sustainability keywords within the course catalog descriptions. Courses are flagged as sustainability-focused and sustainability-inclusive based on the presence or absence of said keywords. The output of the query is then reviewed and validated by four UC Berkeley undergraduate sustainability fellows in order to confirm if the results of the query are accurate. Each year, as courses are discontinued or created, the sustainability course offerings list is updated. Graduate courses are those numbered 200 and above. Some courses were offered in undergraduate and graduate versions. “Focused”: a course that views topics through the lens of sustainability. This does not mean that the word “sustainability” needs to be in the course description, it simply means that the topics of the course almost exclusively pertain to the definition of sustainability from above. “Inclusive”: a course that devotes at least one unit or section to a sustainability topic or has direct applications in sustainability fields.",,,url
"University of California, Berkeley",AC-1,AC,Context,Sustainability Course Offerings,,Points earned for indicator AC 1.2,3,,3.0,number
"University of California, Berkeley",AC-1,AC,Context,Sustainability Course Offerings,,Does the institution provide incentives for individual academic staff working to integrate sustainability into the curriculum to pursue relevant professional development and/or training?,Yes,,,boolean
"University of California, Berkeley",AC-1,AC,Context,Sustainability Course Offerings,,Narrative and/or website URL providing an overview of the incentives provided for individual academic staff to integrate sustainability into the curriculum,"UC Berkeley has entire schools and colleges dedicated to issues related to sustainability, such as the Rausser College of Natural Resources and the College for Environmental Design. Faculty and other instructors are compensated specifically to teach sustainability issues in programs of study dedicated to sustainability. In addition, they are compensated to partner with other schools and colleges to integrate issues of sustainability into general courses and interdisciplinary programs . For example, the College of Computing, Data Science, and Society offers interdisciplinary programs of study for undergraduate data science majors in Environment, Resource Management, and Society as well as Sustainable Development and Engineering . These programs of study are multidisciplinary in nature, where departments such as history or economics run courses to examine sustainability through the lens of their discipline. Additionally, academic staff are recognized for their efforts through sustainability reporting. The Chancellor's Advisory Committe on Sustainability gives awards to UC Berkeley faculty, instructors, staff and students during Earth Month's Annual Sustainabiltiy Summit and the Annual Sustainabiltiy Awards program. Among other categories awardees are those who work on including sustainabiltiy into the graduate and undergraduate curriculum, including DeCal Sustainability Courses. https://sustainability.berkeley.edu/news/uc-berkeley-celebrated-2024-cacs-sustainability-awardees ]",,,text_long
"University of California, Berkeley",AC-1,AC,Context,Sustainability Course Offerings,,"Does the institution host an ongoing multidisciplinary community of practice, sustainability across the curriculum training program, or equivalent support program for academic staff who are working to integrate sustainability into the curriculum?",Yes,,,boolean
"University of California, Berkeley",AC-1,AC,Context,Sustainability Course Offerings,,"Narrative and/or website URL providing an overview the institution’s sustainability-focused community of practice, sustainability across the curriculum training program, or equivalent support program","The Office of Sustainability, in partnership with faculty from across campus disciplines, offers annual workshops to support and incentivize other faculty to integrate the sustainability concepts into courses. Sustainabiltiy Training and Workshops: https://sustainability.berkeley.edu/office-sustainability/os-projects See an example of a workshop flyer: https://drive.google.com/file/d/17pjzglcV-QWCOhRH8AjWwh8l8bStvOcp/view The workshops focus on incentivizing and supporting other teachers to integrate the concept of sustainability into their courses, with the goal of improving student literacy in sustainability and climate change solutions. Over 50 instructors have participated so far from a range of disciplines including non-traditional sustainability fields. The broad campus impact is apparent, results from just one workshop included 11 courses transformed with sustainability concepts, with a combined student impact of nearly 1,000 students! Academic staff are incentivized to integrate the concept of sustainability into their courses. • Brainstorm ideas for including sustainability principles in curricula across campus – from art history to literature to gender studies to environmental science • Expand the range and definitions of sustainability beyond traditional disciplines • Leave with creative, concrete ways to help your students explore important sustainability concepts A toolkit of resources is provided to participants, and the organizing group offers follow-up and check-in's to support collaborative thinking for developing sustainability courses. The workshop is offered free of charge. The participating staff is recognized via sustainability reporting.",,,text_long
"University of California, Berkeley",AC-1,AC,Context,Sustainability Course Offerings,,Points earned for indicator AC 1.3,3,,3.0,number
"University of California, Berkeley",AC-1,AC,Context,Sustainability Course Offerings,,Notes about the information provided for this credit,"The information for sustainability course offerings was collected via a UC Berkeley course inventory from 2021-2024 filtering for items that qualified as sustainability-focused or sustainability-related courses. UC Berkeley Office of Sustainability undergraduate fellows classified the courses as sustainability-related or -focused based on the descriptions provided in the STARS technical manual. All courses that were either -focused or -related were counted as a sustainability offering. The resulting courses were then analyzed by the school's Office of Planning and Analysis to calculate the percentage of total departments that had at least one sustainability course offering. The Office of Planning and Analysis (OPA) is UC Berkeley's central institutional research unit. The OPA supports data-informed decision making to help UC Berkeley better fulfill its goals of access and excellence through teaching, research, and public service.",,,text_long
"University of California, Berkeley",AC-1,AC,Context,Sustainability Course Offerings,,Additional documentation for this credit,,,,not_reported
"University of California, Berkeley",AC-2,AC,Context,Undergraduate Programs,,Has the institution established institutional learning outcomes for its undergraduate students?,Yes,,,boolean
"University of California, Berkeley",AC-2,AC,Context,Undergraduate Programs,,Online resource detailing the institutional learning outcomes for undergraduate students,https://guide.berkeley.edu/undergraduate/education/#earningyourdegreetext,,,url
"University of California, Berkeley",AC-2,AC,Context,Undergraduate Programs,,Publication detailing the institutional learning outcomes for undergraduate students,UCB_Sustainability_Learning_Outcomes_AY_2020-21_to_2022-23_YDcnrUK_Updated.xlsx,,,text
"University of California, Berkeley",AC-2,AC,Context,Undergraduate Programs,,Are one or more of the institutional learning outcomes for undergraduate students sustainability-focused?,No,,,boolean
"University of California, Berkeley",AC-2,AC,Context,Undergraduate Programs,,Text of each institutional learning outcome for undergraduate students that qualifies as sustainability-focused,,,,not_reported
"University of California, Berkeley",AC-2,AC,Context,Undergraduate Programs,,Are one or more of the institutional learning outcomes for undergraduate students sustainability-supportive?,Yes,,,boolean
"University of California, Berkeley",AC-2,AC,Context,Undergraduate Programs,,Text of each institutional learning outcome for undergraduate students that qualifies as sustainability-supportive,"The American Cultures requirement is a Berkeley campus requirement, one that all undergraduate students at Berkeley need to pass in order to graduate. The requirement was instituted in 1991 to introduce students to the diverse cultures of the United States through a comparative framework. Courses are offered in more than fifty departments in many different disciplines at both the lower and upper division level. The American Cultures requirement and courses constitute a new approach that responds directly to the problem encountered in numerous disciplines of how better to present the diversity of American experience to the diversity of American students whom we now educate. Faculty members from many departments teach American cultures courses, but all courses have a common framework. The courses focus on themes or issues in United States history, society, or culture; address theoretical or analytical issues relevant to understanding race, culture, and ethnicity in American society; take substantial account of groups drawn from at least three of the following: African Americans, Indigenous peoples of the United States, Asian Americans, Chicano/Latino Americans, and European Americans; and are integrative and comparative in that students study each group in the larger context of American society, history, or culture. These courses focus upon how the diversity of America's constituent cultural traditions have shaped and continue to shape American identity and experience. This is not an ethnic studies requirement, nor a Third World cultures requirement, nor an adjusted Western civilization requirement, nor a course on racism. The American Cultures requirement meets the STARS definition of sustainability-supportive in the following ways: - Students will be able to demonstrate an understanding of the nature of systems. - Students will have an understanding of their social responsibility as future professionals and citizens. - Students will be able to accommodate individual differences in their decisions and actions and be able to negotiate across these differences. - Students will be able to analyze power, structures of inequality, and social systems that govern individual and communal life. - Students will be able to recognize the global implications of their actions. https://guide.berkeley.edu/undergraduate/colleges-schools/chemistry/american-cultures-requirement/",,,text_long
"University of California, Berkeley",AC-2,AC,Context,Undergraduate Programs,,Points earned for indicator AC 2.1,2,,2.0,number
"University of California, Berkeley",AC-2,AC,Context,Undergraduate Programs,,"Does the institution offer at least one sustainability-focused degree, certificate, or major for undergraduate students?",Yes,,,boolean
"University of California, Berkeley",AC-2,AC,Context,Undergraduate Programs,,"List and description of the institution’s sustainability-focused degrees, certificates, and majors for undergraduate students","Undergraduate List: 2nd tab titled, ""sustainability-focused degrees"" https://docs.google.com/spreadsheets/d/1ZRhOloPuCnpx1k71X_1dpKIKQUE9h0P5/edit?gid=2121161994#gid=2121161994",,,text
"University of California, Berkeley",AC-2,AC,Context,Undergraduate Programs,,Does the institution offer at least one sustainability-focused concentration or minor for undergraduate students?,Yes,,,boolean
"University of California, Berkeley",AC-2,AC,Context,Undergraduate Programs,,List and description of the institution’s sustainability-focused concentrations and minors for undergraduate students,"Undergraduate List: 3rd tab titled, ""sustainability-focused minors"" https://docs.google.com/spreadsheets/d/1ZRhOloPuCnpx1k71X_1dpKIKQUE9h0P5/edit?gid=2121161994#gid=2121161994",,,text
"University of California, Berkeley",AC-2,AC,Context,Undergraduate Programs,,Does the institution offer at least one undergraduate qualification focused on a subject other than sustainability that has a sustainability-focused learning requirement?,Yes,,,boolean
"University of California, Berkeley",AC-2,AC,Context,Undergraduate Programs,,List and description of the institution’s undergraduate qualifications focused on subjects other than sustainability that have sustainability-focused learning requirements,"Undergraduate List: 4th tab titled, ""one sustainability-focused course learning requirement"" https://docs.google.com/spreadsheets/d/1ZRhOloPuCnpx1k71X_1dpKIKQUE9h0P5/edit?gid=2121161994#gid=2121161994",,,text
"University of California, Berkeley",AC-2,AC,Context,Undergraduate Programs,,Points earned for indicator AC 2.2,4,,4.0,number
"University of California, Berkeley",AC-2,AC,Context,Undergraduate Programs,,Performance year for undergraduate qualifications,2023,,2023.0,year
"University of California, Berkeley",AC-2,AC,Context,Undergraduate Programs,,Total number of undergraduate qualifications awarded,"26,330",,26330.0,number
"University of California, Berkeley",AC-2,AC,Context,Undergraduate Programs,,Number of undergraduate qualifications awarded that are sustainability-focused,"15,885",,15885.0,number
"University of California, Berkeley",AC-2,AC,Context,Undergraduate Programs,,Number of undergraduate qualifications awarded that are focused on subjects other than sustainability but have sustainability-focused learning requirements,0,,0.0,number
"University of California, Berkeley",AC-2,AC,Context,Undergraduate Programs,,Total number of undergraduate qualifications awarded that have sustainability-focused learning requirements,"15,885",,15885.0,number
"University of California, Berkeley",AC-2,AC,Context,Undergraduate Programs,,Percentage of undergraduate qualifications awarded that have sustainability-focused learning requirements,60.33,,60.33,number
"University of California, Berkeley",AC-2,AC,Context,Undergraduate Programs,,Points earned for indicator AC 2.3,4.22,,4.22,number
"University of California, Berkeley",AC-2,AC,Context,Undergraduate Programs,,Notes about the information provided for this credit,Subject matter experts are consulted to access the database of course offerings at UC Berkeley - Dr. Kira Blaisdell-Sloan and Matthew Betts from the UC Berkeley Office of Planning & Analysis. https://docs.google.com/spreadsheets/d/1ZRhOloPuCnpx1k71X_1dpKIKQUE9h0P5/edit?gid=2121161994#gid=2121161994 https://docs.google.com/spreadsheets/d/193D_hGDoVVYjc3hPPNekSgwoHpzbCaTc/edit?usp=sharing&ouid=105826157914045237014&rtpof=true&sd=true,,,text_long
"University of California, Berkeley",AC-2,AC,Context,Undergraduate Programs,,Additional documentation for this credit,,,,not_reported
"University of California, Berkeley",AC-3,AC,Context,Graduate Programs,,Does the institution offer at least one sustainability-focused degree or major for graduate students?,Yes,,,boolean
"University of California, Berkeley",AC-3,AC,Context,Graduate Programs,,List and description of the institution’s sustainability-focused degrees and majors for graduate students,"Example: Forestry The Master of Forestry (MF) degree is the advanced professional forestry degree granted by the Department of Environmental Science, Policy, and Management (ESPM). The student who has completed an undergraduate curriculum in forestry is usually broadly trained in the principles of forestry but has not yet developed proficiency in the application of these principles to diverse problems involved in professional practice. The Master of Forestry program is designed to advance the student's understanding of the essentials of professional forest management at the graduate level within the context of resource and environmental planning of sustainable systems. https://ourenvironment.berkeley.edu/ https://guide.berkeley.edu/graduate/degree-programs/forestry/ Graduate List: 2nd tab, ""sustainability-focused programs"" https://docs.google.com/spreadsheets/d/1TVyKpfwfF76dsP3z_OQCRz-6iRQrEmfV/edit?gid=1562775526#gid=1562775526",,,text_long
"University of California, Berkeley",AC-3,AC,Context,Graduate Programs,,"Does the institution offer at least one sustainability-focused certificate, concentration, or minor for graduate students?",Yes,,,boolean
"University of California, Berkeley",AC-3,AC,Context,Graduate Programs,,"List and description of the institution’s sustainability-focused certificates, concentrations, and minors for graduate students","Example: Food Systems Graduate Certificate The Graduate Certificate in Food Systems (GCFS) responds to an escalating need to empower new leaders with the capacity to create innovative solutions to pressing food and agriculture challenges. Building on UC Berkeley’s strength as a multi-disciplinary pioneer in food systems studies, the Certificate in Food Systems prepares Masters and Doctoral students to think critically about the multi-level, multi-system factors that affect food production, distribution, and consumption locally, nationally, and globally. This interdisciplinary program complements students’ primary fields of study by addressing the ecological, social, health, political, policy, legal, and economic dimensions of food and agriculture and providing graduates with the necessary theoretical framework and practical skills that can be applied across diverse and emerging food-systems challenges. https://guide.berkeley.edu/graduate/degree-programs/food-systems/ Graduate List: 2nd tab, ""sustainability-focused programs"" https://docs.google.com/spreadsheets/d/1TVyKpfwfF76dsP3z_OQCRz-6iRQrEmfV/edit?gid=1562775526#gid=1562775526",,,text_long
"University of California, Berkeley",AC-3,AC,Context,Graduate Programs,,Does the institution offer at least one graduate qualification focused on a subject other than sustainability that has a sustainability-focused learning requirement?,Yes,,,boolean
"University of California, Berkeley",AC-3,AC,Context,Graduate Programs,,List and description of the institution’s graduate qualifications focused on subjects other than sustainability that have sustainability-focused learning requirements,"Example: Public Policy All Graduate Degrees Required Course - The Economics of Public Policy Analysis (PP210A-210B): Concepts of microeconomic behavior of producers, consumers, and government agencies are applied to specific policy areas. The effects of policy alternatives are assessed by such criteria as the efficiency and equity of resource allocation, impact on income distribution, and effectiveness in achieving policy goals. https://gspp.berkeley.edu/programs/masters-of-public-policy-mpp Graduate List: 3rd tab titled, ""sustainability-focused learning"" https://docs.google.com/spreadsheets/d/1TVyKpfwfF76dsP3z_OQCRz-6iRQrEmfV/edit?gid=1562775526#gid=1562775526",,,text_long
"University of California, Berkeley",AC-3,AC,Context,Graduate Programs,,Points earned for indicator AC 3.1,4,,4.0,number
"University of California, Berkeley",AC-3,AC,Context,Graduate Programs,,Performance year for graduate qualifications,2023,,2023.0,year
"University of California, Berkeley",AC-3,AC,Context,Graduate Programs,,Total number of graduate qualifications awarded,"14,185",,14185.0,number
"University of California, Berkeley",AC-3,AC,Context,Graduate Programs,,Number of graduate qualifications awarded that are sustainability-focused,"7,158",,7158.0,number
"University of California, Berkeley",AC-3,AC,Context,Graduate Programs,,Number of graduate qualifications awarded that are focused on subjects other than sustainability but have sustainability-focused learning requirements,0,,0.0,number
"University of California, Berkeley",AC-3,AC,Context,Graduate Programs,,Total number of graduate qualifications awarded that have sustainability-focused learning requirements,"7,158",,7158.0,number
"University of California, Berkeley",AC-3,AC,Context,Graduate Programs,,Percentage of graduate qualifications awarded that have sustainability-focused learning requirements,50.46,,50.46,number
"University of California, Berkeley",AC-3,AC,Context,Graduate Programs,,Points earned for indicator AC 3.2,4,,4.0,number
"University of California, Berkeley",AC-3,AC,Context,Graduate Programs,,Notes about the information provided for this credit,"Information about degree programs, certificates and designated emphases was gathered through publicly available sources provided by each of the departments and programs websites. Subject matter experts are consulted to access the database of course offerings and learning outcomes at UC Berkeley - Dr. Kira Blaisdell-Sloan and Matthew Betts from the UC Berkeley Office of Planning & Analysis. https://docs.google.com/spreadsheets/d/193D_hGDoVVYjc3hPPNekSgwoHpzbCaTc/edit?usp=sharing&ouid=105826157914045237014&rtpof=true&sd=true",,,text_long
"University of California, Berkeley",AC-3,AC,Context,Graduate Programs,,Additional documentation for this credit,,,,not_reported
"University of California, Berkeley",AC-4,AC,Context,Applied Learning,,Does the institution make available solutions-focused applied learning or living laboratory experiences for students that address sustainability challenges?,Yes,,,boolean
"University of California, Berkeley",AC-4,AC,Context,Applied Learning,,List or sample of currently active/available applied learning or living laboratory experiences for students that address sustainability challenges,"https://cleanenergycampus.berkeley.edu/living-lab Living Lab Project Example: The Berkeley Clean Energy Campus's Living Lab is a project that was initiated to drill a 400-foot-deep borehole to explore the feasibility of geothermal heating on campus. This project provided valuable learning and research opportunities, activating UC Berkeley's brain trust and fostering collaborative efforts among students, faculty, staff, and partners. The initiative aimed to find practical applications to real-world problems and develop solutions that can be tested, refined, and implemented in real-life settings. https://news.berkeley.edu/2022/03/30/uc-berkeley-drills-400-foot-borehole-to-explore-geothermal-heating-on-campus/",,,url
"University of California, Berkeley",AC-4,AC,Context,Applied Learning,,Are three or more institutional departments or units currently supporting solutions-focused applied learning or living laboratory experiences for students?,Yes,,,boolean
"University of California, Berkeley",AC-4,AC,Context,Applied Learning,,Are there processes or tools in place to assess the success of the applied learning projects?,Yes,,,boolean
"University of California, Berkeley",AC-4,AC,Context,Applied Learning,,Description of the processes or tools used to assess the success of the applied learning projects,"As part of the Berkeley Geothermal Project, students actively participated in: geological data collection, borehole drilling, and real-time logging; installation of distributed fiber optic sensing (DFOS) systems; and, conducting and interpreting Distributed Thermal Response Tests (DTRTs). Success of the project was determined based on the students’ ability to be involved in these hands-on tasks as part of the process of research. At the end of the project, students were expected to help complete key technical tasks, analyze real-time data, and contribute to the final system design recommendations. Students were also required to present findings in end-of-semester reports and group presentations, allowing structured reflection on sustainability outcomes and engineering challenges. At the same time, technical analyses provided additional assessment tools in terms of whether the project showed promise for supporting campus sustainability efforts. Those analyses included: DFOS data analysis to monitor subsurface temperature over time and depth. Analytical methods to estimate thermal conductivity and heat capacity of the ground. 3D hydrothermal modeling of the campus to simulate long-term system performance. 1D sensitivity analyses to validate simplified assumptions. Finally, and tied to the above analyses, the success of the living labs project was assessed based on the production of completed system feasibility studies, which projected that the geothermal system could meet nearly 100% of heating/cooling demand for a major campus node and reduce CO2 emissions by over 10,000 tons annually. Revised on Aug. 7, 2025",,,text_long
"University of California, Berkeley",AC-4,AC,Context,Applied Learning,,"Is there an online portal or equivalent vehicle that documents completed, current, and/or prospective applied learning projects that address sustainability challenges?",Yes,,,boolean
"University of California, Berkeley",AC-4,AC,Context,Applied Learning,,"Description of and/or website URL for the online portal or equivalent vehicle that documents completed, current, and/or prospective applied learning projects","https://geomechanics.berkeley.edu/research/berkeleygeothermal/students-involvement/ https://geomechanics.berkeley.edu/research/berkeleygeothermal/ https://geomechanics.berkeley.edu/research/geothermal-energy-systems-modeling/ https://cleanenergycampus.berkeley.edu/living-lab https://geomechanics.berkeley.edu/research/berkeleygeothermal/ Revised on Aug. 7, 2025",,,url
"University of California, Berkeley",AC-4,AC,Context,Applied Learning,,Points earned for indicator AC 4.1,4,,4.0,number
"University of California, Berkeley",AC-4,AC,Context,Applied Learning,,Notes about the information provided for this credit,"The information in this field was collected through public information available online from The Green Initiative Fund, Student Environmental Resource Center, Office of Sustainability, and other campus departmental/student groups. https://cleanenergycampus.berkeley.edu/living-lab",,,text_long
"University of California, Berkeley",AC-4,AC,Context,Applied Learning,,Additional documentation for this credit,,,,not_reported
"University of California, Berkeley",AC-5,AC,Context,Sustainability Literacy Assessment,,Has the institution conducted one or more assessments of the sustainability literacy of its students during the previous three years?,Yes,,,boolean
"University of California, Berkeley",AC-5,AC,Context,Sustainability Literacy Assessment,,Narrative overview of of the instruments/tools used to assess sustainability literacy,A pre- and post- assessment was administered to a subset of the student body. The same cohort was administered the pre- and post-assessments via an online Google Form: Pre-assessment & Post-assessment .,,,text_long
"University of California, Berkeley",AC-5,AC,Context,Sustainability Literacy Assessment,,Description of the institution’s recent sustainability literacy assessment findings and any notable trends,"The overall score improved by 5.6% over 3 months: from 70.6% to 76.2%. Average improved from 10.6 to 11.4 points out of 15, and median improved from 11 to 12 points out of 15. Frequently missed questions: What is the most common cause of pollution of streams and rivers? Changed from 37.8% to 40.7% correct answers. Which of the following is a leading cause of the depletion of fish stocks in the Atlantic Ocean? Changed from 40.5% to 64.8% correct answers. The only question that did not show improvement pre vs post: Which of the following is the best example of environmental justice? Changed from 82% to 79.6%. Pre-survey results: https://docs.google.com/spreadsheets/d/1wiQm2egO6-N7ZKk_LHr6KxuRaPMPdom9bug0HRgVB90/edit?usp=drive_link Post-survey results: https://docs.google.com/spreadsheets/d/1OSz_V9VIyQchPuJHFgrUYCvy1ztp55EOkM7uzCHI5GI/edit?usp=drive_link",,,text_long
"University of California, Berkeley",AC-5,AC,Context,Sustainability Literacy Assessment,,Were academic staff engaged in sustainability education at the institution involved in developing and/or adopting the methodologies used to assess sustainability literacy?,Yes,,,boolean
"University of California, Berkeley",AC-5,AC,Context,Sustainability Literacy Assessment,,Description of the process through which academic staff were involved in developing and/or adopting the methodologies used to assess sustainability literacy,"The sustainability literacy assessment was borrowed with permission from The Ohio State University Environmental and Social Sustainability Lab. More information about OSU's Assessment of Sustainability Knowledge (ASK) Scale can be found at the following link: https://ess.osu.edu/campus-sustainability-survey One of the requirements is that the assessment should be administered to the same cohort of students in a pre- test and post- test. Three lecturers on campus administered the following sustainability assessment to their students in the beginning and end of their Fall semester course in 2023. ESPM 98 (Pr. Spreyer) Environmental Justice Education ESPM 198 (Pr. Arzbaecher) Solutions for a Sustainable and Just Future GETH, NATRES 21, NATRES 24 (Pr. Rhew) Global Environmental Theme House",,,text_long
"University of California, Berkeley",AC-5,AC,Context,Sustainability Literacy Assessment,,Are the literacy assessments designed and administered in such a way that the results can be used to evaluate the success of the institution’s sustainability education initiatives?,Yes,,,boolean
"University of California, Berkeley",AC-5,AC,Context,Sustainability Literacy Assessment,,Description of how the design and administration of the sustainability literacy assessments supports the evaluation of the success of the institution’s sustainability education initiatives,"Surveys are administered at the start and end of the academic semester. Students assessed were from a subset of those enrolleld in sustainability-focused course. There were 12 questions in the survey designed to test student's literacy in sustaianble topics, and the students progress was documented after they completed a sustainabiltiy focused or related course.",,,text_long
"University of California, Berkeley",AC-5,AC,Context,Sustainability Literacy Assessment,,Points earned for indicator AC 5.1,2,,2.0,number
"University of California, Berkeley",AC-5,AC,Context,Sustainability Literacy Assessment,,"Percentage of students assessed for sustainability literacy, either directly or by representative sample",75 to 100,,,text
"University of California, Berkeley",AC-5,AC,Context,Sustainability Literacy Assessment,,Description of the process used to measure or estimate the percentage of students assessed for sustainability literacy,"Representative sample for this asessemnt was three courses that cover sustainability at different levels. A total of 111 students completed the pre-course sustainability literacy assessment in September-October 2023, and 54 students completed the post-course assessment in Novemeber- December 2023. While the total number of students enrolled in similar programs is not avaialable, the assessments provide a representative sample of students engaged in sustainability education. Description of the Process Survey Administration : The literacy assessment was conducted via a Google Form distributed to students in a specific sustainability-focused course or program. The questions were designed to assess foundational knowledge of environmental, social, and economic sustainability. Survey Structure : Adapted from The Ohio State University’s Assessment of Sustainability Knowledge (ASK) Scale, the survey included 12 multiple-choice questions covering key sustainability topics. Sampling : The pre-assessment (111 responses) was completed at the start of the course, while the post-assessment (54 responses) was conducted at its conclusion. This approach targeted students actively engaged in sustainability-focused courses, providing insights into their knowledge levels and the course’s impact. A total of 139 students were registered for the three courses assessed, and all students were asked to participate in the assessment.The percentage of students assessed for sustainbiltiy literacy by representative sample is 80%.",,,text_long
"University of California, Berkeley",AC-5,AC,Context,Sustainability Literacy Assessment,,Points earned for indicator AC 5.2,2,,2.0,number
"University of California, Berkeley",AC-5,AC,Context,Sustainability Literacy Assessment,,Notes about the information provided for this credit,Office of Sustainability,,,text
"University of California, Berkeley",AC-5,AC,Context,Sustainability Literacy Assessment,,Additional documentation for this credit,Zwickle__Jones_2018_1.pdf,,,text
"University of California, Berkeley",AC-6,AC,Context,Sustainability Research,,Total number of academic departments engaged in research,113,,113.0,number
"University of California, Berkeley",AC-6,AC,Context,Sustainability Research,,Number of academic departments engaged in sustainability research,68,,68.0,number
"University of California, Berkeley",AC-6,AC,Context,Sustainability Research,,Annotated list or inventory of the institution’s sustainability research by department,Stars_Request_Research_Data_101424_4.xlsx,,,text
"University of California, Berkeley",AC-6,AC,Context,Sustainability Research,,Description of the process used to identify the institution’s sustainability research,"An undergraduate student fellow at the Office of Sustainability created a list of keywords to identify sustainability research. The keyword list was drawn heavily from the keywords created to identify sustainability course offerings for AC-1, and other keywords were taken from the sustainability research keyword search used during the previous UCB STARS report. After a large keyword search of the entire research inventory for FY 2022 to FY 2024, the fellow then reviewed the identified research to screen the accuracy of the keyword search. The fellow then calculated the number of employees engaged in sustainability research and the number of academic departments engaged in sustainability research in FY 2022 to FY 2024, compared to the total active number of employees and departments during this time. The list of Principal Investigators engaging in sustainability research was taken from a count of all current sustainability research awards active during FY 2022 to FY 2024 at UC Berkeley. The faculty and staff researchers include faculty from across campus as well as at the Lawrence Berkeley National Laboratory, which has faculty/researchers associated with both institutions.",,,text_long
"University of California, Berkeley",AC-6,AC,Context,Sustainability Research,,Percentage of academic departments engaged in sustainability research,60.18,,60.18,number
"University of California, Berkeley",AC-6,AC,Context,Sustainability Research,,Points earned for indicator AC 6.1,5.35,,5.35,number
"University of California, Berkeley",AC-6,AC,Context,Sustainability Research,,Does the institution provide incentives for academic staff to conduct sustainability research?,Yes,,,boolean
"University of California, Berkeley",AC-6,AC,Context,Sustainability Research,,Description of the sustainability research incentives for academic staff,"UC Berkeley has various funding mechanisms and ample research support for any principal investigator who wishes to pursue research related to sustainability. This comes in the form of research and commercialization fellowships, such as the Bakar Fellows and Heising-Simons Fellows programs, to institutional funding matching for proposals in response to federal, state, and philanthropic funders. The UC Berkeley Vice Chancellor for Research, along with the Dean of the Rauser College of Natural Resources support a range of programs to bring faculty together around climate and sustainability research. These are often coordinated with other UC campuses as well: https://vcresearch.berkeley.edu/energy Funding the Berkeley Climate Change Network to bring researchers together and share funding opportunities, including the following: https://vcresearch.berkeley.edu/news/new-berkeley-climate-action-proof-concept-program https://bakarclimate.berkeley.edu/bcapp https://vcresearch.berkeley.edu/news/climate-action-research-grants-assist-tribal-nations-resource-management https://news.berkeley.edu/2023/08/23/five-uc-berkeley-led-projects-awarded-california-climate-action-grants/ https://vcresearch.berkeley.edu/news/new-center-advance-use-seaweed-global-economy UC Berkeley supports interdisciplinary sustainability research through partnerships, including those with Lawrence Berkeley National Laboratory, to advance climate and sustainability research. The Berkeley Climate Change Network, for instance, connects researchers and students with funding and collaborative opportunities focused on sustainability and resilience Several organizations and programs at UC Berkeley support and incentivize faculty applying for external sustainability research funding. The Berkeley Climate Change Network (BCCN) helps to advance climate research, education and impact at UC Berkeley and Lawrence Berkeley National Lab. The BCCN is a convener, connector and informant for faculty, staff, and students to accelerate campus action to cut carbon pollution and build a more resilient and equitable planet. BCCN operates through 4 primary channels: bringing together 300+ faculty and staff researchers for inter- disciplinary climate projects that produce actionable research; working with development staff to identify climate funding opportunities and secure grants, donations, and other resources; building stronger partnerships between Berkeley academics and off- campus climate leaders from government, community- based organizations and the private sector; and expanding climate- related educational activities on campus in partnership with the Berkeley Energy & Resources Collaborative (BERC), the Student Environmental Resource Center (SERC) and other student- led organizations. Learn more about the BCCN: https://bccn.berkeley.edu/ The California Institute for Energy and Environment (CIEE) conducts public-interest energy research and implements energy research programs involving experts at the University of California, other universities, government, industry and nonprofit groups. CIEE has been conducting, leading, and managing energy research for thirty years. To date, CIEE experts have received 470 research awards and managed nearly 1,000 subawards at more than 160 universities, national labs, and research centers. The total value of these awards exceeds $205 million. https://uc-ciee.org/ The Center for Information Technology Research in the Interest of Society (CITRIS) and the Banatao Institute create information technology solutions for society’s most pressing challenges. CITRIS and the Banatao Institute leverage research conducted at four Northern California UC campuses to develop sustainability-related applications, platforms, companies and new industries. They bring the expertise of multiple disciplines to bear on critical challenges such as designing sustainable energy, water, and transportation systems; improving the human experience with robotics and inclusive intelligence; modernizing health care delivery; fostering responsible tech policy; promoting diverse perspectives; and examining the future of work and the global economy in the age of automation. https://citris-uc.org/ Other UC Berkeley organizations that support sustainability research include the Energy and Resources Group (ERG), an interdisciplinary program that connects academia, government, industry and civil society in international sustainability research. ERG faculty work with graduate students across campus and with the Lawrence Berkeley National Laboratory on a range of energy and sustainability research. Additionally, the Energy Institute at the Haas School of Business brings together research and curricular programs on energy business, policy and technology commercialization. In particular, the institute works with scientists to commercialize promising energy technologies.",,,text_long
"University of California, Berkeley",AC-6,AC,Context,Sustainability Research,,Does the institution provide incentives for students to conduct sustainability research?,Yes,,,boolean
"University of California, Berkeley",AC-6,AC,Context,Sustainability Research,,Description of the sustainability research incentives for students,"The Sponsored Projects for Undergraduate Research (SPUR) program encourages faculty and undergraduate students in the Rausser College of Natural Resources to collaborate on research projects by providing a grant to support their joint project. Students in the College of Natural Resources have many opportunities to work with outstanding faculty on research projects. https://nature.berkeley.edu/undergraduate-research/spur/ The Undergraduate Research Apprentice Program (URAP) is designed to involve Berkeley undergraduates more deeply in the research life of the university. The program provides opportunities for students to work with faculty on the cutting-edge research projects for which Berkeley is world-renowned. One of the eight Areas of Interest is ""Environmental Issues."" http://research.berkeley.edu/urap/index.php The Transportation Sustainability Research Center (TSRC) was formed to study the economic, social, environmental, and technological aspects of sustainable transportation. It is housed at the Institute of Transportation Studies at the University of California, Berkeley. Since TSRC was founded, it has been a leading center in conducting timely research on real-world solutions for a more sustainable transportation future. The TSRC team is comprised of dedicated research staff, support personnel, and student researchers. https://tsrc.berkeley.edu/ UC Berkeley funds graduate research into sustainability through several channels. They include energy and environmental research conducted at the Lawrence Berkeley National Laboratory, which is run by UC Berkeley and employs a wide range of Berkeley graduate students. Additionally, The Green Initiative Fund finances sustainability research initiatives such as the Gill Tract Farm Student Initiative, which teaches and advances sustainable farming practices. Finally, individual labs on campus have helped graduate students apply for National Science Foundation and other funding and otherwise directed university research dollars to a wide range of sustainability research, including the Global Policy Lab and the Climate Impact Lab, which is conducting pioneering research into the global economic and social impacts of climate change.",,,text_long
"University of California, Berkeley",AC-6,AC,Context,Sustainability Research,,Points earned for indicator AC 6.2,2,,2.0,number
"University of California, Berkeley",AC-6,AC,Context,Sustainability Research,,Notes about the information provided for this credit,The information in this field was provided by the UC Berkeley Office of Planning & Analysis.,,,text
"University of California, Berkeley",AC-6,AC,Context,Sustainability Research,,Additional documentation for this credit,,,,not_reported
"University of California, Berkeley",AC-7,AC,Context,Center for Sustainability Research,,"Does the institution have at least one organized research center, institute, or equivalent unit that is focused on sustainability and/or integrated approaches to address sustainability challenges?",Yes,,,boolean
"University of California, Berkeley",AC-7,AC,Context,Center for Sustainability Research,,List and description of the institution’s sustainability research units,"The California Institute for Energy and Environment (CIEE) conducts public-interest energy research and implements energy research programs involving experts at the University of California, other universities, government, industry and nonprofit groups. CIEE has been conducting, leading, and managing energy research for thirty years. To date, CIEE experts have received 470 research awards and managed nearly 1,000 subawards at more than 160 universities, national labs, and research centers. The total value of these awards exceeds $205 million. https://uc-ciee.org/ In addition to the Berkeley Climate Change Network and CITRUS research centers, there are other institutes and organizations focused on sustainabiltiy research at UC Berkeley. The Energy Institute at the Haas School of Business brings together research and curricular programs on energy business, policy and technology commercialization. In particular, the institute works with scientists to commercialize promising energy technologies. Haas Office of Sustainability and Climate Change, Haas Center for Responsible Business, Center for Sustainable Impact Finance. College of Engineering has Berkeley Energy and Resouce Collaborative: https://berc.berkeley.edu/ The Energy and Resources Group (ERG) is an interdisciplinary program that connects academia, government, industry and civil society in international sustainability research. ERG faculty work with graduate students across campus and with the Lawrence Berkeley National Laboratory on a range of energy and sustainability research.",,,text_long
"University of California, Berkeley",AC-7,AC,Context,Center for Sustainability Research,,"Does the institution have at least one organized research center, institute, or equivalent unit focused on a subject other than sustainability that produces sustainability research?",Yes,,,boolean
"University of California, Berkeley",AC-7,AC,Context,Center for Sustainability Research,,List and description of the institution’s research units focused on subjects other than sustainability that produce sustainability research,There are multiple centers at UC Berkeley engaged in sustainability related topics.One example is the Sutardja for Entrepreneurship and Technology center that has the Alternative Meats X Lab at UC Berkeley. https://altmeatlab.berkeley.edu/,,,text_long
"University of California, Berkeley",AC-7,AC,Context,Center for Sustainability Research,,Points earned for indicator AC 7.1,6,,6.0,number
"University of California, Berkeley",AC-7,AC,Context,Center for Sustainability Research,,Notes about the information provided for this credit,Office of Sustainability,,,text
"University of California, Berkeley",AC-7,AC,Context,Center for Sustainability Research,,Additional documentation for this credit,,,,not_reported
"University of California, Berkeley",AC-8,AC,Context,Responsible Research and Innovation,,Does the institution have a published ethical code of conduct for research?,Yes,,,boolean
"University of California, Berkeley",AC-8,AC,Context,Responsible Research and Innovation,,Online location of the institution’s ethical code of conduct for research,https://vcresearch.berkeley.edu/research-compliance,,,url
"University of California, Berkeley",AC-8,AC,Context,Responsible Research and Innovation,,Copy of the institution’s ethical code of conduct for research,,,,not_reported
"University of California, Berkeley",AC-8,AC,Context,Responsible Research and Innovation,,Points earned for indicator AC 8.1,1,,1.0,number
"University of California, Berkeley",AC-8,AC,Context,Responsible Research and Innovation,,Does the institution have published promotion or tenure guidelines or policies that give explicit positive recognition to integrated research?,Yes,,,boolean
"University of California, Berkeley",AC-8,AC,Context,Responsible Research and Innovation,,Description or text of the promotion/tenure guidelines or policies that explicitly recognize integrated research,"UC Berkeley is a strong supporter of interdisciplinary research, as evidenced by the creation of organized research units (ORUs) and centers on campus, several of which are related to energy, environment and climate. Further information on purpose and policies regarding ORUs can be found here: https://vcresearch.berkeley.edu/research-policies/oru-policy-procedure Information about research programs are here: Research Unit Finder: https://vcresearch.berkeley.edu/research-units Energy, Climate & Environment Research: https://vcresearch.berkeley.edu/energy As part of UC Berkeley's policy to promote interdisciplinary research, review committees for faculty promotion and tenure are instructed to use flexibility in evaluating work that ""departs markedly from established academic patterns."" The policy reads: ""In evaluating the candidate’s qualifications within these areas, the review committee shall exercise reasonable flexibility, balancing when the case requires, heavier commitments and responsibilities in one area against lighter commitments and responsibilities in another. The review committee must judge whether the candidate is engaging in a program of work that is both sound and productive. As the University enters new fields of endeavor and refocuses its ongoing activities, cases will arise in which the proper work of faculty members departs markedly from established academic patterns. In such cases, the review committees must take exceptional care to apply the criteria with sufficient flexibility."" The Consortium for Interdisciplinary Research (CIR) supports and develops interdisciplinary research and programming on the Berkeley campus and beyond. Established in 2013 by UC Berkeley’s College of Letters and Sciences: Division of Arts and Humanities, CIR provides infrastructure to grow and sustain interdisciplinary programs. We produce research activities across disciplinary and departmental lines, leveraging opportunities for exchange, programming, and dissemination within campus and to a global audience. Working closely with faculty leadership, CIR develops and manages grants, plans events, oversees academic publications and programming, delivers outreach and communications, and distributes faculty and student awards for research. https://cir.berkeley.edu/",,,text_long
"University of California, Berkeley",AC-8,AC,Context,Responsible Research and Innovation,,Do the promotion/tenure guidelines or policies that recognize integrated research cover all of the institution’s research-producing academic divisions?,Yes,,,boolean
"University of California, Berkeley",AC-8,AC,Context,Responsible Research and Innovation,,Does the institution have published promotion or tenure guidelines or policies that give explicit positive recognition to community-based research?,Yes,,,boolean
"University of California, Berkeley",AC-8,AC,Context,Responsible Research and Innovation,,Description or text of the promotion/tenure guidelines or policies that explicitly recognize community-based research,"UC Berkeley Promotion & Tenure guidelines were updated in January 2021 to explicitly include community-engaged research. https://docs.google.com/document/d/1ZomNuySWXOUzwVueS_A2YHc1Xv4HI130d1kypkzYI-A/edit?usp=sharing https://bmap.berkeley.edu/assessing-community-engaged-research Several initiatives at UC Berkeley aim to broaden the recognition of community-engaged research, particularly through efforts by the Innovations for Youth (i4Y) program. This program has advocated for institutional change, resulting in community-engaged scholarship being explicitly recognized in UC Berkeley’s academic personnel review processes. The goal is to create more inclusive criteria that acknowledge the value of community partnerships and engagement in research. https://www.chronicle.com/article/the-insular-world-of-academic-research",,,text_long
"University of California, Berkeley",AC-8,AC,Context,Responsible Research and Innovation,,Do the promotion/tenure guidelines or policies that recognize community-based research cover all of the institution’s research-producing academic divisions?,Yes,,,boolean
"University of California, Berkeley",AC-8,AC,Context,Responsible Research and Innovation,,Does the institution have published promotion or tenure guidelines or policies that give explicit positive recognition to research impact or reach outside of academic journals?,Yes,,,boolean
"University of California, Berkeley",AC-8,AC,Context,Responsible Research and Innovation,,Description or text of the promotion/tenure guidelines or policies that explicitly recognize research impact or reach outside of academic journals,"The UC’s Academic Senate sets the guidelines, and while these primarily focus on scholarly contributions within academic journals, they also leave room for recognizing non-traditional impacts. Committees such as the Budget and Interdepartmental Relations Committee review cases holistically and may consider impactful work that contributes to societal, technological, or economic advancements. Yet, these impacts often need to be strongly tied to traditional academic contributions to count significantly toward tenure. In terms of broader recognition, UC Berkeley allows departments some discretion to emphasize non-academic impacts based on their own evaluative priorities.",,,text_long
"University of California, Berkeley",AC-8,AC,Context,Responsible Research and Innovation,,Do the promotion/tenure guidelines or policies that recognize research impact or reach outside of academic journals cover all of the institution’s research-producing academic divisions?,No,,,boolean
"University of California, Berkeley",AC-8,AC,Context,Responsible Research and Innovation,,Online location of the institution’s promotion/tenure guidelines or policies,https://www.chronicle.com/article/the-insular-world-of-academic-research,,,url
"University of California, Berkeley",AC-8,AC,Context,Responsible Research and Innovation,,Copy of the institution’s promotion/tenure guidelines or policies,,,,not_reported
"University of California, Berkeley",AC-8,AC,Context,Responsible Research and Innovation,,Points earned for indicator AC 8.2,3,,3.0,number
"University of California, Berkeley",AC-8,AC,Context,Responsible Research and Innovation,,Does the institution participate in one or more inter-campus research collaboratives that have an explicit mission to promote responsible research and innovation?,Yes,,,boolean
"University of California, Berkeley",AC-8,AC,Context,Responsible Research and Innovation,,Description of the institution’s inter-campus collaborations for responsible research and innovation,"UC Berkeley actively participates in inter-campus research collaboratives to promote responsible research and innovation, consistent with its dedication to interdisciplinary research and social impact. For example, the campus engages in partnerships and initiatives that align with responsible research criteria, such as public engagement, scientific accessibility, and science education. UC Berkeley is a participant in the Pew-convened Presidents and Chancellors Council. UC Berkeley is also a member of: International Alliance of Research Universitities (IARU): https://www.iaruni.org/about/about-iaru Scholars at Risk: https://www.scholarsatrisk. org/ Universities Research Association: https://ura-hq.org/ Campus Compact: https://compact.org/ membership/member-directory UC Berkeley has several campus centers that promote responsible research and innovation in various forms: Center for Responsible, Decentralized Intelligence Responsible AI Initiative The Lawrence Hall of Science (promoting equitable science, citizen engagement, science education and ethics) The Center for Information Technology Research in the Interest of Society (CITRIS) is a multi-campus institute that specifically promotes research and programming for the benefit of society, with seed grants, programming open to the community and programs that promote equity and access. See also CITRIS Policy Lab . UC Berkeley’s College of Computing, Data Science, and Society (CDSS) has also championed data collaboratives, involving faculty, students, and external partners across public and private sectors, which aim to apply data science to address societal issues like climate change, healthcare, and social equity. These collaboratives embody Berkeley's efforts to advance responsible research, fostering environments that encourage ethical practices and innovative solutions to complex global challenges. UC Berkeley staff is part of the ECCLPs PK-12 Committee. UC Berkeley received the Sustainable Business Research Prize: https://haas.berkeley.edu/sustainability/thought-leadership/faculty-research/berkeley-haas-sustainable-business-research-prize/",,,text_long
"University of California, Berkeley",AC-8,AC,Context,Responsible Research and Innovation,,Points earned for indicator AC 8.3,1,,1.0,number
"University of California, Berkeley",AC-8,AC,Context,Responsible Research and Innovation,,"Does the institution offer repository hosting that makes versions of journal articles, book chapters, and other peer-reviewed scholarly works by its employees freely available on the public internet?",Yes,,,boolean
"University of California, Berkeley",AC-8,AC,Context,Responsible Research and Innovation,,Narrative and/or website URL providing an overview of the open access repository,"From the University of California (UC) Office of Scholarly Communication’s website on open access at the UC: “The eScholarship repository and publishing platform enables the UC academic community to post previously published works; distribute pre-prints, working papers, theses and dissertations; and publish new materials such as books, journals, and conference proceedings. UC authors are covered by the UC Open Access Policies. These policies allow authors to post scholarly articles in eScholarship or another repository regardless of the terms of their publishing agreement, as long as the agreement was signed after the adoption of the policy.” The site describes other subject repositories, as well. Access eScholarship at: http://www.escholarship.org/ Information above sourced from: https://osc.universityofcalifornia.edu/for-authors/open-access/",,,text_long
"University of California, Berkeley",AC-8,AC,Context,Responsible Research and Innovation,,Does the institution have one or more published policies that require its employees to publish scholarly works open access or archive final post-peer reviewed versions of scholarly works in an open access repository?,Yes,,,boolean
"University of California, Berkeley",AC-8,AC,Context,Responsible Research and Innovation,,Do the open access policies cover all of the institution’s research-producing academic divisions?,Yes,,,boolean
"University of California, Berkeley",AC-8,AC,Context,Responsible Research and Innovation,,Text or online location of the institution’s open access policies,"The Academic Senate of the University of California adopted an Open Access Policy on July 24, 2013, ensuring that future research articles authored by faculty at all 10 campuses of UC will be made available to the public at no charge. On October 23, 2015, a Presidential Open Access Policy expanded open access rights and responsibilities to all other authors who write scholarly articles while employed at UC, including non-senate researchers, lecturers, post-doctoral scholars, administrative staff, librarians, and graduate students. Publishers may request that UC authors obtain a waiver or embargo. UC Office of Scholarly Communication’s FAQ notes that waivers are rare. Academic Senate Open Access Policy: https://osc.universityofcalifornia.edu/scholarly-publishing/uc-open-access-policies-background/systemwide-senate/ Presidential Open Access Policy: https://osc.universityofcalifornia.edu/scholarly-publishing/uc-open-access-policies-background/presidential/ Participate in the UC open access policies: https://osc.universityofcalifornia.edu/for-authors/open-access-policy/ “What are waivers and embargoes?” https://osc.universityofcalifornia.edu/for-authors/open-access-policy/policy-faq/ --- UNIVERSITY OF CALIFORNIA, ACADEMIC SENATE Open Access Policy for the Academic Senate of the University of California Adopted 7/24/2013 Preamble The Faculty of the University of California is committed to disseminating its research and scholarship as widely as possible. In particular, as part of a public university system, the Faculty is dedicated to making its scholarship available to the people of California and the world. Furthermore, the Faculty recognizes the benefits that accrue to themselves as individual scholars and to the scholarly enterprise from such wide dissemination, including greater recognition, more thorough review, consideration and critique, and a general increase in scientific, scholarly and critical knowledge. Faculty further recognize that by this policy, and with the assistance of the University, they can more easily and collectively reserve rights that might otherwise be signed away, often 24/2013. Grant of License and Limitations Each Faculty member grants to the University of California a nonexclusive, irrevocable, worldwide license to exercise any and all rights under copyright relating to each of his or her scholarly articles, in any medium, and to authorize others to do the same, for the purpose of making their articles widely and freely available in an open access repository. Any other systematic uses of the licensed articles by the University of California must be approved by the Academic Senate. This policy does not transfer copyright ownership, which remains with Faculty authors under existing University of California policy. Scope and Waiver (Opt-Out) The policy applies to all scholarly articles authored or co-authored while the person is a member of the Faculty except for any articles published before the adoption of this policy and any articles for which the Faculty member entered into an incompatible licensing or assignment agreement before the adoption of this policy. Upon express direction by a Faculty member, the University of California will waive the license for a particular article or delay access to the article for a specified period of time. Deposit of Articles To assist the University in disseminating and archiving the articles, Faculty commit to helping the University obtain copies of the articles. Specifically, each Faculty member who does not permanently waive the license above will provide an electronic copy of his or her final version of the article to the University of California by the date of its publication, for inclusion in an open access repository. When appropriate, a Faculty member may instead notify the University of California if the article will be freely available in another repository or as an open-access publication. Faculty members who have permanently waived the license may nonetheless deposit a copy with the University of California or elsewhere for archival purposes. Notwithstanding the above, this policy does not in any way prescribe or limit the venue of publication. This policy neither requires nor prohibits the payment of fees or publication costs by authors. Oversight of Policy The Academic Senate and the University of California will be jointly responsible for implementing this policy, resolving disputes concerning its interpretation and application, and recommending any changes to the Faculty. Any changes to the text of this policy will require approval by both the Academic Senate and the University of California. The Academic Senate and the University of California will review the policy within three years, and present a report to the Faculty and the University of California. The Faculty calls upon the Academic Senate and the University of California to develop and monitor mechanisms that would render implementation and compliance with the policy as convenient for the Faculty as possible. Link to the policy @ http://osc.universityofcalifornia.edu/open-access-policy/ UC Presidential Open Access Policy Issued October 23, 2015 I. Policy Summary The University of California is committed to disseminating its research and scholarship as widely as possible. In particular, as a public university system, the University of California is dedicated to making its scholarship available to the people of California. Furthermore, the University of California recognizes the benefits that accrue to its authors as individual scholars and to the scholarly enterprise from such wide dissemination, including greater recognition, more thorough review, consideration, and critique, and a general increase in scientific, scholarly, and critical knowledge. The University of California further recognizes that by such policies, authors of scholarly articles can more easily and collectively reserve rights that might otherwise be signed away, often unnecessarily, in agreements with publishers. To accomplish this, authors take advantage of US copyright law to grant to the University a non-exclusive license (limited to the purpose of making the work openly available) for each scholarly article authored while employed by UC. The Academic Senate has already taken this step for all of its members by adopting an open access policy on July 24, 2013. The policy in this document extends the same opportunity to all non-Senate members of the University of California community who author scholarly articles (defined herein as “University Authors”). The policy allows non-Senate authors of scholarly articles to maintain legal control over their research articles while making their work freely and widely available to the public. To achieve this, the policy commits University Authors to deposit a version of each scholarly article in a digital repository. The deposited work will be made freely and openly available to the public, unless the author obtains a waiver. The policy also takes the extra step of defining procedures that implement this policy uniformly for all University of California employees, including all Academic Senate members. Finally, it outlines procedures that should be followed if the Academic Senate changes its policy in ways that affect the congruence of the Senate policy with this Presidential policy. II. Definitions Academic Senate Authors: Authors of scholarly articles who are members of the systemwide Academic Senate. For a list of titles conferring membership in the Academic Senate, see Regents Standing Order 105.1 and the Academic Personnel Manual, Section 110-4(4) (APM – 110-4, Academic Personnel Definitions). Copyright: Rights as defined by US Copyright Law (Title 17 of the United States Code), and further specified by the 1992 University of California Policy on Copyright Ownership or any amendments to that policy, or its successor, see http://policy.ucop.edu/doc/2100003/CopyrightOwnership. Embargo/Delay of Access: The amount of time before a scholarly article will be made available after it is accepted by a publisher. Under this policy, authors may specify an embargo of any length, or honor a publisher’s request for one. Employees: All faculty, academic appointees (includes academic administrative officers, Cooperative Extension and University Extension appointees, librarians, residents, interns, and postdoctoral scholars), students who are employed by UC, staff, and administrators who are paid a salary, stipend, or hourly rate, excluding those holding “Without Salary” appointments, volunteers, and recalls. Executive Officers: The President of the University of California, the Provost and Executive Vice President for Academic Affairs, the Chancellors of the UC campuses, the Director of the Lawrence Berkeley National Laboratory, and the Vice President of Agriculture and Natural Resources. Final Version: An author’s final revised version of a scholarly article, generally post-peer reviewed, but not necessarily the typeset publisher’s copy, unless allowed by the publisher. License or Copyright License: A grant of rights made in accordance with Copyright Law (USC Title 17), allowing specified uses of a copyrighted work. Open Access: The free availability of scholarly literature on the public internet, permitting users to read, download, copy, distribute, print, search, or link to the full texts of articles for any lawful purpose, without financial, legal, or technical barriers other than those inseparable from gaining access to the internet. Open Access Repository: Any digital archive or platform designed to make articles freely available via the internet with clearly defined legal restrictions on their use or circulation. The California Digital Library’s eScholarship platform is the default repository for this policy. Scholarly Articles: Published research articles in the broadest sense of the term. A narrower term could have the effect of excluding works published in a certain format, discipline or practice. For example, the term “scholarly journal articles” might exclude those who publish in edited volumes; the term “peer-reviewed scholarly articles” might exclude law reviews which are reviewed by students or by editorial collectives. Student: An individual for whom the University maintains student records and who: (a) is enrolled in or registered with an academic program of the University; (b) has completed the immediately preceding term, is not presently enrolled, and is eligible for re-enrollment; or (c) is on an approved educational leave or other approved leave status, or is on filing-fee status. This definition applies to undergraduate, transfer, graduate academic, and graduate professional students. University of California: The “University of California” refers to The Regents of the University of California. University Authors: Non-Senate employees and students of the University of California who author scholarly articles while employed by the University of California. University Authors are covered by this policy whether or not they own the copyright in an article, in accordance with the 1992 University of California Policy on Copyright Ownership or any amendments to that policy, or its successor, see http://policy.ucop.edu/doc/2100003/CopyrightOwnership. Waive/Opt out: To waive or opt out, means to decline to grant the University the license described in section III.B.1 below. III. Policy Text This policy does not apply to any members of the Academic Senate, who are covered by the Open Access Policy passed by the Academic Senate of the University of California on July 24, 2013, see http://uc-oa.info/policy-text/systemwide-senate/. Procedures to be followed if the Academic Senate changes its policy are outlined in Section IV.D. below. A. General This Open Access Policy allows University Authors (see Section II for definition of University Authors) to maintain legal control over their research articles while making their work freely and widely available to the public. The policy does not require University Authors to publish in open access journals, or to pay fees or charges to publish; it commits the University and University Authors to deposit a version of each article in a digital repository. The deposited work will be made freely and openly available to the public, unless the author obtains a waiver. This policy covers two classes of University Authors: Section III.B. covers University Authors who do own the copyright to their works, as specified in the 1992 UC Copyright Policy or its successor. University Authors who own the copyright to their works may waive the license in B.1 below, or request an embargo as specified in sections V.B. and V.C. below. Section III.C. covers University Authors who do not own the copyright to their works, as specified in the 1992 UC Copyright Policy or its successor. University Authors who do not own the copyright to their works may not waive the license in B.1 below, but may request an embargo as specified in V.C below. B. University Authors Who Own the Copyright to their Scholarly Works 1. Grant of License and Limitations Each University Author grants to the Regents of the University of California a nonexclusive, irrevocable, worldwide license to exercise any and all rights under copyright relating to each of his or her scholarly articles, in any medium, and to authorize others to do the same, for the purpose of making their articles widely and freely available in an open access repository. This policy does not transfer copyright ownership, which remains with University Authors under existing University of California policy. 2. Scope and Waiver (Opt-Out) This policy applies to all scholarly articles authored or co-authored while the person is an employee of the University of California except for any articles published before the adoption of this policy and any articles for which a University Author entered into an incompatible licensing or assignment agreement before the adoption of this policy. Upon express direction by a University Author, application of the license will be waived for a particular article or access to the article will be delayed for a specified period of time. 3. Deposit of Articles To assist the University in disseminating and archiving the articles, University Authors are expected to help the University obtain copies of the articles. Specifically, each author will provide an electronic copy of his or her final version of the article to the University of California by the date of its publication for inclusion in an open access repository. When appropriate, a University Author may instead notify the University of California if the article will be freely available in another repository or as an open access publication. Notwithstanding the above, this policy does not in any way prescribe or limit the venue of publication. Notwithstanding the above, this policy does not in any way prescribe or limit the venue of publication. This policy neither requires nor prohibits the payment of fees or publication costs by authors. C. University Authors Who Do Not Own Copyright in their Scholarly Works The University recognizes that members of the University community who do not own their copyrights under the 1992 University of California Policy on Copyright Ownership may also be authors of scholarly articles. In these cases, the University will promote open access in accordance with Section B above. Specifically, the University will retain the right to make such articles available in an open access repository. Upon request by the author, the University will grant an embargo period, as described in Section V.C. below. Upon a showing of compelling circumstances, the University may grant a waiver, as described in Section V.B. below. These authors must also deposit a copy of the final version of each article for inclusion in an open access repository, as described in Section B.3 above and Section V.A. below. IV. Compliance/Responsibilities A. Authority The Provost and Executive Vice President for Academic Affairs is the Responsible Officer for this policy and has the authority to implement the policy and to develop procedures or other supplementary information to support implementation. S/he will work with the California Digital Library (CDL), which has responsibility for 1) coordinating, with the locations, systemwide processes for deposit; and 2) managing software for harvesting, waivers, embargoes, and deposits. As the Provost’s designee, the Vice Provost for Academic Personnel and Programs has responsibility to manage issues of policy interpretation, in consultation with stakeholders. The Executive Officer at each location is authorized to establish, and is responsible for, local communication about the policy using existing committees, councils, and mechanisms. B. Revisions to the Policy The President has the authority to approve revisions to this policy upon recommendation by the Provost and Executive Vice President for Academic Affairs. The Provost and Executive Vice President for Academic Affairs has the authority to initiate a review of the efficacy of this policy and to initiate revisions to this policy. C. Compliance with the Policy As the Provost and Executive Vice President for Academic Affairs’ designee, the Vice Provost for Academic Personnel and Programs is responsible for the administration of this policy. S/he will work with the California Digital Library (CDL), UC Libraries and the Office of Scholarly Communication to obtain data or other information to inform assessment of the policy. The Executive Officer at each location will designate an office or individual to assess policy use and compliance. The Executive Officer is accountable for ensuring that local communication and interpretation are consistent with this policy. D. Coordination with the Academic Senate Open Access Policy The Provost and Executive Vice President for Academic Affairs has the authority to determine the process to be followed in the event that the Academic Senate updates or changes its open access policy (adopted July 24, 2013) in ways that affect the congruence of the Senate policy with the Presidential policy. V. Procedures In support of this policy and of the Open Access Policy adopted by the Academic Senate on July 24, 2013, the following procedures will be implemented to allow all authors (Senate, Non-Senate or otherwise) of scholarly articles at the University of California to make their works openly available. A. Deposit a Scholarly Article in the UC Open Access Repository All Academic Senate authors and all University Authors may make a final version of their articles publicly and freely available by depositing them in the University of California’s “eScholarship” digital repository via http://uc-oa.info/deposit/. This policy commits all University Authors to deposit a final version of their articles in the UC eScholarship digital repository or another open access repository by the date of publication, to the extent practicable, even if they choose to waive the license grant to the University. Academic Senate authors will be encouraged to deposit articles in the UC eScholarship digital repository even if they choose to waive the license grant to the University. If any University Author or Academic Senate author specifies an embargo (section V.C. below), the author may deposit the article either by the date of publication or by the date the embargo period expires. B. Generate a Waiver By their own choosing or upon request from a publisher, all Academic Senate authors and University Authors who own their copyright to a given article may waive the grant of license to the University described in section III.B.1 above. To do so, an author simply has to generate a waiver at the University of California’s Office of Scholarly Communication website (http://uc-oa.info/waiver-embargo-addendum/). C. Specify an Embargo Period By their own choosing or upon request from a publisher, all Academic Senate authors and University Authors may delay the date of appearance of their articles (“embargo” the article). To do so, an author simply has to specify the embargo period (usually six or twelve months) at the Office of Scholarly Communication website (http://uc- oa.info/waiver-embargo-addendum) or during the deposit process. D. Choose a License At the time of deposit, all Academic Senate authors and University Authors may choose whether to share their work under one of the available Creative Commons licenses, some of which allow commercial reuse and some of which do not (https://creativecommons.org/licenses/). E. Obtain an Addendum Although not necessary, all Academic Senate authors and University Authors may request an Addendum for each article to be provided to publishers at the time of signing their author agreement. The Addendum notifies the publisher that the article is subject to either the Presidential Open Access Policy or the Academic Senate Open Access Policy. Addenda can be requested at UC’s Office of Scholarly Communication website, seehttp://osc.universityofcalifornia.edu/open-access-policy/waiver-embargo- addendum/",,,text_long
"University of California, Berkeley",AC-8,AC,Context,Responsible Research and Innovation,,Copy of the institution’s open access policies,,,,not_reported
"University of California, Berkeley",AC-8,AC,Context,Responsible Research and Innovation,,Does the institution provide an open access article processing charge (APC) fund for employees?,Yes,,,boolean
"University of California, Berkeley",AC-8,AC,Context,Responsible Research and Innovation,,Narrative and/or website URL providing an overview of the open access APC fund,"The Berkeley Research Impact Initiative (BRII) provides funding to Berkeley authors (current faculty members, post-docs, graduate students, researchers) to make their publications free to all readers immediately upon publication. The purpose of the BRII program is to foster broad public access to the work of Berkeley scholars by encouraging the Berkeley community to take advantage of open access (OA) publishing opportunities--including OA journals and journal articles, scholarly books (called “monographs”) and book chapters. Open Access literature is free, digital, and available to anyone online. With barrier-free access, researchers from anywhere in the world can read the scholarly output of Berkeley authors. This can promote progress and knowledge and, with the opportunity for greater readership, OA can increase the impact of Berkeley scholarship. The BRII program started in 2008 by redirecting a small amount of collections funds (that is, monies that are normally spent on books, journal subscriptions and other library materials) towards this initiative, and is supplemented with gift funds. There is a limited pool of money in the BRII program; should BRII funding be depleted during the course of the year, the program will be suspended for the remainder of the year or until further notice. The BRII program encourages applicants from all disciplines and departments. Graduate students and assistant faculty are also encouraged to apply. https://guides.lib.berkeley.edu/brii Additional UC-wide information can be accessed at: https://osc.universityofcalifornia.edu/for-authors/open-access-publishing-at-uc/oa-publishing-funds/",,,text_long
"University of California, Berkeley",AC-8,AC,Context,Responsible Research and Innovation,,Does the institution negotiate or participate in transformative open access agreements that are consistent with ESAC guidelines?,Yes,,,boolean
"University of California, Berkeley",AC-8,AC,Context,Responsible Research and Innovation,,Narrative and/or website URL providing an overview of the institution’s transformative open access agreements with publishers,"UC's Office of Scholarly Communication manages several transformative agreements with publishers like Springer Nature, SAGE, and Cambridge University Press. These agreements allow UC-affiliated researchers to publish OA by covering substantial portions of article processing charges (APCs) or offering discounts, with UC libraries paying a base amount of APCs for corresponding authors. Researchers lacking external funding may receive additional support to publish OA, removing financial barriers. UC also emphasizes transparency in cost and pricing models for these agreements, consistent with ESAC’s standards.",,,text_long
"University of California, Berkeley",AC-8,AC,Context,Responsible Research and Innovation,,Points earned for indicator AC 8.4,2,,2.0,number
"University of California, Berkeley",AC-8,AC,Context,Responsible Research and Innovation,,Notes about the information provided for this credit,Office of Sustainability,,,text
"University of California, Berkeley",AC-8,AC,Context,Responsible Research and Innovation,,Additional documentation for this credit,,,,not_reported
"University of California, Berkeley",EN-1,EN,Context,Outreach and Communications,,Does the institution have a central sustainability website that consolidates information about its sustainability efforts?,Yes,,,boolean
"University of California, Berkeley",EN-1,EN,Context,Outreach and Communications,,Website URL of the institution’s central sustainability website,https://sustainability.berkeley.edu/home,,,url
"University of California, Berkeley",EN-1,EN,Context,Outreach and Communications,,Does the institution integrate sustainability information into the educational offerings or materials provided during new student orientation or the equivalent?,Yes,,,boolean
"University of California, Berkeley",EN-1,EN,Context,Outreach and Communications,,Narrative outlining how sustainability information is integrated into new student orientation or the equivalent,"During Golden Bear Orientation (GBO), newly admitted first-year and transfer students can hear from sustainability departments around campus as part of the campus resource fair. The departments inform students about sustainability activities, programs and resources around campus. All new undergraduates have to complete an on-line orientation, Golden Bear Prep, that includes information on campus sustainability: https://orientation.berkeley.edu/before-you-arrive/golden-bear-prep The module ""Getting to Know Campus & Bay Area"" provides students an orientation on UC Berkeley's sustainable campus. Resources are shared from the The Student Environmental Resource Center (SERC), Office of Sustainability, and Housing & Dining Sustainability. Students are also educated on proper waste sorting on campus and tested on their environmental knowledge with a short quiz. At GBO, Cal Zero Waste works with Golden Bear Orientation organizers to move the orientation towards being a zero waste event and provide zero waste training and resources to GBO Orientation Leaders during their Orientation Leader training sessions. The training included information about the UC Zero Waste goal and basic information on how incoming students can contribute to bringing the campus closer to that goal as a resident and also as a student. The goal is to have Orientation Leaders integrate the zero waste messaging into their campus tours and conversations with incoming students during Golden Bear Orientation as well as into the activities that are planned. Graduate students participate in orientations as well that include the GradFest, a collaborative student activities and resource fair that includes the Office of Sustainability and the Student Environmental Resource Center. The orientation is paperless – students can download The GradBook on the UC Berkeley Events App to get access to the NGSO schedule, handouts, and graduate events year-round. http://grad.berkeley.edu/news/headlines/arrive-orient-and-go/",,,text_long
"University of California, Berkeley",EN-1,EN,Context,Outreach and Communications,,Does the institution integrate sustainability information into the educational offerings or materials provided during new employee orientation or the equivalent?,Yes,,,boolean
"University of California, Berkeley",EN-1,EN,Context,Outreach and Communications,,Narrative outlining how sustainability information is integrated into new employee orientation of the equivalent,"All incoming UC Berkeley staff receive a briefing on campus sustainability options at employee orientation sessions. They are also offered opportunities to practice sustainability through committees, via newsletters and through social media channels. The campus also offers energy savings campaigns and sustainability learning events. UC Berkeley provides an introduction to alternative transportation as part of their outreach for New Employee Reception & Orientation (NERO). Parking & Transportation shares the benefits of taking alternative transit as an effective substitute to driving alone. Everyone, faculty and staff, interacts with Parking & Transportation as a new employee to find commute options, and the employee orientation offers information and sign-ups on the commute alternative programs. Among the sustainable traveling options featured, Parking & Transportation highlights Bear Transit and public transit options such as AC Transit and BART for Bay Area travel. The presentation also encourages bike commuting by highlighting UCB's Gold Level Status as a Bike-friendly University, ample bike parking on campus, secure bike cages, and bikeshare programs. Sustainable transport is also featured with BerkeleyMoves!, UCB's official RideMatching & Trip Planning Platform. BerkeleyMoves! is exclusive to the Berkeley community and offers carpool matching & prize incentives for calendar entries. Lastly, Golden Bear Trip Planning is a personalize planning service offered to the Berkeley community to identify ideal and sustainable travel options for your trip. Zero Waste, The Office of Sustainability, and Environmental Health and Safety are featured under additional resources. The NERO virtual scavenger hunt also features the Office of Sustainability.",,,text_long
"University of California, Berkeley",EN-1,EN,Context,Outreach and Communications,,Does the institution have dashboards and/or signage highlighting the institution’s sustainability features or performance?,Yes,,,boolean
"University of California, Berkeley",EN-1,EN,Context,Outreach and Communications,,Description of the institution’s sustainability dashboards and/or signage,"UC Berkeley has dashboards and signage highlighting its sustainability features and performance. The university uses various platforms and communication tools to share sustainability data and progress. These include: CalCAP Dashboard : UC Berkeley's Climate Action Plan (CalCAP) has an interactive dashboard displaying greenhouse gas emissions data, energy consumption, and progress towards carbon neutrality goals. Energy and Water Dashboards : There are several real-time energy monitoring dashboards that showcase electricity, water usage, and other resource data to students and staff. Sustainability Signage : The campus also features physical signage in key locations, such as green-certified buildings, recycling stations, and energy-efficient areas, to inform the community about sustainability initiatives. Annual Sustainability Reports : UC Berkeley releases sustainability reports and updates on its website, sharing key metrics on waste diversion, water conservation, and greenhouse gas emissions.",,,text_long
"University of California, Berkeley",EN-1,EN,Context,Outreach and Communications,,"Does the institution manage a sustainability-focused social media account, newsletter, blog, online community, podcast, video series, or equivalent communications medium or platform?",Yes,,,boolean
"University of California, Berkeley",EN-1,EN,Context,Outreach and Communications,,Description of and/or website URL for at least one sustainability-focused communication medium or platform,"There are several campus departments and centers, that have sustainability- focused social media accounts, newsletters, blogs, podcasts, etc. on our campus. We would like to highlight the following: Social Media Accounts: https://www.instagram.com/sercberkeley/ https://www.instagram.com/asucecooffice/ https://www.instagram.com/bewellcal/?hl=en Newsletters: Student Environmental Resource Center puts out a monthly newsletter Berkeley Climate Change Network puts out a bi-monthly newsletter Berkeley Food Institute puts out a monthly newsletter Earth Week communication reaches all students via Calmessages Blogs: The Leaflet (environmental student news publication): https://theleaflet.org/ Podcasts and Videos: Climate Break, https://climatebreak.org/ Berkeley Climate Change Network podcast, https://bccn.berkeley.edu/bccn-resources/podcasts-and-videos Berkeley YouTube Channel: https://www.youtube.com/channel/UCZAXKyvvIV4uU4YvP5dmrmA Campaigns: Green Labs Green Events Green Departments Cool Campus Challenge Sustainability Training: https://sustainability.berkeley.edu/engage/sustainability-staff-training",,,text_long
"University of California, Berkeley",EN-1,EN,Context,Outreach and Communications,,Has the institution coordinated one or more sustainability-focused outreach campaigns during the previous three years?,Yes,,,boolean
"University of California, Berkeley",EN-1,EN,Context,Outreach and Communications,,Description of sustainability-focused outreach campaigns from the previous three years,"UC Berkeley has coordinated several sustainability-focused outreach campaigns over the past three years, with various initiatives aimed at engaging the campus community in environmental stewardship and social justice. Some of the key campaigns include: Zero Waste Campaigns : UC Berkeley has promoted zero waste through initiatives like the Zero Waste by 2020 goal, focusing on waste reduction, composting, recycling, and minimizing single-use plastics. Campus-wide events and partnerships with student organizations help educate the community on waste sorting. Earth Week Celebrations (April) : UC Berkeley hosts annual Earth Week events, featuring workshops, panels, film screenings, and hands-on service projects to highlight sustainability projects and initiatives. CalMoveOut : This initiative promotes the sustainable disposal of furniture and other items during student move-outs, helping reduce waste and supporting a circular economy. Cool Campus Challenge : A systemwide UC initiative that encourages students, faculty, and staff to adopt climate-friendly behaviors, focusing on reducing carbon emissions and promoting energy-saving actions. Outreach is done through social media, email campaigns, and workshops. Clean Air Month (October) : UC Berkeley promoted Clean Air Month, advocating for clean air practices and encouraging the campus community to take a Clean Air Pledge. Clean Air Day 2022 Climate Justice Week (October) : A key event every October, Climate Justice Week focuses on the intersection of climate action and social justice, featuring workshops, panels, and community engagement activities to address environmental racism and the disproportionate impacts of climate change on vulnerable communities. Climate Justice Week Sustainable Transportation Initiatives : Through events like the Sustainable Transportation Fair, UC Berkeley promotes alternatives to single-occupancy vehicles, including biking, public transit, and electric vehicle use. Food Security and Sustainability : In collaboration with the UC Berkeley Basic Needs Center, the university raises awareness about food security and sustainable food practices, supporting campus gardens and sustainable dining hall sourcing. Green Labs Program : This program encourages more sustainable practices in research labs through energy and water conservation, chemical safety, and waste reduction, with informational sessions and audits to support lab participation.",,,text_long
"University of California, Berkeley",EN-1,EN,Context,Outreach and Communications,,Points earned for indicator EN 1.1,3,,3.0,number
"University of California, Berkeley",EN-1,EN,Context,Outreach and Communications,,Does the institution collect data on the reach of its sustainability outreach and communications efforts and/or stakeholder awareness of its sustainability initiatives?,Yes,,,boolean
"University of California, Berkeley",EN-1,EN,Context,Outreach and Communications,,Percentage of campus stakeholders reached annually through sustainability outreach and communications,80 to 100,,,text
"University of California, Berkeley",EN-1,EN,Context,Outreach and Communications,,Approach used to determine the percentage of campus stakeholders reached annually,Communication analytics,,,text
"University of California, Berkeley",EN-1,EN,Context,Outreach and Communications,,Description of the methodology used to determine the reach of the institution’s sustainability outreach and communications,"To estimate the percentage of the UC Berkeley community (students, faculty, staff) reached by sustainability-related outreach and communications efforts, several data sources were taken into account. Campus Communications Platforms : Email campaigns : Collected data on sustainability newsletters and event invitations sent through campus-wide distribution lists. Social Media Analytics : Retrieved metrics from official UC Berkeley sustainability accounts (e.g., Facebook, Twitter, Instagram) to capture engagement metrics, including reach, impressions, likes, shares, and comments. Website Analytics : Analyzed data from the sustainability office’s website, including page views and unique visitors, particularly for high-traffic resources or announcements. Events and Workshops Attendance : Gathered attendance data from in-person and virtual sustainability events, seminars, and workshops, such as the Sustainable Travel Fair and any training sessions. Survey Data : Annual Sustainability Survey : Conducted a survey among a representative sample of students, faculty, and staff to measure awareness and engagement with sustainability communications and events. Event Feedback Surveys : Included questions about communications effectiveness to understand how attendees learned about events and their engagement level.",,,text_long
"University of California, Berkeley",EN-1,EN,Context,Outreach and Communications,,Points earned for indicator EN 1.2,2,,2.0,number
"University of California, Berkeley",EN-1,EN,Context,Outreach and Communications,,Notes about the information provided for this credit,"Office of Sustainaibility, SERC",,,text
"University of California, Berkeley",EN-1,EN,Context,Outreach and Communications,,Additional documentation for this credit,,,,not_reported
"University of California, Berkeley",EN-2,EN,Context,Co-Curricular Activities,,Does the institution formally recognize at least one student organization that is sustainability-focused?,Yes,,,boolean
"University of California, Berkeley",EN-2,EN,Context,Co-Curricular Activities,,Narrative and/or website URL providing an overview of the sustainability-focused student organization(s),"UC Berkeley has over 40 environmental student organizations, both undergraduate and graduate organizations. https://serc.berkeley.edu/get-involved/eco-organizations ASUC Helios Solar Program ASUC Helios Solar Program, referred to as the Helios, is responsible for coordinating the ASUC’s efforts at facilitating off-campus solar panel installations and for lobbying the University to do more to increase its share of renewable power as directed by the Referendum. The primary goal of Helios is the installation of solar panels on off-campus student group houses such as fraternities, sororities, and Berkeley Student Cooperative houses. These houses provide the best nexus between positive environmental impact and student empowerment, while providing tangible financial savings to the students. Helios strives to empower students with decentralized, independent control of their own energy supply and use the cost-savings to further expand the role of renewables in our Berkeley Community. ASUC Sustainability Team (STeam) STeam is an ASUC-sponsored organization aimed at making the campus more sustainable through the creation of and participation in project groups. Each project group is focused on a specific issue area related to campus sustainability. Currently, these include Internal Department of Sustainability, STeam Energy Group, One-Side Clean (OSC), Students Toward Zero Plastic (STOP), Berkeley FLOW, I Will Ride, and Fossil Free Cal. Bay Area Environmentally Aware Consulting Network (BEACN) BEACN is a sustainability-focused consulting organization at Cal. We've worked on a range of projects for over 100 clients, including carbon neutrality plans, growth strategies, and circular economy evaluation. As a BEACN member, you'll gain valuable project experience by working with real-world clients to implement sustainable business practices. You'll also join BEACN's vibrant community and make lifelong friends who will support you at Cal and beyond. Berkeley Energy and Resources Collaborative (BERC) BERC is a multidisciplinary network of UC Berkeley students, alumni, faculty, industry professionals, and advisers who seek to turn world-leading research into world-changing solutions by tackling tough and timely energy and environmental challenges. Its mission is to connect, educate, and engage its members in order to foster innovation and action. Berkeley Energy and Resources Collaborative Undergraduate (BERCU) BERCU is the undergraduate branch of BERC that focuses on engaging undergraduates interested in energy and resources issues. Berkeley Environmental Economics and Policy Students (BEEPS) BEEPS is a group for students in Environmental Economics and Policy to get together to network and socialize. Berkeley Food Institute The Berkeley Food Institute seeks to transform food systems to expand access to healthy, affordable food and promote sustainable and equitable food production. We empower new leaders with capacities to cultivate diverse, just, resilient, and healthy food systems. Berkeley Organization for Animal Advocacy (BOAA) BOAA’s mission is to challenge specieism. While educating UC Berkeley on the issues of animal exploitation, it promotes compassion for all animals and encourages the community to take action against animal injustice. Berkeley Student Food Collective (BSFC) The Berkeley Student Food Collective is dedicated to providing fresh, local, healthy, environmentally sustainable, and ethically produced food at affordable prices to UC Berkeley and the greater community. It operates a cooperative grocery market while seeking to educate students about food systems and nutrition. Berkeley Water Center The Berkeley Water Center seeks to create more resilient, equitable, and sustainable water systems with access to safe water for all. We leverage Berkeley research to accelerate groundbreaking solutions for the world’s water problems. Berkeley Water Group The Berkeley Water Group is an organization meant to bring together undergraduate and graduate students from all different departments to share ideas on topics related to water, sanitation, and hygiene. Participants work on projects through the Blum Center and meet twice a month to collaborate and network. BicyCAL BicyCAL is a student-run organization that encourages the campus community to incorporate bicycles into their lives. Biofuels Technology Club The goal of the Biofuels Technology Club is to provide UC Berkeley with a sustainable means of acquiring biodiesel as a cleaner, alternative energy source for use in campus vehicles and equipment. This self-sustaining initiative will provide a fulfilling hands-on experience for Berkeley engineers, educate Berkeley students about renewable energy resources, and reduce the consumption of fossil fuels. This will be accomplished through the recycling of waste cooking oil (WCO) from local campus dining facilities. bLoop Berkeley Hyperloop is a student organization that competes in the annual SpaceX Hyperloop Pod Competition. We seek to develop novel technological and industrial paradigms to advance high-speed ground transportation, while simultaneously equipping Berkeley students with the skills needed to evolve into inventors and innovators. A team of 40 undergraduate and graduate Berkeley students, our goal is to design, test, and manufacture a high-speed pod, learning and growing through the sound advice and guidance of industry and academic mentors. We compete at the mile-long vacuum tube test track at the SpaceX facility in Hawthorne, California against student teams from around the world in an all-out race for the fastest pod. Cal Environmental Team Each year, the Cal Environmental Team designs and constructs a simple, sustainable water filter that can treat wastewater. The team then competes at the American Society of Civil Engineers Mid Pacific Conference to test their design against that of other teams from western U.S. universities. Cal Hiking and Outdoor Society CHAOS aims to foster a love of the outdoors through group activities including hiking, camping, backpacking, climbing, and kayaking. It’s a great space to meet other students who love nature as well as get resources for outdoor activities. California Public Interest Research Group (CALPIRG) CALPIRG is a statewide, student-directed and student-funded nonprofit that aims to educate the public about various issues, especially environmental issues, that have an impact on all Californians. CALPIRG researches problems, promotes solutions, and demands decision-makers to act. Citizens' Climate Lobby at Berkeley (CCL @ Berkeley) Citizens' Climate Lobby at Berkeley is a chapter of the international non-profit organization, Citizens Climate Lobby, which is dedicated to getting climate solutions passed in Congress through lobbying, grassroots organizing, grasstops engagement, media outreach and more. Citizens' Climate Lobby at Berkeley will also focus on getting students registered to vote for the upcoming election. We believe the solution to the climate crisis is democracy, and we need you on our team! CNR Biological Imaging Facility The Biological Imaging Facility is a core microscope imaging lab at the University of California, Berkeley. The BIF specializes in Widefield, Confocal, Deconvolution, Spinning Disk, and Super-Resolution fluorescence microscopy. Coloring for Conservation Coloring for Conservation designs environmentally friendly coloring book to be published through an eco-friendly company using recycled paper and sells them. The profits will be donated to a forest conservation nonprofit. Conservation & Resource Studies Student Organization (CRSSO) CRSSO is a student group for Conservation and Resource Studies majors intended to foster community, strengthen the student-faculty connection, and engage in social activities in nature. It also offers volunteering and networking opportunities to help CRS students get involved on campus and in the community. Engineers for a Sustainable World at Berkeley Engineers for a Sustainable World is a national non-profit network of 50 collegiate chapters, all dedicated to building a better and more sustainable world. ESW-Berkeley is a diverse mix of students from all majors and backgrounds united by a passion for helping the environment. The chapter works on a variety of projects, in addition to organizing and sponsoring events aimed at education and professional development for members. Environmental Science Student Association (ESSA) ESSA's main goal is to bring students with interests in the environment together in a fun, academic, and social atmosphere. Membership is open to all UC Berkeley students. We organize semesterly camping trips, weekly hikes, guest speakers, and advising sessions for Environmental Science majors. Epsilon ETA Founded in 2017, Epsilon Eta is a professional fraternity at the University of California, Berkeley for undergraduate students seeking post-graduate opportunities in the environmental field. Through establishing connections between students, faculty, researchers, and agencies in the Bay Area, Epsilon Eta seeks to develop a network for those who aspire to make tangible, positive change in the environmental sector. We utilize environmental education, volunteering, and community outreach as mechanisms to promote sustainability, environmental justice, and conservation. As a fraternity, we welcome all students who are dedicated to protecting the environment. EthiCAL Apparel EthiCAL Apparel is a social business that provides high-quality screen-printing and free design services at an affordable price. Profits from sales are reinvested through Kiva to provide microloans for low-income individuals who do not have access to traditional banking services. With a small amount of funding, aspiring entrepreneurs in developing countries may lift themselves out of poverty by launching and expanding their own businesses. Through its services, EthiCAL sets out to create a sustainable change for those in need. Food, Equity, Entrepreneurship, & Development (FEED) Through food justice consulting, FEED serves food system organizations involved in equal food access, fair worker treatment, environmentally regenerative practices, and organizations eager to change their operations to adopt these practices. Fossil Free Cal As part of STeam and the larger Fossil Free UC movement, Fossil Free Cal runs a campaign on campus that calls on UC Berkeley and the UC system to divest their commingled and direct holdings in the top 200 fossil fuel companies with the largest reserves of carbon. Fossil Free Cal demands the administration to make sustainable, socially responsible, and mission-aligned investments. Friends of the River at Berkeley (FOR@B) Interested in California water? Concerned about the drought? Curious about new dam proposals? FOR@B is an activist group operating out of the UC Berkeley campus to spread awareness of water politics, law, supply, etc. to the campus and surrounding community. (unsure if active) Gill Tract Farm Students Coalition Gill Tract Farm Students Coalition is Cal’s student group associated with UC Gill Tract Community Farm, where our goal is to improve our local food system through the communal growing of organic produce. Membership includes participation in collaborative projects that will provide valuable experiential learning opportunities in developing our leadership skills and deepening our knowledge and experience of solving issues in the food system. Global Environmental Theme Housing (GETH) The Global Environment Theme House provides a small community experience within the larger University and attracts students who are committed to protecting the environment. GETH residents, also known as GETHies, will learn about green living and giving back to our environment, grow as leaders, and develop friendships. A theme program assistant provides resources and support for residents’ social and academic needs. In addition, the theme program assistant helps to guide GETHies through the GETH seminar. Discussion topics include sustainability, pollution, advocacy for animals and environment, environmental and social justice, global climate, gentrification, and urban planning and development. GETH values the experience and passion of students. GETHies are challenged and empowered to create their own mark by developing their own programming and projects. GradFood GradFood is an interdisciplinary association of graduate students working across sectors to share their work and ideas regarding all things food and agriculture. GradFood brings UC Berkeley grad students from diverse disciplines together to learn and teach about something that affects everyone: food! As a hub for delving into issues that make food both an intellectually stimulating field and central to our daily lives, GradFood provides opportunities to meet students from other departments, collaborate on and present research, and network with the sustainable food systems community. Greening the Greeks Greening the Greeks is a student organization consisting of Cal Greek members that promotes environmental awareness and sustainability within the fraternity and sorority community, especially in housing facilities and at Greek-sponsored events. Herbicide Free Cal We are a group of students passionate about making our campus in Berkeley herbicide-free. We are working with groundskeepers on applying alternative solutions to spraying agrochemicals to make our campus a greener, healthier place to be Housing and Dining Sustainability Advocates HADSA (Housing and Dining Sustainability Advocates) works directly with the residential halls and Cal Dining to help students and staff increase their awareness of their footprint and decrease their environmental impact. Through student-led advocacy, auditing, and peer education, HADSA strives to make sustainability accessible to the UC Berkeley community, improve housing and dining infrastructure, and work towards more ethical and environmentally sound practices. HADSA works on projects that progress efforts towards energy and water conservation, food waste reduction, solid waste reduction, food literacy, and gardening. HADSA offers internship opportunities to meal plan holders throughout the year. Inductively Coupled Plasma Spectroscopy Facility ICP provides expertise regarding the use of mass spectroscopy and inductively coupled plasma spectroscopy. An ICP is an Inductively Coupled Plasma by using high temperature argon to analyze element concentrations in liquid solutions. The CNR ICP is an Optical Emission System (OES) and uses the light emission from the high temperature excitation of the atoms to determine their concentration. Applications include plant elemental analysis, soil extracts, silicon chip analysis, nanoparticles, rock fusions to name just a few. Here is a list of usable elements with detection limits. Latinxs and the Environment Latinxs and the Environment is an initiative of the Center for Latino Policy and Research (CLPR) at UC Berkeley. This initiative seeks to spark dialogue and policy surrounding the relationship of Latinos and environmental issues. Net Impact Berkeley Net Impact Berkeley is a non-profit, student-run consulting group on campus that strives to bring social responsibility and environmental stewardship to business and innovation. In addition to working on projects for clients each semester, Net Impact Berkeley members have access to the network of the group’s parent organization, Net Impact. Office of Sustainability Our mission is to foster a culture of sustainability at Berkeley and in the world. We do this by planning for and integrating sustainability practices into campus operations and by providing methods, strategies, and data for others to do the same. We lead campus efforts to achieve carbon neutrality and zero waste with a focus on renewable energy, resource saving and stewardship, greening the built environs, and inspiring resilient and inclusive institutional change. Plant Gene Expression Center Uses molecular, genetic, and biochemical approaches to conduct fundamental research in plant molecular biology, including disease resistance, light perception, the circadian clock, vegetative growth, and reproduction, elucidating the essential genes and networks within which they operate. Project Rishi Project RISHI (Rural India Social and Health Improvement) is a non-profit organization whose mission is to promote the sustainable development and growth of rural Indian communities. In partnership with local community members and social enterprises, we identify issues central to our target communities and provide the resources necessary to implement solutions through extensive field research and on-campus initiatives. ReUSE ReUSE promotes the concept of reuse by providing spaces for the campus community to freely exchange reusable goods. After collecting donated reusable materials from individuals and departments, ReUSE redistributes them through its ReUSE stations. The purpose of ReUSE is to divert reusable materials from landfills and encourage the UC Berkeley community to reconsider their notions of waste. smART smART is a collective of multidisciplinary artists aiming to use profits of their work to aid environmental non-profit organizations. Solar Decathlon Solar Decathlon is a group of Berkeley students of all different academic backgrounds who are constructing a sustainable, net-zero home as part of the 2017 U.S. Department of Energy Solar Decathlon competition. Stephens Lab The mission of the Fire Science Laboratory at the University of California Berkeley is to conduct scientific research and provide academic training in the fields of wildland fire science, ecology, and resource management. Strategies for Ecology, Education, Diversity, and Sustainability (SEEDS) SEEDS is part of the Ecological Society of America that is dedicated to increasing the number of people from underrepresented minority groups in the field of ecology. SEEDS provides hands-on experience in the ecology through hikes, volunteering, grad student panels, and field trips. Student Organic Garden Association The Student Organic Garden Association is a democratic association of UC Berkeley students committed to food justice, sustainable organic agriculture, and experiential learning. SOGA manages the Student Organic Garden that serves as a space for democratic hands-on education for students. Students For Climate Action Provides opportunities for students to participate in climate action activities at UC Berkeley and the Greater Bay Area. Is a leading force in the UC Green New Deal process. Students of Climate Action also hosts Fridays for Futures on campus. Students of Color Environmental Collective (SCEC) SCEC is a group intended to be a healing space for students of color to seek refuge from white-dominated environmental and social justice spaces, to learn more about the intersections between environmental and social justice, and to raise conversation about environmental racism and justice on and off campus. If you self identify as a person of color, this is a space for you to share thoughts, experiences, ideas, and educational resources. It is also a space for venting, dialogue, and healing, as well as planning future events and outreach. Please be respectful of this space as existing for students of color. Surfrider Foundation Club (Berkeley Chapter) Surfrider Foundation Club is a grassroots organization dedicated to protecting and preserving the world’s oceans, waves, and beaches through engagement with environmental issues that threaten coastal ecosystems. Sustainable Environmental Designers Interacting Networking Connecting SEDInc aims to bring together students in the Sustainable Environmental Design major for the purpose of connecting with others who share a common interest in sustainable design and helping guide students as they continue their life outside of UC Berkeley. The Berkeley Project The Berkeley Project aims to permanently change the relationship between the students and residents of Berkeley through hands-on community service. The Berkeley Project hosts one large-scale community service event every semester. During our event, we send over 1,500 volunteers to work on various project sites throughout Berkeley. The Wildlife Society at Berkeley The Wildlife Society at Berkeley is a student organization open to all students regardless of background, major, or identity. We aim to create a space for students interested in wildlife and related careers to connect and engage in meetings, events, and with professionals. TWS at Berkeley will be established as a student chapter of the larger The Wildlife Society network in order to participate in conferences, events, and other professional development opportunities. Tiny House In My Backyard (THIMBY) THIMBY is an interdisciplinary team of UC Berkeley graduate and undergraduate students working together to design and build an affordable, off-grid, 100% solar powered “tiny” house. This project represents an opportunity for students from diverse departments to learn about sustainable design principles through hands-on experience in all phases of development, from design to construction to performance evaluation. The end-product will serve as a “living lab” on the Berkeley Global Campus in Richmond, CA. Words of the Watershed Journal Words of the Watershed is UC Berkeley’s undergraduate journal of local environmental writing, with “local” meaning to include both Berkeley and the greater Bay Area. Students use environmental writing to indicate work that explores our collective relationship with the earth and all its inhabitants. This is a space where creative, academic, and journalistic writing and art can dwell together on common ground. Zero Waste DeCal An award-winning, student-led course at UC Berkeley focused on environmental solutions. A directory of the sustainability organizations can be found here: https://serc.berkeley.edu/student-organizations/",,,text_long
"University of California, Berkeley",EN-2,EN,Context,Co-Curricular Activities,,"Does the institution formally recognize at least one student organization that is focused on a topic other than sustainability, but is advancing ecological integrity or racial equity and social justice?",Yes,,,boolean
"University of California, Berkeley",EN-2,EN,Context,Co-Curricular Activities,,Narrative and/or website URL providing an overview of the student organizations that are advancing ecological integrity or racial equity and social justice,"UC Berkeley has over 1000 registered student organizations, with 40+ environmentally focused organizations. There are many student organizations who work towards advancing racial equity and social justice, including advancing ecological integrity. Some organizations included, but are not limited to: https://serc.berkeley.edu/faq/general/students-color-environmental-collective https://serc.berkeley.edu/faq/general/berkeley-student-farms-student-organic-gardening-association-callink https://callink.berkeley.edu/organization/sa-ejhe",,,text_long
"University of California, Berkeley",EN-2,EN,Context,Co-Curricular Activities,,Points earned for indicator EN 2.1,2,,2.0,number
"University of California, Berkeley",EN-2,EN,Context,Co-Curricular Activities,,Has the institution hosted a major sustainability-focused event or series of events during the previous three years targeted to students?,Yes,,,boolean
"University of California, Berkeley",EN-2,EN,Context,Co-Curricular Activities,,Description of and/or website URL for at least one major sustainability-focused event or series of events,"UC Berkeley's community hosts many sustainability focused events and series on campus. The Student Environmental Resource Center (SERC) hosts dozen of events each semester, including Climate Justice Week and Earth Week, an environmental career series, environmental justice trainings, and outdoor education events. https://serc.berkeley.edu/get-involved/serc-programs/climate-justice-week https://serc.berkeley.edu/get-involved/serc-programs/earth-week The Chancellor's Advisory Committee on Sustainability (CACS) Summit https://sustainability.berkeley.edu/office-sustainability/cacs/cacs-sustainability-summits The Chancellor's Advisory Committee on Sustainability (CACS) first met in October 2003, and within a year hosted the first annual UC Berkeley Sustainability Summit. Since then, CACS has hosted a UC Berkeley Sustainability Summit every April during Earth Week. These events serve to gather the campus sustainability community, to honor achievements with Sustainability Awards, to give general community members the chance to green their campus with Green Fund Grants, and to highlight major initiatives. BERC Energy Summit http://www.bercenergysummit.com The Berkeley Energy and Resources Collaborative (BERC) hosts UC Berkeley's premiere energy event – the annual BERC Energy Summit. The Energy Summit, the largest student-led energy conference in the country, brings together over 600 students, researchers, policy makers, industry leaders and entrepreneurs annually to discuss the world's most pressing energy challenges. Berkeley Food Institute Events https://food.berkeley.edu/about-us/events/ Through our extensive community engagement and education programs, the Berkeley Food Institute provides opportunities for students, staff, faculty, and community members to learn, lead, and create change together on pressing food systems topics. BFI offers a wide array of public events on pressing food systems topics. Examples of recent events include Feed Yourself Workshops, One Fair Wage Conference, and “COVID’s Hidden Toll”: Discussion With Filmmakers & Policy Leaders. Earth Justice Month Every October, students from the Student Environmental Resource Center and greater environmental community at Cal gather to organize events to celebrate Earth Month. Earth Justice Month is a collaborative series by SERC and UC Berkeley’s environmental campus departments and organizations, encompassing Zero Waste and Climate Justice. We aim to recognize sustainable efforts on-campus and beyond while further advocating for inclusive, equitable paths towards a racially, environmentally, and socially just future. Due to the Covid-19 pandemic, events have been designed to be hosted online. Speaker events from 2020 included Envisioning Environmental Equality: Understanding Environmental Justice Work, “Remembering Joy and People Power”: Climate Resilience Through Spoken Word, Classroom Perspectives: A Discussion on Environmental Displacement, and Practicing Hope: Combatting Pessimism in the Climate Movement. SERC Career Series http://serc.berkeley.edu/career/ The Student Environmental Resource Center, the Career Center, and the College of Natural Resources have partnered to hold events geared towards students with environmental and sustainability career interests. Example speaker series include Exploring Careers in Sustainability/Environment, Fireside Chat with Alumni, and Environment & Sustainability Career Series: Environmental Compliance.",,,text_long
"University of California, Berkeley",EN-2,EN,Context,Co-Curricular Activities,,Does the institution have a sustainability-focused peer-to-peer education program in which student educators are selected and trained to help catalyze change among their peers?,Yes,,,boolean
"University of California, Berkeley",EN-2,EN,Context,Co-Curricular Activities,,Description of and/or website URL for at least one sustainability-focused peer-to-peer education programs for students,The Student Environmental Resource Center and the ASUC ECO Office hosts enviornmental justice trainings throughout the year. These trainings are developed by student leaders and shared with other peers and student leaders. https://serc.berkeley.edu/resources/environmental-justice/environmental-justice-ej-trainings,,,text_long
"University of California, Berkeley",EN-2,EN,Context,Co-Curricular Activities,,Does the institution regularly provide sustainability-focused employment opportunities for students on at least an annual basis?,Yes,,,boolean
"University of California, Berkeley",EN-2,EN,Context,Co-Curricular Activities,,Description of and/or website URL for at least one sustainability-focused employment opportunity for students,"Office of Sustainability http://sustainability.berkeley.edu/ The UC Berkeley Office of Sustainability's mission is to integrate cutting-edge sustainability policy, planning and practices into campus operations and to foster a culture of sustainability at home and in the world. We lead campus efforts to achieve carbon neutrality and zero waste with a focus on renewable energy, resource saving and stewardship, greening the built environment and inspiring resilient institutional change. The Office of Sustainability team includes undergraduate and graduate fellows who work part time on sustainable projects and initiatives. Bonnie Reiss Climate Action Student Fellowship Program https://www.ucop.edu/leading-on-climate/student-involvement/index.html The UC President’s Bonnie Reiss Climate Action Student Fellowship Program funds student-generated projects that support the UC system’s goal to produce zero-net greenhouse gas emissions by 2025. All 10 UC campuses plus the UC Office of the President, UC Agriculture and Natural Resources, and Lawrence Berkeley National Laboratory participate in the program. The program began in spring 2015, with fellows participating in a July 20 symposium in San Francisco. The program is open to both undergraduate and graduate students, and administered at each location to ensure that student efforts align with local needs. UC Berkeley hosts about 3-4 CNI fellows every year through the Office of Sustainability and the Student Environmental Research Center. Cal Zero Waste https://facilities.berkeley.edu/departments/cal-zero-waste Cal Zero Waste manages over 25 tons of solid waste that move through the campus daily and is committed to expanding recycling and composting programs while providing effective refuse collection services. The office offers recycling, composting and refuse pickup, debris box ordering, and porta-potty placement. To operate these programs, Cal Zero Waste works with various other campus entities such as Custodial Services for indoor waste and recycling collection and Grounds Operations for greenwaste and plant debris services. The staff consists of a Zero Waste Manager, a Zero Waste Operations Supervisor, a Zero Waste Operations Coordinator, and Truck Drivers. We also employ a team part time student staff responsible for education and outreach programs, waste reduction projects, and building assessments. Student Environmental Resource Center (SERC) https://serc.berkeley.edu/meet-the-team/ In 2017, SERC continued to expand its programs, projects, and resources, which grew to include the hiring of the first Environmental Justice Associate, and the expansion of Solar Spring Break. SERC second Director and third full-time Coordinator was also hired this year. SERC’s student staff grew into a thriving force of over 20 students, managing the day-to-day operations and environmental programs for the campus. The Green Initiative Fund http://tgif.berkeley.edu/ The Green Initiative Fund (TGIF) is UC Berkeley's Green Campus Fund. TGIF provides funding, via grants, for projects that improve and support UC Berkeley's campus sustainability efforts. TGIF allocates funds to projects that promote sustainable modes of transportation, increase energy and water efficiency, restore habitat, promote environmental and food justice and reduce the amount of waste created by UC Berkeley. The fund also supports education & behavior change initiatives, student financial aid (via return to aid) and student internships. Students, faculty and staff may submit project proposals, which are selected for funding by the annually appointed TGIF Committee, consisting of students, faculty and staff, on which the students have the majority vote. Since its inaugural grant cycle in spring 2008, TGIF has awarded more than $4.5 million in grants to 315 grant projects. These projects have included the funding of 464 student sustainability internships. As of Fall 2022, 224 TGIF projects have successfully concluded and 78 are currently in-progress. Only 13 projects have been discontinued, with funds returned to be allocated to future projects. TGIF hires several students annually to support his grant application process as well. Other on-campus sustainability-focused student employment opportunities are available at Parking and Transportation, Housing and Dining Sustainability Advocates (HADSA), the Berkeley Food Institute and campus Environment, Health & Safety.",,,text_long
"University of California, Berkeley",EN-2,EN,Context,Co-Curricular Activities,,Does the institution have at least one student-managed enterprise that is sustainability-focused?,Yes,,,boolean
"University of California, Berkeley",EN-2,EN,Context,Co-Curricular Activities,,Description of and/or website URL for at least one student-managed enterprise that is sustainability-focused,"Berkeley Student Food Collective (BSFC) http://berkeleystudentfoodcollective.org/ https://www.foodcollective.org/ An organization dedicated to providing fresh, local, healthy, environmentally sustainable, and ethically produced food at affordable prices to the Berkeley campus and greater community. It seeks to educate students about nutrition and food systems, empower new leaders, and train youth to work in and manage a sustainable business. Through inclusive, democratic decision-making, it operates a cooperative grocery market that promotes community-building and environmental stewardship. Bay Area Environmentally Aware Consulting Network https://www.beacn.org/ BEACN is a non-profit, student-run business consulting organization at UC Berkeley. We provide our clients with high-quality, innovative business solutions that promote sustainability and social responsibility. Since 2006, we’ve completed over 100 projects. From our projects to our member development, we aim to foster a community of impact-driven leaders. We prioritize creating a tight-knit, inclusive club, and actively work towards a more equitable and sustainable future. Our members come from all majors and backgrounds, but our common thread is a passion for sustainability. Through impactful project engagement, BEACN members go on to meaningful careers in academia, industry, policy and beyond. BicyCAL - Bicycle Cooperative at UC Berkeley https://beeceecal.wordpress.com/ BicyCAL is a student-founded and cooperatively run organization at UC Berkeley whose mission is to empower UC Berkeley students, faculty and staff to integrate the bicycle into their daily lives. To that end we seek to provide a space where members of our community can learn how to maintain, operate and love their bicycles in an inclusive and safe place. We offer peer-to-peer bicycle repair and maintenance education in a radically positive environment. ReUSE https://reuse.berkeley.edu/ The ReUSE Store is a campus not-for-profit thrift store run by student volunteers in the ReUSE Club. We take donations and trades of clothing and other household items from the Cal community and give them back to the community via our store. We are committed to creating a more sustainable environment through promoting reuse and making items affordable for students. Textbooks, readers, and office supplies are all free, and everything else in the store is $3 or less. Things we can’t sell or give away are donated. All proceeds go to charity and maintaining the club. EthiCal Apparel is a student-run and sustainably-driven social enterprise at UC Berkeley. They provide custom orders of high-quality screen printing and design services on sustainable, ethically-made clothing. In addition, they have their own line of apparel that we design and sell. https://callink.berkeley.edu/organization/ethicalapparel",,,text_long
"University of California, Berkeley",EN-2,EN,Context,Co-Curricular Activities,,Description of additional sustainability-focused co-curricular activities for students,The Student Environmental Resource Center is a campus department that focuses on creating and supporting the co-curricular experience for students interested in the environment. Programs include the SERC Membership program and the Student Leadership Institute for Climate Resilience amongst many more. https://serc.berkeley.edu/get-involved/serc-programs/serc-membership https://serc.berkeley.edu/get-involved/serc-programs/student-leadership-institute-climate-resiliency,,,text_long
"University of California, Berkeley",EN-2,EN,Context,Co-Curricular Activities,,Points earned for indicator EN 2.2,2,,2.0,number
"University of California, Berkeley",EN-2,EN,Context,Co-Curricular Activities,,Does the institution collect data on the extent of student participation in its sustainability activities?,Yes,,,boolean
"University of California, Berkeley",EN-2,EN,Context,Co-Curricular Activities,,Percentage of students that participate in sustainability activities annually,50 to 100,,,text
"University of California, Berkeley",EN-2,EN,Context,Co-Curricular Activities,,Approach used to determine the percentage of students that participate in the institution’s sustainability activities annually,Direct tracking of participation,,,text
"University of California, Berkeley",EN-2,EN,Context,Co-Curricular Activities,,Narrative outlining how student participation in the institution’s sustainability activities was determined,The Student Environmental Resource Center collects data on student participation for select SERC related programs and activities via post event surveys. SERC also measures general student engagement through tracking social marketing platforms.,,,text_long
"University of California, Berkeley",EN-2,EN,Context,Co-Curricular Activities,,Points earned for indicator EN 2.3,5,,5.0,number
"University of California, Berkeley",EN-2,EN,Context,Co-Curricular Activities,,Notes about the information provided for this credit,"Office of Sustainability, SERC",,,text
"University of California, Berkeley",EN-2,EN,Context,Co-Curricular Activities,,Additional documentation for this credit,,,,not_reported
"University of California, Berkeley",EN-3,EN,Context,Staff Engagement and Training,,Does the institution have at least one voluntary network or engagement program open to non-academic staff that is sustainability-focused?,Yes,,,boolean
"University of California, Berkeley",EN-3,EN,Context,Staff Engagement and Training,,Narrative and/or website URL providing an overview of the sustainability-focused staff networks and engagement programs,"University Health Services ""Be Well at Work"" program runs a campus garden and a volunteer program for staff to help manage the garden. https://uhs.berkeley.edu/staff-community-garden",,,text
"University of California, Berkeley",EN-3,EN,Context,Staff Engagement and Training,,Does the institution have at least one voluntary staff network or engagement program open to non-academic staff that is focused on a topic other than sustainability that is advancing ecological integrity and/or racial equity and social justice?,Yes,,,boolean
"University of California, Berkeley",EN-3,EN,Context,Staff Engagement and Training,,Narrative or website URL providing an overview of the staff networks and engagement programs that are advancing ecological integrity and/or racial equity and social justice,"The Staff as Students of Social Justice (SSSJ) Program is an opportunity for campus staff to learn first-hand from leading scholars about the intersections of race, ethnicity, and gender, dig into subjects of personal interest, and build connections with faculty, students, and fellow staff colleagues. The SSSJ Program is an important expression of the campus’s commitment to the intellectual and professional development of staff, especially around issues of equity, inclusion, and diversity. The program is made possible by funding support from the Division of Equity and Inclusion, the Division of Undergraduate Education, and People & Culture, and is a keystone effort of the university’s work towards Becoming an Anti-Racist Campus. https://ue.berkeley.edu/about/eid/sssj Equity-Oriented Advising & Coaching Program is a highly-participatory professional development program designed to support advising and student services staff in their practice as equity-oriented advisors and coaches. The EOAC program offers a balance of theory and practice, incorporating self-reflection, continuous learning, and approaches to mitigating bias in all aspects of staff advising work. https://advisingmatters.berkeley.edu/grow/equity-oriented-advising-coaching-program People & Culture's Sponsored Staff Organizations fall under two sections - Identity-Based Staff Organizations and Communities of Practice. All staff are automatically members of Berkeley Staff Assembly. https://stafforg.berkeley.edu/staff-organizations",,,text_long
"University of California, Berkeley",EN-3,EN,Context,Staff Engagement and Training,,Points earned for indicator EN 3.1,2,,2.0,number
"University of California, Berkeley",EN-3,EN,Context,Staff Engagement and Training,,Does the institution make available sustainability-focused training opportunities to non-academic staff on at least an annual basis?,Yes,,,boolean
"University of California, Berkeley",EN-3,EN,Context,Staff Engagement and Training,,Description of and/or website URL for at least one of the institution’s sustainability-focused staff training opportunities,"Created by the Office of Sustainability, this UC Berkeley Sustainability Staff Training is composed of ten comprehensive modules, designed to allow staff to work and complete at their own pace. https://sustainability.berkeley.edu/engage/sustainability-staff-training",,,text_long
"University of California, Berkeley",EN-3,EN,Context,Staff Engagement and Training,,Points earned for indicator EN 3.2,2,,2.0,number
"University of California, Berkeley",EN-3,EN,Context,Staff Engagement and Training,,Does the institution collect data on the extent of employee participation in its sustainability activities?,Yes,,,boolean
"University of California, Berkeley",EN-3,EN,Context,Staff Engagement and Training,,Percentage of employees that participate in sustainability activities annually,50 to 100,,,text
"University of California, Berkeley",EN-3,EN,Context,Staff Engagement and Training,,Approach used to determine the percentage of employees that participate in the institution’s sustainability activities annually,Conservative estimate based on mixed/limited data sources,,,text
"University of California, Berkeley",EN-3,EN,Context,Staff Engagement and Training,,Narrative outlining how employee participation in the institution’s sustainability activities was determined,"To estimate the percentage of employees participating in our institution’s sustainability activities, we used several indicators: Green Department and Green Lab Certifications : We counted employees within departments and labs that have achieved Green Certification, as these groups actively engage in sustainable practices. Sustainability Staff Training : We included employees who have completed sustainability-focused training, reflecting their commitment to sustainable practices and awareness. Volunteer Programs and Events : Participation in volunteer initiatives and events centered on sustainability was also factored in, capturing active engagement in sustainability efforts. Sustainability Newsletters : We considered the recipients of sustainability newsletters, as regular engagement with sustainability communications contributes to awareness and participation. By combining these metrics, we arrived at an estimated percentage of employees who engage in our institution’s sustainability initiatives, acknowledging that these indicators collectively represent active and informed participation.",,,text_long
"University of California, Berkeley",EN-3,EN,Context,Staff Engagement and Training,,Points earned for indicator EN 3.3,4,,4.0,number
"University of California, Berkeley",EN-3,EN,Context,Staff Engagement and Training,,Notes about the information provided for this credit,"Office of Sustainability, SERC, Government & Community Relations",,,text
"University of California, Berkeley",EN-3,EN,Context,Staff Engagement and Training,,Additional documentation for this credit,,,,not_reported
"University of California, Berkeley",EN-4,EN,Context,Sustainability Culture Assessment,,Has the institution conducted an assessment of its sustainability culture during the previous three years?,Yes,,,boolean
"University of California, Berkeley",EN-4,EN,Context,Sustainability Culture Assessment,,Narrative and/or website URL providing an overview of the instruments/tools used to assess sustainability culture,"In Spring 2023, UC Berkeley and UC Davis hosted a competition called the Cool Campus Challenge (CCC), which is a recurring competition with a new format. The CCC is held every few years, so the resulting surveys provide a longitudinal look at campus attitudes. One of the goals was to determine which UC Campus can do the most to reduce its carbon footprint. The Cool Campus Challenge (CCC) online dashboard enabled students to track and record their climate-friendly actions, including using sustainable transportation, reducing food waste, and conserving energy. The Spring 2023 competition ran from April 3 to April 28, with campuses competing for the title of ""The Most Sustainable Campus"" based on engagement levels. In earlier versions, the CCC Survey asked participants the following: - How long they plan to continue their pledged sustainable actions - How worried they are about climate change - The causes they believe are causing climate change - Their belief that their individual actions can make a difference to help reduce climate change - Their belief that our collective action on campus and in the UC System can make a difference to help reduce climate change The goal of the CCC and its accompanying survey was to create and assess the culture of sustainability on each of UC campuses, helping the UC system reach carbon neutrality.",,,text_long
"University of California, Berkeley",EN-4,EN,Context,Sustainability Culture Assessment,,Description of the institution’s recent sustainability culture assessment findings and any notable trends,"Full Report: https://drive.google.com/file/d/13KjOhmX5zFLODGXbZ2vtzcgbPlzv_h8v/view?usp=sharing The campaign's core message was to help students understand their personal environmental impact. By engaging college students, it aimed to instill a foundational awareness that they could carry into their careers and adult lives, fostering a deeper connection to sustainability. The initiative focused on three key utilities—energy, water, and waste—while using a pledge and points system to encourage direct action.",,,text_long
"University of California, Berkeley",EN-4,EN,Context,Sustainability Culture Assessment,,Is the culture assessment designed and administered in such a way that the results can be used to measure change over time?,Yes,,,boolean
"University of California, Berkeley",EN-4,EN,Context,Sustainability Culture Assessment,,Description of how the design and administration of the sustainability culture assessments supports the measurement of change over time,"The 2023 CCC competition involved a significantly lower participation from students and staff compared to previous years. One of the reasons is its grassroots nature and lack of system-wide marketing. Only two UC Campuses particiapted in the CCC in 2023. Back in April 2019, all 10 campuses across the University of California system participated in the Cool Campus Challenge to see which UC location can do the most to reduce its carbon footprint. Participants earned 500 points for completing an online research and evaluation survey. This action was among the top ten most popular actions taken during the Cool Campus Challenge. In 2019, a total of 5,106 participants across the UC system completed the survey, including faculty, staff, and students. Comparatively, in 2015, a total of 3,667 participants across the UC system completed the survey for an average response rate of 19% (22% by staff and 14% by students). Interestingly, the majority response to the statement ""My individual actions can make a difference to help reduce climate change"" switched from ""Strongly agree"" in the 2015 CCC to ""Agree"" in the 2019 CCC.",,,text_long
"University of California, Berkeley",EN-4,EN,Context,Sustainability Culture Assessment,,Points earned for indicator EN 4.1,1,,1.0,number
"University of California, Berkeley",EN-4,EN,Context,Sustainability Culture Assessment,,"Percentage of students assessed for sustainability culture, either directly or by representative sample",1 to 24,,,text
"University of California, Berkeley",EN-4,EN,Context,Sustainability Culture Assessment,,Description of the process used to measure or estimate the percentage of students assessed for sustainability culture,"Student participation was measured by their participation in the CCC Dashboards and their engagement level. The lead at UC Berkeley secured support from two other students, one of which worked for HADSA (Housing and Dining Services). This was a beneficial connection that linked the CCC to at least one campus administration and led to successful use of tabling resources. Due to its limited resources and grassroots nature, the Cool Campus Challenge at UC Berkeley did not target all students directly but instead relied on outreach of the Housing and Dining Services Administration (HADSA). This limited the pool of potential participants to those reached through this channel, which is estimated to be 200, based on the tabling, andTGIF grant to produce traction via flyers. Only 40 (20%) individuals registered for CCC at UC Berkeley and of those, 9 individuals earned 700+ points, representing active engagement beyond initial signup. Thus the engagement rate for UC Berkeley participants in the Cool Campus Challenge was 22.5%.",,,text_long
"University of California, Berkeley",EN-4,EN,Context,Sustainability Culture Assessment,,Points earned for indicator EN 4.2,0.25,,0.25,number
"University of California, Berkeley",EN-4,EN,Context,Sustainability Culture Assessment,,"Percentage of employees assessed for sustainability culture, either directly or by representative sample",0,,0.0,number
"University of California, Berkeley",EN-4,EN,Context,Sustainability Culture Assessment,,Description of the process used to measure or estimate the percentage of employees assessed for sustainability culture,,,,not_reported
"University of California, Berkeley",EN-4,EN,Context,Sustainability Culture Assessment,,Points earned for indicator EN 4.3,0,,0.0,number
"University of California, Berkeley",EN-4,EN,Context,Sustainability Culture Assessment,,Notes about the information provided for this credit,Information in this section was provided by the UC Office of the President Cool Campus Challenge and UC Davis.,,,text
"University of California, Berkeley",EN-4,EN,Context,Sustainability Culture Assessment,,Additional documentation for this credit,,,,not_reported
"University of California, Berkeley",EN-5,EN,Context,Civic Engagement,,Does the institution have one or more programs to support student civic engagement?,Yes,,,boolean
"University of California, Berkeley",EN-5,EN,Context,Civic Engagement,,Narrative and/or website URL providing an overview of the institution’s civic engagement programs for students,"The Public Service Center brings together students, faculty, and communities to harness their collective wisdom in support of social justice, civic engagement, and transformative social change. https://publicservice.berkeley.edu/",,,text_long
"University of California, Berkeley",EN-5,EN,Context,Civic Engagement,,Percentage of students that participate in community service and/or other civic engagement programs annually,50 to 100,,,text
"University of California, Berkeley",EN-5,EN,Context,Civic Engagement,,Approach used to determine the percentage of students that participate in civic engagement programs annually,Survey/assessment results,,,text
"University of California, Berkeley",EN-5,EN,Context,Civic Engagement,,Narrative outlining how student participation in civic engagement programs was determined,"In the 23-24 academic year, the Public Service Center supported 274 student leaders, who in turn engaged over 7600 students in service. Together, students contributed over 600,000 hours of service in our local communities. https://www.universityofcalifornia.edu/about-us/information-center/ucues-data-tables-main Additionally, 35% of surveyed undegraduate students reported that they volunteer off campus and 24% volunteered on campus throuought the year.",,,text_long
"University of California, Berkeley",EN-5,EN,Context,Civic Engagement,,Points earned for indicator EN 5.1,4,,4.0,number
"University of California, Berkeley",EN-5,EN,Context,Civic Engagement,,Does the institution have one or more programs designed to support employee community service?,Yes,,,boolean
"University of California, Berkeley",EN-5,EN,Context,Civic Engagement,,Narrative and/or website URL providing an overview of the institution’s programs to support employee community service,"UC Berkeley has programs designed to support employee community service. One key initiative is the Cal Civic Engagement Program, which encourages and supports faculty and staff in contributing to the community through volunteerism and civic engagement. This program aligns with the university’s mission to promote social responsibility and community involvement. Cal Employees: Community at Work: This program encourages UC Berkeley employees to participate in community service through university-organized events and opportunities, such as days of service, local non-profit partnerships, and volunteering initiatives. Day of Service Events: UC Berkeley frequently organizes ""days of service,"" where employees can volunteer their time to work with local organizations on community service projects, such as environmental clean-ups, mentoring youth, or supporting non-profits. Paid Time Off for Volunteering: Certain departments and units at UC Berkeley offer flexible work arrangements or paid time off for employees to engage in community service activities, supporting a work-life balance that encourages giving back.",,,text_long
"University of California, Berkeley",EN-5,EN,Context,Civic Engagement,,Does the institution support employees volunteering for community organizations during regular work hours?,Yes,,,boolean
"University of California, Berkeley",EN-5,EN,Context,Civic Engagement,,Narrative and/or website URL providing an overview of the institution’s support for community volunteering during regular work hours,"Staff are offered release time for campus-sponsored activities, including activities in Berkeley Staff Organizations. Release Time for Campus-Sponsored Activities: In the normal course of business, exempt employees should receive at least 10 workdays of approved paid release time annually, and non-exempt employees should receive at least 80 hours of approved paid release time annually to participate in campus-sponsored activities. Release time cannot be accrued for carry-forward to the next year. https://campuspol.berkeley.edu/policies/stafforgs.pdf The University Section Club, a non-profit UC Berkeley support group, is one example of a Berkeley Staff Organization. Its mission and purpose includes: - To provide service to the University Community - To raise funds to aid deserving students, support student-related groups, and foster scholarship and international understanding Volunteer activities welcome and support students, international scholars and their families. Fundraising activities, dues and donations support philanthropy to students which include emergency grants, financial support for student groups and programs, and two endowed scholarships. https://stafforg.berkeley.edu/university-section-club-contact-and-officers Berkeley Veterans mission is to serve veterans at UC Berkeley and the surrounding communities, and to serve the campus by acting as a bridge to the military and veterans community. Goals: Participating in/sponsoring campus service projects, such as cleanup efforts https://stafforg.berkeley.edu/organizations/identity-based-staff-orgs/berkeley-veterans LavenderCal is UC Berkeley’s network for lesbian, gay, bisexual, transgender and queer+ employees. We are staff, faculty, librarians, academic researchers, postdoctoral appointees, and visiting scholars. We welcome the support and participation of allies. LavenderCal is recognized as an official campus staff organization, supported by the Chancellor and the Vice Chancellor for Equity & Inclusion. Goal: To sustain a large, inclusive network of staff and faculty who volunteer effort—little or much, occasionally or regularly—to promote the welfare of the UC LGBTQ+ communities https://stafforg.berkeley.edu/staff-organizations/identity-based-staff-orgs/lavendercal UC Berkeley Wellness Ambassadors are staff or faculty volunteers who play a vital role in supporting Be Well at Work – Wellness Program by promoting health and wellness programs to your coworkers, department, or friends on campus. Any UC Berkeley faculty or staff can volunteer to be a Wellness Ambassador. Wellness Ambassadors volunteer during regular work-time hours. https://uhs.berkeley.edu/facstaff/wellness/wellness-ambassadors Staff are invited to volunteer at Summerfest, a highlight of Staff Appreciation Week. The event is an opportunity for friends, co-workers, and colleagues to enjoy a delicious free lunch, score a free commemorative t-shirt, learn about staff organizations, and come together to celebrate their vital contributions to the university. It’s also a way for the university to sincerely thank the staff for their service. With permission from their supervisor, volunteers contribute their time during regular work hours. https://hr.berkeley.edu/compensation-benefits/perks/staff-appreciation-week The Dean of Students portfolio in Student Affairs offers an Externship program for staff, which supports staff members from a department to volunteer as an Extern for another department. This externship volunteer program takes place during the regular work hours, so volunteers are compensated for their time. UC Berkeley also provides employee incentives and positive recognition such as the Chancellor's Awards for Public Service and a staff public service award. Individual departments also offer their own community service awards.",,,text_long
"University of California, Berkeley",EN-5,EN,Context,Civic Engagement,,Points earned for indicator EN 5.2,1,,1.0,number
"University of California, Berkeley",EN-5,EN,Context,Civic Engagement,,Have one or more individuals affiliated with the institution helped develop public policies that address sustainability challenges within the previous three years?,Yes,,,boolean
"University of California, Berkeley",EN-5,EN,Context,Civic Engagement,,Narrative outlining how individuals affiliated with the institution have helped develop local or regional public policies that address sustainability challenges,"As a public university, UC Berkeley and its leaders are not permitted to endorse specific legislation. However, UC Berkeley provides a place for individual scholars, and teams of scholars, to create and share knowledge, and make policy recommendations. When in government service, the campus often provides compensation to faculty members in a position to use their scholarship to inform rational policy making. The Chancellor made a strong statement of support for sustainability in this endorsement of CalPIRG efforts, and has made it the policy of UC Berkeley to pursue a carbon-free energy system, devoting over half a billion dollars to a new clean energy project. In phase 1, the project aims to reduce campus greenhouse gas emissions by over 70%. Our Vice Chancellor for Administration spoke about sustainability commitments in this speech. Additionally, the campus supported the City of Berkeley Southside Complete Streets Project, which aims to make the city streets adjacent to the southside of campus more pedestrian and bike friendly, and includes dedicated bus lanes. Faculty and students advocated for the following bills, which were approved: Senate Bill 1053 Senate Bill 707 Assembly Bill 3264 Assembly Bill 1866 Assembly Bill 660 https://haas.berkeley.edu/sustainability/campus-sustainability/zero-waste-2/ Assembly Bill 1042",,,text_long
"University of California, Berkeley",EN-5,EN,Context,Civic Engagement,,Narrative outlining how individuals affiliated with the institution have helped develop national or international public policies that address sustainability challenges,"Researchers affiliated with UC Berkeley have been awarded the Nobel Peace Prize for their work in informing policy in climate change through the Intergovernmental Panel on Climate Change. Within the past three years, several faculty members served in White House Office of Science and Technology Policy (Director of the White House’s Greenhouse Gas Monitoring Program) and on the President’s Council of Science Advisors, advising the president on policy sustainability and science. Another faculty member served as United States Department of the Treasury’s Deputy Assistant Secretary for Climate and Energy Economics to make policy recommendations for the US. UC Berkeley has had a substantial impact on public policy in sustainability, both nationally and internationally, through faculty research, student initiatives, and collaborative projects. Here are some examples: Climate Policy and Carbon Emission Standards : Researchers at UC Berkeley, especially from the Goldman School of Public Policy and the Energy and Resources Group, have developed frameworks that informed carbon emission policies. Their work has influenced key standards in California, such as the cap-and-trade program and emission reduction goals, which have been used as models for other states and countries. Energy Efficiency and Renewable Energy : Faculty and students have been involved in creating the scientific groundwork for energy efficiency standards, particularly for appliances and buildings. For example, Berkeley's contributions helped shape the federal Energy Star program, and the work done on renewable energy transitions has informed policy proposals in the EU and beyond. Environmental Justice : The Berkeley Environmental Law Clinic and faculty from the School of Law have supported environmental justice through legal frameworks and policy recommendations. Their research has led to legislation that addresses pollution and environmental health disparities in vulnerable communities. Sustainable Agriculture and Land Use : Berkeley's College of Natural Resources has pioneered research on sustainable agriculture and land use, with an emphasis on reducing agricultural emissions, water conservation, and soil health. Faculty members have advised the U.S. Department of Agriculture (USDA) on sustainable farming practices, which in turn influence international agricultural sustainability guidelines. Waste Management and Circular Economy : Faculty and students at UC Berkeley have conducted research on waste management strategies, advocating for a shift toward a circular economy. These insights have contributed to California's waste reduction policies and served as models for policies internationally, particularly in regions looking to reduce landfill waste and improve recycling standards. Transportation and Sustainable Urban Planning : The Institute of Transportation Studies at Berkeley has developed models and guidelines for sustainable urban planning, particularly in transit-oriented development and emissions reduction in transportation. Their research has informed policy changes in California and provided insights for international urban planning organizations.",,,text_long
"University of California, Berkeley",EN-5,EN,Context,Civic Engagement,,Has the institution advocated for public policies to advance sustainability during the previous three years?,Yes,,,boolean
"University of California, Berkeley",EN-5,EN,Context,Civic Engagement,,Narrative and/or website URL providing an overview of the institution’s advocacy for public policies to advance sustainability,"UC State Governrnent Relations (SGR) is the UC's representative to state elected officials and agencies. SGR works with UCAN that launched a climate action campaign with petitions from UC Community members, advocating for state budget funding to support climate change programs. The result of this advocacy is $185 million in climate funding from the State of California: https://www.universityofcalifornia.edu/press-room/uc-statement-2022-23-california-budget-0 https://www.universityofcalifornia.edu/get-involved/advocate https://ucop.edu/state-governmental-relations/index.html https://www.universityofcalifornia.edu/get-involved/advocate/climate-change The University of California supports robust and sustained federal investments in education, research and health care funding. Through a partnership with the federal government, UC is an economic engine for California and the nation. Federal funds are critical to the University’s ability to educate the next-generation workforce, advance scientific breakthroughs and provide world-class medical training and patient care. https://www.ucop.edu/federal-governmental-relations/index.html View the list of UC advocacy priorities: https://www.ucop.edu/federal-governmental-relations/policy-legislation/research-science-technology.html https://www.ucop.edu/federal-governmental-relations/advocacy/federal-research-advocacy/index.html",,,text_long
"University of California, Berkeley",EN-5,EN,Context,Civic Engagement,,Documentary evidence of the institution’s advocacy for public policies to advance sustainability,,,,not_reported
"University of California, Berkeley",EN-5,EN,Context,Civic Engagement,,Online resource that provides evidence of the institution’s advocacy for public policies to advance sustainability,https://gspp.berkeley.edu/research-and-impact/centers/cepp/publications,,,url
"University of California, Berkeley",EN-5,EN,Context,Civic Engagement,,Points earned for indicator EN 5.3,3,,3.0,number
"University of California, Berkeley",EN-5,EN,Context,Civic Engagement,,Notes about the information provided for this credit,"Sustainability Office, SERC, Government & Community Relations",,,text
"University of California, Berkeley",EN-5,EN,Context,Civic Engagement,,Additional documentation for this credit,,,,not_reported
"University of California, Berkeley",EN-6,EN,Context,Community Partnerships,,Does the institution have at least one community partnership that is sustainability-focused?,Yes,,,boolean
"University of California, Berkeley",EN-6,EN,Context,Community Partnerships,,Narrative and/or website URL providing an overview of the institution’s sustainability-focused community partnerships,"Chancellor's Community Partnerships fund: The UC Berkeley Chancellor’s Community Partnership Fund (the Fund) invests in projects and programs that establish new or existing partnerships between UC Berkeley and Berkeley community entities that improve the quality of life for people who live or work in Berkeley. The Fund seeks partnerships and collaborations that are designed to match the university’s expertise and service with community wisdom and leadership. Eligibility is limited to projects and programs that have at least one community partner and one UC Berkeley partner. An ideal campus/community partnership gives students, faculty and staff an opportunity to bring the university’s public service mission to life in community projects that further social justice and racial equity. Projects that benefit specific neighborhoods or groups of Berkeleyans are preferred. College Corps: #CaliforniansForAll College Corps is a statewide partnership with California Volunteers to create debt-free pathways to college while mobilizing thousands of college students to tackle pressing community issues. At UC Berkeley, approximately 100 undergraduates are serving with community partners supporting food and climate justice, K-12 education, and behavioral health & wellness efforts.",,,text_long
"University of California, Berkeley",EN-6,EN,Context,Community Partnerships,,Points earned for indicator EN 6.1,3,,3.0,number
"University of California, Berkeley",EN-6,EN,Context,Community Partnerships,,Does the institution have at least one community partnership that explicitly aims to support underrepresented groups and/or vulnerable populations in addressing the sustainability challenges they have identified?,Yes,,,boolean
"University of California, Berkeley",EN-6,EN,Context,Community Partnerships,,Description of the institution’s community partnerships to support underrepresented groups and/or vulnerable populations in addressing sustainability challenges,"In 2023-24, through College Corps, a state partnership funded by California Volunteers, the UC Public Service Center placed 46 undergraduate student Fellows in Climate or Food Justice community partnerships with 10 different community organizations. Each Fellow served for 450 hours over the course of the year, earning $10,000 in living stipends and education awards. Partner organizations included: The Center (Oakland Unified School District's demonstration garden and test kitchen), GRID Alternatives, Frontline Catalysts, Dorothy Day House, Berkeley Meals on Wheels, the Berkeley Student Food Collective, and Climate Emergency Mobilization Task Force, among others.",,,text_long
"University of California, Berkeley",EN-6,EN,Context,Community Partnerships,,Points earned for indicator EN 6.2,3,,3.0,number
"University of California, Berkeley",EN-6,EN,Context,Community Partnerships,,Does the institution follow published guidelines for creating and maintaining community partnerships that are reciprocal and mutually beneficial?,Yes,,,boolean
"University of California, Berkeley",EN-6,EN,Context,Community Partnerships,,Publication that includes the community partnership guidelines,,,,not_reported
"University of California, Berkeley",EN-6,EN,Context,Community Partnerships,,Online resource that includes the institution’s community partnership guidelines,https://docs.google.com/document/d/1-6jmPwMwseUfZaXixcJ7wBnlARzsBy6vqynIA9ZPl2E/edit?usp=sharing,,,url
"University of California, Berkeley",EN-6,EN,Context,Community Partnerships,,Are all of the institution’s community partnerships for sustainability subject to an assessment process that includes joint evaluation by the institution and its community partners?,Yes,,,boolean
"University of California, Berkeley",EN-6,EN,Context,Community Partnerships,,Description of the institution’s approach to community partnership assessment and how the results are used to improve reciprocity and mutual benefit,"UC Berkeley’s Chancellor’s Community Partnership Fund (CCPF) employs a structured approach to assessing and improving community partnerships, ensuring reciprocity and mutual benefit through the following key practices: Assessment through Thematic Objectives : Partnerships are evaluated based on their alignment with six thematic areas, such as education, health, and environmental stewardship. Applications are assessed for their ability to address systemic barriers, advance equity, and improve the quality of life for Berkeley residents. Collaborative Structure : All projects must involve significant collaboration between UC Berkeley and at least one eligible community partner. Assessments emphasize the depth, sustainability, and potential for long-term impact of these partnerships. Focus on Equity-Driven Policies : The assessment process prioritizes projects that align with equity-driven initiatives developed through extensive community engagement, such as the Berkeley Youth Equity Partnership. This ensures that projects directly address the needs of underserved populations. Use of Assessment Results for Improvement : Assessment results inform strategies to enhance the effectiveness and sustainability of community-campus collaborations. Feedback from the CCPF Advisory Board guides partners in refining their objectives and implementation plans, strengthening future applications. The fund’s emphasis on leveraging additional resources fosters the development of partnerships that extend beyond reliance on CCPF support. This approach ensures that partnerships between UC Berkeley and the Berkeley community are equitable, impactful, and aligned with shared goals, fostering mutual growth and continuous improvement. It is governed by the Strategic Academic Plan that UC Berkeley adopted in 2018. https://chancellor.berkeley.edu/structure-and-timeline",,,text_long
"University of California, Berkeley",EN-6,EN,Context,Community Partnerships,,Points earned for indicator EN 6.3,3,,3.0,number
"University of California, Berkeley",EN-6,EN,Context,Community Partnerships,,Notes about the information provided for this credit,"The information in this section was provided by the UC Berkeley Office of Sustainability, the Student Environmental Resource Center, and Government and Community Relations, Office of the President.",,,text
"University of California, Berkeley",EN-6,EN,Context,Community Partnerships,,Additional documentation for this credit,,,,not_reported
"University of California, Berkeley",EN-7,EN,Context,Continuing Education,,Does the institution have at least one continuing education course or program that is sustainability-focused?,Yes,,,boolean
"University of California, Berkeley",EN-7,EN,Context,Continuing Education,,Narrative and/or website URL providing an overview of the sustainability-focused continuing education course offerings,"Introduction to Climate Change, Environment and Sustainability: https://extension.berkeley.edu/search/publicCourseSearchDetails.do?method=load&courseId=41727",,,text
"University of California, Berkeley",EN-7,EN,Context,Continuing Education,,"Does the institution have at least one continuing education offering that is focused on a topic other than sustainability, but incorporates sustainability content or addresses a sustainability challenge?",Yes,,,boolean
"University of California, Berkeley",EN-7,EN,Context,Continuing Education,,Narrative and/or website URL providing an overview of the institution’s continuing education offerings that incorporate sustainability content or address sustainability challenges,Building Systems and Technology Class: https://extension.berkeley.edu/search/publicCourseSearchDetails.do?method=load&courseId=73264 More Courses: https://extension.berkeley.edu/academic-areas/construction-and-sustainability/?method=load&selectedProgramAreaId=10394#!?tab=courses,,,text_long
"University of California, Berkeley",EN-7,EN,Context,Continuing Education,,Points earned for indicator EN 7.1,3,,3.0,number
"University of California, Berkeley",EN-7,EN,Context,Continuing Education,,Notes about the information provided for this credit,"The information in this section was provided by UC Berkeley Extension's Construction and Sustainability Department and its program director, David Brotherton.",,,text
"University of California, Berkeley",EN-7,EN,Context,Continuing Education,,Additional documentation for this credit,,,,not_reported
"University of California, Berkeley",EN-8,EN,Context,Shared Facilities,,Does the institution have on-site space for meetings or events that is publicly accessible?,Yes,,,boolean
"University of California, Berkeley",EN-8,EN,Context,Shared Facilities,,Does the institution provide free or low cost access to the meeting or event space?,Yes,,,boolean
"University of California, Berkeley",EN-8,EN,Context,Shared Facilities,,"Description of the institution’s publicly accessible space for meetings or events, including any free or low cost access options","UC Berkeley has several on-site spaces for meetings and events that are publicly accessible. Some of the key venues include: Martin Luther King Jr. Student Union: Offers a variety of meeting rooms and event spaces, including Pauley Ballroom and other multipurpose rooms. These spaces are available for both campus and external organizations to rent for events and conferences. Alumni House: A centrally located venue on campus, available for public rental. It offers meeting rooms and event spaces for conferences, workshops, receptions, and other gatherings. International House: Provides several event spaces, including the Chevron Auditorium, for public use. These facilities are frequently rented out for conferences, lectures, and social events. David Brower Center: While technically off-campus, the David Brower Center is closely affiliated with UC Berkeley and provides environmentally friendly meeting and event spaces that are open to the public. These facilities ensure that UC Berkeley is accessible not just to the university community, but also to the broader public for meetings, conferences, and events.",,,text_long
"University of California, Berkeley",EN-8,EN,Context,Shared Facilities,,Does the institution have at least one on-site facility with services or programs to help people meet their basic needs and is publicly accessible?,Yes,,,boolean
"University of California, Berkeley",EN-8,EN,Context,Shared Facilities,,Does the institution provide free or low cost access to the basic needs facilities?,Yes,,,boolean
"University of California, Berkeley",EN-8,EN,Context,Shared Facilities,,"Description of the institution’s publicly accessible facilities that help people meet their basic needs, including any free or low cost access options","Berkeley Food Pantry: Provides free food to students, staff, and community members facing food insecurity. The pantry is open to all UC Berkeley students, faculty, and staff, and some services are extended to the local community. Basic Needs Center (BNC): Located on campus, the BNC offers comprehensive services to address food, housing, and financial insecurity. It includes a food pantry, support for housing resources, and emergency grants. While it primarily serves students, many services are open to the public or involve community partnerships. Tang Center (University Health Services): Provides healthcare services to students, faculty, and staff, with certain services open to the public. The center offers low-cost health services, including urgent care, mental health support, and wellness programs.",,,text_long
"University of California, Berkeley",EN-8,EN,Context,Shared Facilities,,Does the institution have at least one on-site facility that provides cultural services and is publicly accessible?,Yes,,,boolean
"University of California, Berkeley",EN-8,EN,Context,Shared Facilities,,Does the institution provide free or low cost access to the cultural service facilities?,Yes,,,boolean
"University of California, Berkeley",EN-8,EN,Context,Shared Facilities,,"Description of the institution’s publicly accessible facilities that provide cultural services, including any free or low cost access options","UC Berkeley Art Museum and Pacific Film Archive (BAMPFA) offers a range of cultural services, including art exhibitions, film screenings, and educational programs, and is open to the public. Other cultural facilities on campus include: The Berkeley Art Studio: Offers workshops and classes in various arts like ceramics and photography, accessible to both students and the public. The Hearst Museum of Anthropology: Showcases global cultural artifacts and is open to the public, providing an important educational and cultural resource. The Phoebe A. Hearst Museum of Anthropology: Features exhibitions on diverse cultures and human history, also publicly accessible.",,,text_long
"University of California, Berkeley",EN-8,EN,Context,Shared Facilities,,Does the institution have at least one on-site facility that provides recreational services and is publicly accessible?,Yes,,,boolean
"University of California, Berkeley",EN-8,EN,Context,Shared Facilities,,Does the institution provide free or low cost access to the recreational service facilities?,Yes,,,boolean
"University of California, Berkeley",EN-8,EN,Context,Shared Facilities,,"Description of the institution’s publicly accessible facilities that provide recreational services, including any free or low cost access options","Yes, UC Berkeley has on-site recreational facilities that provide services to both the campus community and the public. One key example is the UC Berkeley Recreational Sports Facility (RSF). While it primarily serves students, faculty, and staff, the RSF also offers memberships to the public, giving them access to various recreational services. Cal Performances event spaces, such as Zellerbach Hall, Zellerbach Playhouse, and Hertz Hall, which are all accessible and serve the campus and community. They also offer more than just physical accessibility: https://calperformances.org/visit/accessibility/",,,text_long
"University of California, Berkeley",EN-8,EN,Context,Shared Facilities,,Points earned for indicator EN 8.1,2,,2.0,number
"University of California, Berkeley",EN-8,EN,Context,Shared Facilities,,Notes about the information provided for this credit,Office of Sustainability,,,text
"University of California, Berkeley",EN-8,EN,Context,Shared Facilities,,Additional documentation for this credit,,,,not_reported
"University of California, Berkeley",EN-9,EN,Context,Inter-Campus Collaboration,,Does the institution participate in one or more sustainability-focused networks for educational institutions?,Yes,,,boolean
"University of California, Berkeley",EN-9,EN,Context,Inter-Campus Collaboration,,Description of the institution’s participation in sustainability-focused networks for educational institutions,"Association for the Advancement of Sustainability in Higher Education (AASHE) : UC Berkeley is a member of AASHE and participates in its Sustainability Tracking, Assessment & Rating System (STARS). AASHE provides resources, workshops, and a forum for institutions to collaborate on sustainability efforts. Berkeley’s STARS assessment has allowed the university to benchmark its performance in areas such as energy, waste, and transportation against other institutions. Sustainable Purchasing Leadership Council (SPLC) : UC Berkeley has integrated SPLC’s principles into its procurement processes to promote sustainable purchasing. The SPLC provides guidance on socially and environmentally responsible purchasing, and UC Berkeley uses these standards to select products and services that minimize environmental impact, support fair labor practices, and reduce waste. This is particularly important in areas such as laboratory supplies, electronics, and office materials, where sustainable purchasing can significantly reduce the university’s overall environmental footprint. Leadership in Energy and Environmental Design (LEED) : UC Berkeley has made extensive use of LEED standards to guide sustainable building practices on campus. Many buildings at UC Berkeley, including new construction and major renovations, have been designed to meet LEED certification standards, which focus on energy efficiency, water conservation, indoor environmental quality, and sustainable site development. UC Berkeley's LEED-certified buildings contribute to reduced greenhouse gas emissions, lower operating costs, and improved indoor environments for students and staff. The campus aims to meet at least LEED Silver standards for new constructions, and several buildings have achieved LEED Gold or higher. National Association of Educational Procurement (NAEP) is another organization UC Berkeley is involved with, particularly regarding sustainable procurement practices. NAEP is a professional association that provides guidance and resources for procurement professionals in higher education. Through NAEP, UC Berkeley can access tools and best practices to promote sustainable purchasing across campus operations, aligning with its sustainability goals. DOE Better Climate Challenge is another significant program that aligns with UC Berkeley's sustainability and climate goals, and it would indeed count as part of its engagement in broader sustainability-focused initiatives. By participating in the Better Climate Challenge, UC Berkeley commits to reducing its greenhouse gas emissions and improving energy efficiency, contributing to the Department of Energy's goal of helping organizations achieve at least a 50% reduction in emissions over 10 years. Through this program, UC Berkeley benefits from resources, technical support, and a network of peers also aiming to meet ambitious climate targets. Participation demonstrates UC Berkeley’s dedication to transparency in tracking emissions reductions and serves as a model for other universities and organizations pursuing aggressive climate action.",,,text_long
"University of California, Berkeley",EN-9,EN,Context,Inter-Campus Collaboration,,Has the institution formally shared its sustainability experiences and lessons learned with other institutions during the previous three years?,Yes,,,boolean
"University of California, Berkeley",EN-9,EN,Context,Inter-Campus Collaboration,,Narrative outlining how the institution formally shares its sustainability experiences and lessons learned with other institutions,"UC Berkeley actively shares its sustainability experiences and insights with other institutions. One of the ways is through AASHE (Association for the Advancement of Sustainability in Higher Education) conferences. Over the past three years, many sustainability leaders from UC Berkeley have presented at these conferences, discussing various topics like carbon neutrality, green labs, sustainable procurement, and climate resilience. These presentations have served as platforms for UC Berkeley to highlight both its achievements and the challenges it has encountered, providing valuable lessons for other AASHE members. UC Berkeley Procurement Officer, Russell Chung, has given presentations at Economist Sustainability Week in NYC, Insead University SF Campus, and at SPLC 2022 sustainability Conference in Atlanta. UC Berkeley particiaptes in the UN’s Principles for Responsible Management Education (PRME) initiative that brings together the UN and business schools around the world to “inspire and champion responsible management education, research, and thought leadership globally” through the application of six principles: purpose, values, method, research, partnership, and dialogue. https://haas.berkeley.edu/sustainability/thought-leadership/prme/ UC Berkeley Energy Office presented on UCB experience with transitioning to an electrified heating and cooling plant at three conferences in 2024.",,,text_long
"University of California, Berkeley",EN-9,EN,Context,Inter-Campus Collaboration,,Does the institution have a sustainability-focused articulation/transfer agreement that provides students who are studying sustainability at one institution with a formal pathway to another institution?,Yes,,,boolean
"University of California, Berkeley",EN-9,EN,Context,Inter-Campus Collaboration,,Description of institution’s sustainability-focused articulation/transfer agreements,"The major agreements on assist.org include program information and list the major's lower-division requirements and electives. As well, the agreements list the community college courses that have been approved for articulation between California Community Colleges and the UC campuses. UC Berkeley College of Environmental Design, College of Engineering, and Rausser College of Natural Resources offer majors that cover some elements of sustainability in their lower-division curriculum. The departments listed below have sample agreements on assist.org . College of Environmental Design Architecture, B.A. Sustainable Environmental Design, B.A. Urban Studies, B.A. College of Engineering Civil Engineering, B.S. Energy Engineering, B.S. Environmental Engineering Science, B.S. Industrial Engineering & Operations Research, B.S. Rausser College of Natural Resources Conservation and Resource Studies, B.S. Environmental Sciences, B.S. Molecular and Environmental Biology, B.S. Society and Environment, B.S.",,,text_long
"University of California, Berkeley",EN-9,EN,Context,Inter-Campus Collaboration,,Has at least one individual with formal sustainability responsibilities at the institution served as a mentor or been mentored by a colleague with sustainability responsibilities at another institution during the previous three years?,Yes,,,boolean
"University of California, Berkeley",EN-9,EN,Context,Inter-Campus Collaboration,,Description of the institution’s sustainability mentoring activities,"Shannen Casey, Sustainability Program Manager in the Residential & Student Services Program Department, serves as a mentor under the AASHE mentorship program. She mentors a staff member from CSU East Bay in developing a student engagement sustainability program. Marina Zdobnova, Sustainability Data and Program Manager, mentored staff in the UC system and other campuses on Social Impact Supplier programs, including their development and reporting mechanisms.",,,text_long
"University of California, Berkeley",EN-9,EN,Context,Inter-Campus Collaboration,,"Has at least one individual affiliated with the institution served in a leadership role for a sustainability-related inter-campus sustainability network, conference, or community of practice during the previous three years?",Yes,,,boolean
"University of California, Berkeley",EN-9,EN,Context,Inter-Campus Collaboration,,Description of the institution’s leadership roles in inter-campus collaboration,"Leadership roles in NAEP and SPLC have enabled UC Berkeley to influence sustainability practices within the broader educational procurement community and contribute to advancing sustainable purchasing standards. David Golden, Senior Project Manager at UC Berkeley, is the current Secretary on the Board of Directors for NorCal Chapter of I2SL. Shannen Casey is a Co-Chair of Sustainable Food Service Working Group for UC campuses. She facilitates meetings between sustainable food service stakeholders across UC system to generate policy updates and share best practices. HAAS School of Business organizes ClimateCAP: https://haas.berkeley.edu/sustainability/student-opportunities/climatecap-summit/. The annual ClimateCAP Summit gathers MBA students from top business schools nationwide to focus on a crucial mission: empowering and educating the next generation of business leaders to tackle this formidable challenge.",,,text_long
"University of California, Berkeley",EN-9,EN,Context,Inter-Campus Collaboration,,Has at least one individual affiliated with the institution served as a peer reviewer for another institution’s sustainability report or data during the previous three years?,No,,,boolean
"University of California, Berkeley",EN-9,EN,Context,Inter-Campus Collaboration,,Description of the institution’s peer review activities,,,,not_reported
"University of California, Berkeley",EN-9,EN,Context,Inter-Campus Collaboration,,Points earned for indicator EN 9.1,3,,3.0,number
"University of California, Berkeley",EN-9,EN,Context,Inter-Campus Collaboration,,Notes about the information provided for this credit,Information in this section was provided by the UC Berkeley Office of Sustainability.,,,text
"University of California, Berkeley",EN-9,EN,Context,Inter-Campus Collaboration,,Additional documentation for this credit,,,,not_reported
"University of California, Berkeley",OP-1,OP,Environmental,Building Design and Construction,,Total floor area of newly constructed or renovated building space,"85,889.60",Square meters,85889.6,number
"University of California, Berkeley",OP-1,OP,Environmental,Building Design and Construction,,Floor area of new building space third party certified to a comprehensive green building standard,"82,001.60",Square meters,82001.6,number
"University of California, Berkeley",OP-1,OP,Environmental,Building Design and Construction,,Floor area of new building space third party certified to a less comprehensive green building standard,0,Square meters,0.0,number
"University of California, Berkeley",OP-1,OP,Environmental,Building Design and Construction,,"Floor area of new building space built to green building standards, but not third party certified","3,887.99",Square meters,3887.99,number
"University of California, Berkeley",OP-1,OP,Environmental,Building Design and Construction,,List and description of building and renovation projects completed within the previous five years,Giannini Hall Seismic Improvements (2020) NRLF Phase 4 (2020) Bakar Bioenginuity Hub (2022) Weill Neurohub Renovation (2023) RCNR Replacement Structure (2023) Anchor House (2024) xučyun ruwway Graduate Student Housing (2024),,,text_long
"University of California, Berkeley",OP-1,OP,Environmental,Building Design and Construction,,Online location of the institution’s green building standards,https://sustainability.berkeley.edu/our-performance/built-environment,,,url
"University of California, Berkeley",OP-1,OP,Environmental,Building Design and Construction,,Copy of the institution’s green building standards,Sustainability_Data_Construction_11_20_2024.xlsx,,,text
"University of California, Berkeley",OP-1,OP,Environmental,Building Design and Construction,,Points earned for indicator OP 1.1,2.91,,2.91,number
"University of California, Berkeley",OP-1,OP,Environmental,Building Design and Construction,,Notes about the information provided for this credit,Information in this section was provided by the UC Berkeley Office of Sustainability and Capital Projects department.,,,text
"University of California, Berkeley",OP-1,OP,Environmental,Building Design and Construction,,Additional documentation for this credit,,,,not_reported
"University of California, Berkeley",OP-2,OP,Environmental,Building Operations and Maintenance,,Gross floor area of existing building space,"1,503,129.29",Square meters,1503129.29,number
"University of California, Berkeley",OP-2,OP,Environmental,Building Operations and Maintenance,,Floor area of existing buildings managed under a green cleaning program,"1,503,129.29",Square meters,1503129.29,number
"University of California, Berkeley",OP-2,OP,Environmental,Building Operations and Maintenance,,Online location of the institution’s green cleaning policy,https://facilities.berkeley.edu/sites/default/files/fs_ucberkeley_green_cleaning_program_2010.pdf,,,url
"University of California, Berkeley",OP-2,OP,Environmental,Building Operations and Maintenance,,Copy of the institution’s green cleaning policy,,,,not_reported
"University of California, Berkeley",OP-2,OP,Environmental,Building Operations and Maintenance,,Description of the institution’s certified green cleaning service,"https://facilities.berkeley.edu/sites/default/files/fs_ucberkeley_green_cleaning_program_2010.pdf UC Berkeley’s certified green cleaning service is structured around industry-leading environmental standards to ensure a sustainable, health-conscious approach to campus cleanliness. According to UC Berkeley’s Green Cleaning Program document, the program follows these specific standards: Green Seal GS-42 : This standard outlines requirements for cleaning service providers to use environmentally responsible products and methods. UC Berkeley’s cleaning program meets GS-42 criteria by using certified low-toxicity cleaning products and implementing pollution-prevention practices. LEED-EBOM (Existing Buildings: Operations & Maintenance) : Many campus buildings meet LEED-EBOM standards, which emphasize green cleaning practices that contribute to overall building sustainability, including the use of sustainable materials, improved air quality, and waste reduction strategies. EPA Safer Choice : The program includes products certified by the EPA’s Safer Choice program, verifying that these products are safer for human health and the environment.",,,url
"University of California, Berkeley",OP-2,OP,Environmental,Building Operations and Maintenance,,Floor area of existing buildings individually assessed for energy performance,"1,503,129.29",Square meters,1503129.29,number
"University of California, Berkeley",OP-2,OP,Environmental,Building Operations and Maintenance,,Narrative outlining how building-level energy performance is assessed and how the results are used to improve performance,"Energy performance is tracked and assessed at the building level on at least an annual basis to locate inefficiency and confirm persistence of performance from recent improvements. Tools to support these assessments include benchmarking platform (ENERGY STAR Portfolio Manager), energy management systems, and building performance dashboards.",,,text_long
"University of California, Berkeley",OP-2,OP,Environmental,Building Operations and Maintenance,,Floor area of existing buildings individually assessed for indoor environmental quality (IEQ) performance,"1,503,129.29",Square meters,1503129.29,number
"University of California, Berkeley",OP-2,OP,Environmental,Building Operations and Maintenance,,Narrative outlining how building-level IEQ is assessed and how the results are used to improve performance,"UC Berkeley is very aware of the importance of Indoor Environmental Quality and has many programs in place to support it. Facilities Services maintains and services HVAC equipment. The preventive maintenance program includes the routine replacement of filters, belts and lubrication. Where appropriate, the highest level of MERV filtration has been installed. All cooling towers are inspected monthly with support from a chemical maintenance and testing company. Cooling towers are also cleaned annually. Thermal conditions are monitored through centrally controlled building management systems by a dedicated controls team in Facilities Services. EH&S responds to and investigates air quality concerns such as mold, odor, particulates and chemical concerns. They have instrumentation to measure a wide range of sources and conditions. If needed, EH&S and Facilities Services work together to address the condition and control the hazard. UC Berkeley design standards include requirements for low VOC materials. Construction projects on campus are required to perform activities to limit air quality impact through such measures as limiting idling and controlling dust. Campus custodial and grounds operations use green products and limit chemical use. Facilities Services has an asbestos abatement program which works closely with trade teams and capital projects to prevent exposure. UC Berkeley has a robust Integrated Pest Management program. Facilities Services and EH&S collaborate on a refrigeration monitoring program that complies with Environmental Protection Agency, California Air Resources Board, and Bay Area Air Quality Board requirements. Buildings that are individually assessed for indoor environmental quality (IEQ) performance include those that are LEED-certified. LEED (Leadership in Energy and Environmental Design) certification includes requirements for assessing and improving indoor environmental quality, including factors such as air quality, lighting, acoustics, and materials used within the building.",,,text_long
"University of California, Berkeley",OP-2,OP,Environmental,Building Operations and Maintenance,,Floor area of existing buildings managed or individually assessed for water performance,"1,503,129.29",Square meters,1503129.29,number
"University of California, Berkeley",OP-2,OP,Environmental,Building Operations and Maintenance,,"Online location of the institution’s minimum standards for water efficient fixtures, fittings, and equipment",https://facilities.berkeley.edu/sites/default/files/ucb_campus_design_standards_2020.pdf,,,url
"University of California, Berkeley",OP-2,OP,Environmental,Building Operations and Maintenance,,"Copy of the institution’s minimum standards for water efficient fixtures, fittings, and equipment",,,,not_reported
"University of California, Berkeley",OP-2,OP,Environmental,Building Operations and Maintenance,,Narrative outlining how building-level water performance is assessed and how the results are used to improve performance,"UC Berkeley assesses building-level water performance through guidelines and standards designed to optimize water efficiency. The UC Berkeley Sustainability Building Guidelines (2024) and Campus Design Standards (2020) provide frameworks for incorporating water-efficient systems in construction and renovation projects, such as low-flow fixtures and smart irrigation systems. The data collected through these tools is used to: Track and Benchmark Performance: Water audits and real-time monitoring help identify inefficiencies and set performance benchmarks. Inform Policies and Processes: Results drive updates to water-use policies and guidelines for retrofitting buildings to meet higher conservation standards. Guide Infrastructure Upgrades: Data supports targeted investments in water-saving technologies, like efficient fixtures and water recycling systems. Ensure Ongoing Improvement: The data is integrated into sustainability reporting and guides continuous refinement of water conservation efforts. https://sustainability.berkeley.edu/sites/default/files/uc_berkelely_sustainability_building_guidelines_august2024.pdf https://facilities.berkeley.edu/sites/default/files/ucb_campus_design_standards_2020.pdf",,,text_long
"University of California, Berkeley",OP-2,OP,Environmental,Building Operations and Maintenance,,Floor area of existing buildings third party certified to a green building standard that addresses operations and maintenance,0,Square meters,0.0,number
"University of California, Berkeley",OP-2,OP,Environmental,Building Operations and Maintenance,,List of the institution’s existing buildings and their green building certifications,https://docs.google.com/spreadsheets/d/1mPDVUubnXdJUqjyNbFHXHnfNILKb1lq7yU9bkRuunvU/edit?usp=sharing,,,url
"University of California, Berkeley",OP-2,OP,Environmental,Building Operations and Maintenance,,Inventory of the institution’s existing buildings and their green building certifications,UC_Berkeley_List_of_buildings_and_their_green_building_certifications.xlsx,,,text
"University of California, Berkeley",OP-2,OP,Environmental,Building Operations and Maintenance,,Percentage of existing buildings managed under a green cleaning program,100,,100.0,number
"University of California, Berkeley",OP-2,OP,Environmental,Building Operations and Maintenance,,Percentage of existing buildings assessed for energy performance,100,,100.0,number
"University of California, Berkeley",OP-2,OP,Environmental,Building Operations and Maintenance,,Percentage of existing buildings assessed for IEQ performance,100,,100.0,number
"University of California, Berkeley",OP-2,OP,Environmental,Building Operations and Maintenance,,Percentage of existing buildings managed or assessed for water performance,100,,100.0,number
"University of California, Berkeley",OP-2,OP,Environmental,Building Operations and Maintenance,,Percentage of existing buildings third party certified to a green building standard that addresses operations and maintenance,0,,0.0,number
"University of California, Berkeley",OP-2,OP,Environmental,Building Operations and Maintenance,,Points earned for indicator OP 2.1,4,,4.0,number
"University of California, Berkeley",OP-2,OP,Environmental,Building Operations and Maintenance,,Notes about the information provided for this credit,"Information in this section was provided by the Office of Sustainability, EHS and Facility Services.",,,text
"University of California, Berkeley",OP-2,OP,Environmental,Building Operations and Maintenance,,Additional documentation for this credit,,,,not_reported
"University of California, Berkeley",OP-3,OP,Environmental,Water Use,,Level of physical water quantity risk for the institution’s main campus,High,,,text
"University of California, Berkeley",OP-3,OP,Environmental,Water Use,,Performance year for water use,2023,,2023.0,year
"University of California, Berkeley",OP-3,OP,Environmental,Water Use,,Peer group,Doctoral universities and research institutions,,,text
"University of California, Berkeley",OP-3,OP,Environmental,Water Use,,Potable water from off-site sources,"2,092,006",Cubic meters,2092006.0,number
"University of California, Berkeley",OP-3,OP,Environmental,Water Use,,Reclaimed water from off-site sources,0,Cubic meters,0.0,number
"University of California, Berkeley",OP-3,OP,Environmental,Water Use,,Other off-site water sources,0,Cubic meters,0.0,number
"University of California, Berkeley",OP-3,OP,Environmental,Water Use,,Potable water from on-site sources,0,Cubic meters,0.0,number
"University of California, Berkeley",OP-3,OP,Environmental,Water Use,,Other on-site water sources,0,Cubic meters,0.0,number
"University of California, Berkeley",OP-3,OP,Environmental,Water Use,,Full-time equivalent student enrollment,"44,578",,44578.0,number
"University of California, Berkeley",OP-3,OP,Environmental,Water Use,,Full-time equivalent of employees,"13,678",,13678.0,number
"University of California, Berkeley",OP-3,OP,Environmental,Water Use,,Annual potable water use,"2,092,006",Cubic meters,2092006.0,number
"University of California, Berkeley",OP-3,OP,Environmental,Water Use,,Full-time equivalent students and employees,"58,256",,58256.0,number
"University of California, Berkeley",OP-3,OP,Environmental,Water Use,,Annual potable water use per person,"35,910.57",Liters,35910.57,number
"University of California, Berkeley",OP-3,OP,Environmental,Water Use,,Points earned for indicator OP 3.1,0.91,,0.91,number
"University of California, Berkeley",OP-3,OP,Environmental,Water Use,,Gross floor area of building space,"1,503,129",Square meters,1503129.0,number
"University of California, Berkeley",OP-3,OP,Environmental,Water Use,,Annual potable water use per unit of floor area,"1,391.77",Liters per square meter,1391.77,number
"University of California, Berkeley",OP-3,OP,Environmental,Water Use,,Points earned for indicator OP 3.2,0.75,,0.75,number
"University of California, Berkeley",OP-3,OP,Environmental,Water Use,,Does the institution harvest rainwater on-site for storage and use?,Yes,,,boolean
"University of California, Berkeley",OP-3,OP,Environmental,Water Use,,Narrative and/or website URL providing an overview of the institution’s on-site rainwater harvesting systems,"UC Berkeley has several projects that collect rain water for its gardens. The Berkeley Law School reuses over 24,000 gallons of rainwater each year for irrigation. The Blum Center's roof collects over 100,000 gallons of water per year that can be used for irrigation. Hearst Field Annex Rainwater Harvesting System and Bioswale Project were created as a reserach project. Finally, the Chou Hall at the Haas School of Business also recycled rain water capture and reuse. Estimate: 500 Cubic Meters per year",,,text_long
"University of California, Berkeley",OP-3,OP,Environmental,Water Use,,Does the institution recover water on-site for reuse?,No,,,boolean
"University of California, Berkeley",OP-3,OP,Environmental,Water Use,,Narrative and/or website URL providing an overview of the institution’s on-site water recovery and reuse systems,,,,not_reported
"University of California, Berkeley",OP-3,OP,Environmental,Water Use,,Does the institution collect and return water to surface water or groundwater through on-site green infrastructure?,Yes,,,boolean
"University of California, Berkeley",OP-3,OP,Environmental,Water Use,,Narrative and/or website URL providing an overview of the institution’s on-site green infrastructure,"EH&S has general locations of stormwater post-construction LID, as part of MS4 permit compliance. It does not provide q uantitative d ata for how much storm water percolates into the ground surface, so the volume of water was estimated. UC Berkeley has implemented various sustainable stormwater management practices on campus, including rain gardens, bioswales and permeable pavement. These elements are part of the university’s efforts to improve stormwater management and reduce runoff. Estimate: 106,886 Cubic Meters per year",,,text_long
"University of California, Berkeley",OP-3,OP,Environmental,Water Use,,Points earned for indicator OP 3.3,0.67,,0.67,number
"University of California, Berkeley",OP-3,OP,Environmental,Water Use,,Does the institution have methodologies in place to estimate or model the annual volume of water recovered and/or returned on-site?,Yes,,,boolean
"University of California, Berkeley",OP-3,OP,Environmental,Water Use,,Narrative outlining the methodologies used to estimate or model the annual volume of water recovered and/or returned on-site,"UC Berkeley has implemented green infrastructure features, including bioswales, permeable pavements, and rain gardens, as part of its stormwater management plan. These systems are designed to capture rainwater and promote on-site infiltration, reducing stormwater runoff and enhancing groundwater recharge. The university adheres to Municipal Separate Storm Sewer System (MS4) permit requirements, particularly the Low Impact Development (LID) standards, to manage stormwater effectively. Based on the 1,917,521 ft2 (178,144 m2) of impervious surfaces subject to LID compliance (buildings constructed or renovated after 2017), annual precipitation in Berkeley averages 600 mm (0.6 m). Using this data, the total stormwater volume that can be captured annually by LID features is calculated as follows: Volume = Annual Rainfall Depth (m) × Impervious Area (m 2 ) Volume=0.6 m×178,144 m2=106,886 m3 This calculation assumes uniform rainfall distribution and 100% capture efficiency for all applicable surfaces. Real-world factors, such as system overflow and evapotranspiration, may adjust this estimate. UC Berkeley benchmarks water recovery efforts using tools aligned with its Sustainable Building Guidelines and Campus Design Standards. These frameworks provide parameters for estimating water savings, tracking performance, and refining water recovery models over time. Buildings equipped with water meters supply real-time data on water use and recovery, enabling precise calculations of the volume returned to the environment or reused in recycled systems.",,,text_long
"University of California, Berkeley",OP-3,OP,Environmental,Water Use,,Estimated volume of rainwater harvested on-site for storage and use,500,Cubic meters,500.0,number
"University of California, Berkeley",OP-3,OP,Environmental,Water Use,,Estimated volume of water recovered on-site for reuse,,,,not_reported
"University of California, Berkeley",OP-3,OP,Environmental,Water Use,,Estimated volume of water collected and returned through on-site green infrastructure,"106,886",Cubic meters,106886.0,number
"University of California, Berkeley",OP-3,OP,Environmental,Water Use,,Annual volume of water recovered and/or returned,"107,386",Cubic meters,107386.0,number
"University of California, Berkeley",OP-3,OP,Environmental,Water Use,,Total water withdrawal,"2,092,006",Cubic meters,2092006.0,number
"University of California, Berkeley",OP-3,OP,Environmental,Water Use,,Ratio of water recovered/returned to total water withdrawal,0.05,,0.05,number
"University of California, Berkeley",OP-3,OP,Environmental,Water Use,,Points earned for indicator OP 3.4,0.10,,0.1,number
"University of California, Berkeley",OP-3,OP,Environmental,Water Use,,Notes about the information provided for this credit,Information in this section was provided by Office of Sustainability and the UC Berkeley Facilities Services.,,,text
"University of California, Berkeley",OP-3,OP,Environmental,Water Use,,Additional documentation for this credit,,,,not_reported
"University of California, Berkeley",OP-4,OP,Environmental,Ecologically Managed Grounds,,Do the institution’s landscaping/grounds services employ a written Integrated Pest Management (IPM) protocol that follows a four-tiered approach?,Yes,,,boolean
"University of California, Berkeley",OP-4,OP,Environmental,Ecologically Managed Grounds,,Online location of the institution’s IPM protocol,https://sustainability.berkeley.edu/sites/default/files/university_of_california_berkeley_ipm_1.pdf,,,url
"University of California, Berkeley",OP-4,OP,Environmental,Ecologically Managed Grounds,,Copy of the institution’s IPM protocol,University Of California Berkeley IPM.pdf,,,text
"University of California, Berkeley",OP-4,OP,Environmental,Ecologically Managed Grounds,,"Do the institution’s landscaping/grounds services publish, on at least an annual basis, an inventory of the synthetic fertilizers, pesticides, fungicides, and herbicides used on campus grounds?",Yes,,,boolean
"University of California, Berkeley",OP-4,OP,Environmental,Ecologically Managed Grounds,,Online location of the institution’s chemical inventory,https://ehs.berkeley.edu/safety-subjects/chemical-safety/chemical-inventory,,,url
"University of California, Berkeley",OP-4,OP,Environmental,Ecologically Managed Grounds,,Copy of the institution’s most recent chemical inventory,,,,not_reported
"University of California, Berkeley",OP-4,OP,Environmental,Ecologically Managed Grounds,,"Do the institution’s landscaping/grounds services manage one or more sites or pilot projects without the use of synthetic fertilizers, pesticides, fungicides, or herbicides?",Yes,,,boolean
"University of California, Berkeley",OP-4,OP,Environmental,Ecologically Managed Grounds,,Narrative and/or website URL providing an overview of the institution’s organic landscaping/grounds policies and practices,"https://facilities.berkeley.edu/operating-units/campus-operations All campus area is managed organically (without inorganic fertilizers, fungicides or pesticides) with the exception of less than 5% of the land where inorganic materials are used selectively to treat wood stumps and newly weeded areas. Selective chemicals are used when there are no effective organic alternatives. UC Berkeley has implemented an Organic Landscape Maintenance program for both Faculty and Memorial Glade. Berkeley’s transition of Memorial and Faculty Glade to organic turf management puts the campus at the cutting edge of a movement taking place throughout the state of California and the country. Eliminating traditional pesticides and synthetic fertilizers in favor of organic practices creates a healthier environment for students and faculty and reduces the campus’ environmental footprint. The “conventional” approach to land management, based around the use of synthetic pesticides and fertilizers, is not as sustainable. The organic approach we’re implementing at the Glades puts a focus on soil health and starts with a soil test. Working with national turfgrass experts at Osborne Organics, we tested not only the structure, pH, and nutrient content of the soil, but also the biological life it contains. This tells us the type of fertilizer and soil amendments we’ll need to employ to correct nutrient imbalances and foster soil life. These natural inputs are supported by cultural practices, including regular aeration, mowing high, irrigation, and overseeding with the right grass seed. By creating healthy soil, we create turf that crowds out weeds and resists pests and fungal disease. This approach will require a bit of patience, as lawns stressed by conventional products need a period of rest – including from student's feet -- during the transition. Chemical fertilizers have not been used for the last 5 years; herbicides are not used on RSSP (Residential Student Service Programs) grounds.",,,url
"University of California, Berkeley",OP-4,OP,Environmental,Ecologically Managed Grounds,,"Have the institution’s landscaping/grounds services eliminated their use of synthetic fertilizers, pesticides, fungicides, and herbicides?",Yes,,,boolean
"University of California, Berkeley",OP-4,OP,Environmental,Ecologically Managed Grounds,,Online resource affirming the organic status of the institution’s landscaping/grounds services,https://facilities.berkeley.edu/memorial-and-faculty-glade-organic-turf-management,,,url
"University of California, Berkeley",OP-4,OP,Environmental,Ecologically Managed Grounds,,Document affirming the organic status of the institution’s landscaping/grounds services,,,,not_reported
"University of California, Berkeley",OP-4,OP,Environmental,Ecologically Managed Grounds,,Points earned for indicator OP 4.1,2,,2.0,number
"University of California, Berkeley",OP-4,OP,Environmental,Ecologically Managed Grounds,,Total area of managed green space,208.41,Hectares,208.41,number
"University of California, Berkeley",OP-4,OP,Environmental,Ecologically Managed Grounds,,Area protected or restored,130.71,Hectares,130.71,number
"University of California, Berkeley",OP-4,OP,Environmental,Ecologically Managed Grounds,,Area of tree canopy,51.40,Hectares,51.4,number
"University of California, Berkeley",OP-4,OP,Environmental,Ecologically Managed Grounds,,Area managed organically,198.30,Hectares,198.3,number
"University of California, Berkeley",OP-4,OP,Environmental,Ecologically Managed Grounds,,Ratio of areas protected or restored to total managed green space,0.63,,0.63,number
"University of California, Berkeley",OP-4,OP,Environmental,Ecologically Managed Grounds,,Ratio of tree canopy to total managed green space,0.25,,0.25,number
"University of California, Berkeley",OP-4,OP,Environmental,Ecologically Managed Grounds,,Ratio of areas managed organically to total managed green space,0.95,,0.95,number
"University of California, Berkeley",OP-4,OP,Environmental,Ecologically Managed Grounds,,Points earned for indicator OP 4.2,3,,3.0,number
"University of California, Berkeley",OP-4,OP,Environmental,Ecologically Managed Grounds,,Notes about the information provided for this credit,"UC Berkeley owns and manages lands of conservation importance. UC Berkeley has designated in its Long Range Development Plan acres of campus lands to be preserved and not built on. This includes native forested land there are three set-aside Natural Areas on the Central Campus; the riparian corridor following Codornices Creek within the boundary of University Village, Albany; and finally, the coastal prairie and tidal marsh of the Richmond Field Station. These areas are described below: Upper Strawberry Creek Watershed and Ecological Study Area, Berkeley and Oakland Hills - This area of over 800 acres represents several unique ecosystems of the San Francisco Bay/East Bay; both Oak/Bay Laurel riparian forests and North Coast Scrub plant and animal communities are found here. Central Campus Natural Areas - These three set-aside glades within the campus proper hold remnant Oak/Bay Laurel riparian plant and animal communities along with Coast Redwood forest elements (primarily mature trees with some native understory plantings). Codornices Creek at University Village, Albany – This creek is both representative of an East Bay creek riparian community but also supports a small but resilient run of threatened Steelhead trout as well as other native fish populations (stickleback and roach). Richmond Field Station - This university land contains remnant coastal upland prairie (rare native grasses) and a restored tidal marshland. Canopy area calculation: https://docs.google.com/spreadsheets/d/1SgGv_mYDxBZM0GuLnqxoY7WDGL2-9xSV/edit?usp=sharing&ouid=105826157914045237014&rtpof=true&sd=true Canopy map: https://drive.google.com/file/d/1lmpRkLFY3rvpoBA-mfrKEPuchbrS_W3U/view?usp=drive_link",,,text_long
"University of California, Berkeley",OP-4,OP,Environmental,Ecologically Managed Grounds,,Additional documentation for this credit,,,,not_reported
"University of California, Berkeley",OP-5,OP,Environmental,Energy Use,,Performance year for energy use,2023,,2023.0,year
"University of California, Berkeley",OP-5,OP,Environmental,Energy Use,,Peer group,Doctoral universities and research institutions,,,text
"University of California, Berkeley",OP-5,OP,Environmental,Energy Use,,Gross floor area of building space,"1,503,129.29",Square meters,1503129.29,number
"University of California, Berkeley",OP-5,OP,Environmental,Energy Use,Electricity,Electricity generated by on-site renewable systems,"1,322.40",Megawatt-hours,1322.4,number
"University of California, Berkeley",OP-5,OP,Environmental,Energy Use,Electricity,Description of the on-site renewable systems,"Solar PV systems are operational at six sites on campus: Eshleman Hall, the MLK Student Union, the Recreation Sports complex, Jacobs Hall, Chou Hall and the University Village apartments. The Office of Sustainability worked in a collaborative, competitive procurement strategy with 19 other public agencies in the region to secure favorable pricing for three rooftop and one canopy/carport installations – 25-40% below market rate. Two of the systems were installed during construction of the new buildings, Chou and Jacobs Halls. No on-site solar generation is exported; rooftop solar installed on buildings support/offset usage in those specific buildings.",,,text_long
"University of California, Berkeley",OP-5,OP,Environmental,Energy Use,Electricity,On-site renewable electricity exported,0,Megawatt-hours,0.0,number
"University of California, Berkeley",OP-5,OP,Environmental,Energy Use,Electricity,Electricity from off-site sources,"46,422.30",Megawatt-hours,46422.3,number
"University of California, Berkeley",OP-5,OP,Environmental,Energy Use,Stationary fuels,Natural gas,"30,014",Megawatt-hours,30014.0,number
"University of California, Berkeley",OP-5,OP,Environmental,Energy Use,Stationary fuels,Propane/LPG,0,Megawatt-hours,0.0,number
"University of California, Berkeley",OP-5,OP,Environmental,Energy Use,Stationary fuels,Heating oil,400,Megawatt-hours,400.0,number
"University of California, Berkeley",OP-5,OP,Environmental,Energy Use,Stationary fuels,Coal/coke,0,Megawatt-hours,0.0,number
"University of California, Berkeley",OP-5,OP,Environmental,Energy Use,Stationary fuels,Bioenergy products,0,Megawatt-hours,0.0,number
"University of California, Berkeley",OP-5,OP,Environmental,Energy Use,Stationary fuels,Other stationary fuels,0,Megawatt-hours,0.0,number
"University of California, Berkeley",OP-5,OP,Environmental,Energy Use,Heating and cooling from off-site sources,Steam from off-site sources,0,Megawatt-hours,0.0,number
"University of California, Berkeley",OP-5,OP,Environmental,Energy Use,Heating and cooling from off-site sources,Hot water from off-site sources,255.30,Megawatt-hours,255.3,number
"University of California, Berkeley",OP-5,OP,Environmental,Energy Use,Heating and cooling from off-site sources,Chilled water from off-site sources,0,Megawatt-hours,0.0,number
"University of California, Berkeley",OP-5,OP,Environmental,Energy Use,Heating and cooling from off-site sources,Total electricity consumption,"47,744.70",Megawatt-hours,47744.7,number
"University of California, Berkeley",OP-5,OP,Environmental,Energy Use,Heating and cooling from off-site sources,Total stationary fuel consumption,"30,414",Megawatt-hours,30414.0,number
"University of California, Berkeley",OP-5,OP,Environmental,Energy Use,Heating and cooling from off-site sources,Total heating and cooling from off-site sources,255.30,Megawatt-hours,255.3,number
"University of California, Berkeley",OP-5,OP,Environmental,Energy Use,Heating and cooling from off-site sources,Total annual energy consumption,"78,414.00",Megawatt-hours,78414.0,number
"University of California, Berkeley",OP-5,OP,Environmental,Energy Use,Heating and cooling from off-site sources,Annual energy consumption per unit of floor area,52.17,Kilowatt-hours per square meter,52.17,number
"University of California, Berkeley",OP-5,OP,Environmental,Energy Use,Heating and cooling from off-site sources,Points earned for indicator OP 5.1,3,,3.0,number
"University of California, Berkeley",OP-5,OP,Environmental,Energy Use,Heating and cooling from off-site sources,Full-time equivalent student enrollment,"44,578",,44578.0,number
"University of California, Berkeley",OP-5,OP,Environmental,Energy Use,Heating and cooling from off-site sources,Full-time equivalent of employees,"13,678",,13678.0,number
"University of California, Berkeley",OP-5,OP,Environmental,Energy Use,Heating and cooling from off-site sources,Full-time equivalent students and employees,"58,256",,58256.0,number
"University of California, Berkeley",OP-5,OP,Environmental,Energy Use,Heating and cooling from off-site sources,Annual energy consumption per person,"1,346.02",Kilowatt-hours,1346.02,number
"University of California, Berkeley",OP-5,OP,Environmental,Energy Use,Heating and cooling from off-site sources,Points earned for indicator OP 5.2,3,,3.0,number
"University of California, Berkeley",OP-5,OP,Environmental,Energy Use,Contractual instruments for renewable electricity,Energy attribute certificates (EACs) sold or not owned by the institution,0,Megawatt-hours,0.0,number
"University of California, Berkeley",OP-5,OP,Environmental,Energy Use,Contractual instruments for renewable electricity,Electricity from certified off-site renewable sources,"3,214",Megawatt-hours,3214.0,number
"University of California, Berkeley",OP-5,OP,Environmental,Energy Use,Contractual instruments for renewable electricity,Description of the certified off-site renewable sources of electricity,"15,444 Megawatt-hours via UC Berkeley Direct Access: EBCE Green Tariff (incl RPS) Peninsula Clean Energy ECOplus Tariff (incl RPS) As per AASHE, the solar portion of UC Clean Power Program’s portfolio is reported as electricity from certified off-site renewable sources in section 5.4 and the large hydro portion of UC Clean Power Program’s portfolio should be reported as electricity from uncertified off-site renewable sources in section 5.3. The breakdown for 2023 is as follows: 23% - 3,214 Certified off site (5.4) 69% - 9,642.3 Uncertified off site (5.3)",,,text_long
"University of California, Berkeley",OP-5,OP,Environmental,Energy Use,Contractual instruments for renewable electricity,Electricity from uncertified off-site renewable sources,"9,642.30",Megawatt-hours,9642.3,number
"University of California, Berkeley",OP-5,OP,Environmental,Energy Use,Contractual instruments for renewable electricity,Description of the uncertified off-site renewable sources of electricity,"As per AASHE, the solar portion of UC Clean Power Program’s portfolio is reported as electricity from certified off-site renewable sources in section 5.4 and the large hydro portion of UC Clean Power Program’s portfolio should be reported as electricity from uncertified off-site renewable sources in section 5.3. The breakdown for 2023 is as follows: 23% - 3,214 Certified off site (5.4) 69% - 9,642.3 Uncertified off site (5.3)",,,text_long
"University of California, Berkeley",OP-5,OP,Environmental,Energy Use,Contractual instruments for renewable electricity,Certified unbundled EACs,"3,739",Megawatt-hours,3739.0,number
"University of California, Berkeley",OP-5,OP,Environmental,Energy Use,Contractual instruments for renewable electricity,Description of the certified unbundled EACs,"AVA Community Choice - EBCE Green Tarif 3,739 Ava Community Energy (Ava), formerly called East Bay Community Energy (EBCE), is your local, not-for-profit electricity generation provider. Ava is a Community Choice Energy Aggregation (often referred to as a CCA or CCE) program. State law allows cities and counties to pool the electricity demand of their residents and businesses for the purpose of buying electricity on behalf of those customers as part of a CCE program.",,,text_long
"University of California, Berkeley",OP-5,OP,Environmental,Energy Use,Renewable stationary fuels,Certified bioenergy products,0,Megawatt-hours,0.0,number
"University of California, Berkeley",OP-5,OP,Environmental,Energy Use,Renewable stationary fuels,Description of the certified bioenergy products,,,,not_reported
"University of California, Berkeley",OP-5,OP,Environmental,Energy Use,Renewable stationary fuels,Uncertified biomethane from organic waste or landfill gas,0,Megawatt-hours,0.0,number
"University of California, Berkeley",OP-5,OP,Environmental,Energy Use,Renewable stationary fuels,Description of the uncertified biomethane products,,,,not_reported
"University of California, Berkeley",OP-5,OP,Environmental,Energy Use,Heating and cooling from off-site renewable sources,Heating and cooling from certified off-site renewable sources,0,Megawatt-hours,0.0,number
"University of California, Berkeley",OP-5,OP,Environmental,Energy Use,Heating and cooling from off-site renewable sources,Description of the certified off-site renewable sources of heating and cooling,,,,not_reported
"University of California, Berkeley",OP-5,OP,Environmental,Energy Use,Heating and cooling from off-site renewable sources,Heating and cooling from uncertified off-site renewable sources,255.30,Megawatt-hours,255.3,number
"University of California, Berkeley",OP-5,OP,Environmental,Energy Use,Heating and cooling from off-site renewable sources,Description of the uncertified off-site renewable sources of heating and cooling,"9,995 Therms from solar hot water from Renewable Technology Developments Inc for Martinez Commons Annual contracted therms.",,,text
"University of California, Berkeley",OP-5,OP,Environmental,Energy Use,Demand reduction,"Description of any cogeneration, solar thermal, geothermal, or similar technologies used by the institution that reduce the demand for non-renewable energy","At the center of Berkeley's current energy system is a gas-fired cogeneration plant, which is the primary source for electricity and heating for campus buildings. Built in 1987, the cogeneration plant produces both electricity and steam.",,,text_long
"University of California, Berkeley",OP-5,OP,Environmental,Energy Use,Demand reduction,"Electricity from on-site renewable systems, rights retained/retired","1,322.40",Megawatt-hours,1322.4,number
"University of California, Berkeley",OP-5,OP,Environmental,Energy Use,Demand reduction,Electricity from renewable sources,"17,917.70",Megawatt-hours,17917.7,number
"University of California, Berkeley",OP-5,OP,Environmental,Energy Use,Demand reduction,Renewable stationary fuels,0,Megawatt-hours,0.0,number
"University of California, Berkeley",OP-5,OP,Environmental,Energy Use,Demand reduction,Heating and cooling from off-site renewable sources,255.30,Megawatt-hours,255.3,number
"University of California, Berkeley",OP-5,OP,Environmental,Energy Use,Demand reduction,Annual renewable energy consumption,"18,173",Megawatt-hours,18173.0,number
"University of California, Berkeley",OP-5,OP,Environmental,Energy Use,Demand reduction,Percentage of energy from renewable sources,23.18,,23.18,number
"University of California, Berkeley",OP-5,OP,Environmental,Energy Use,Demand reduction,Points earned for indicator OP 5.3,0.70,,0.7,number
"University of California, Berkeley",OP-5,OP,Environmental,Energy Use,Demand reduction,On-site and/or third party certified renewable power,"8,275.40",Megawatt-hours,8275.4,number
"University of California, Berkeley",OP-5,OP,Environmental,Energy Use,Demand reduction,Percentage of electricity from on-site and/or third party certified renewable sources,17.33,,17.33,number
"University of California, Berkeley",OP-5,OP,Environmental,Energy Use,Demand reduction,Points earned for indicator OP 5.4,0.17,,0.17,number
"University of California, Berkeley",OP-5,OP,Environmental,Energy Use,Demand reduction,Notes about the information provided for this credit,UC's Portfolio Reporting Tool shows the CPP portfolio for the whole UC system: https://ucop.app.box.com/s/ylm89vhv6qk1zv8etlwktxff2sjm4t8l/file/1327935767112,,,text
"University of California, Berkeley",OP-5,OP,Environmental,Energy Use,Demand reduction,Additional documentation for this credit,,,,not_reported
"University of California, Berkeley",OP-6,OP,Environmental,Greenhouse Gas Emissions,Scope 1 and 2 GHG emissions inventory,Has the institution completed an inventory within the previous three years to quantify its scope 1 and scope 2 GHG emissions?,Yes,,,boolean
"University of California, Berkeley",OP-6,OP,Environmental,Greenhouse Gas Emissions,Scope 1 and 2 GHG emissions inventory,Copy of the institution’s GHG emissions inventory,,,,not_reported
"University of California, Berkeley",OP-6,OP,Environmental,Greenhouse Gas Emissions,Scope 1 and 2 GHG emissions inventory,Online location of the institution’s GHG emissions inventory,https://sustainability.berkeley.edu/carbon-solutions/greenhouse-gas-inventory,,,url
"University of California, Berkeley",OP-6,OP,Environmental,Greenhouse Gas Emissions,Scope 1 and 2 GHG emissions inventory,Performance year for scope 1 and 2 GHG emissions,2023,,2023.0,year
"University of California, Berkeley",OP-6,OP,Environmental,Greenhouse Gas Emissions,Scope 1 and 2 GHG emissions inventory,Description of the methodology or calculator used to conduct the scope 1 and 2 GHG emissions inventory,"UC Berkeley reports on ten emissions sources and analyzes emissions in three different categories: Scope 1 - Direct Emissions: natural gas from the campus cogeneration (heating and cooling) plant, purchased natural gas, emergency generators, campus fleet, emissions from refrigerants Scope 2 - Indirect Emissions: purchased electricity Scope 3 - Indirect Emissions: business air travel, student commute, faculty/staff commute, solid waste, water The campus reports its GHG inventory to both The Climate Registry and the California Air Resources Board (CARB). The UC Berkeley inventory includes all six major greenhouse gases. Scope 1 and 2 adhere to The Climate Registry protocol. Scope 3 emissions use Clean Air Cool Planet - Campus Carbon Calculator methodology/factors. The geographic boundary for the inventory is generally defined as those buildings central to the University mission and under operational control of the campus. This includes central campus buildings, student housing and off-central campus facilities owned by the University. The campus has performed LCA of emissions from procurement and construction on various occasions: http://sustainability.berkeley.edu/calcap/calcap-ghg-inventory",,,text_long
"University of California, Berkeley",OP-6,OP,Environmental,Greenhouse Gas Emissions,Scope 1 GHG emissions,Scope 1 GHG emissions from stationary combustion,"134,957",Metric tons of CO2 equivalent,134957.0,number
"University of California, Berkeley",OP-6,OP,Environmental,Greenhouse Gas Emissions,Scope 1 GHG emissions,Scope 1 GHG emissions from mobile combustion,"1,676",Metric tons of CO2 equivalent,1676.0,number
"University of California, Berkeley",OP-6,OP,Environmental,Greenhouse Gas Emissions,Scope 1 GHG emissions,Scope 1 GHG process emissions,,,,not_reported
"University of California, Berkeley",OP-6,OP,Environmental,Greenhouse Gas Emissions,Scope 1 GHG emissions,Scope 1 GHG fugitive emissions,76,Metric tons of CO2 equivalent,76.0,number
"University of California, Berkeley",OP-6,OP,Environmental,Greenhouse Gas Emissions,Scope 2 GHG emissions,Which of the following methods were used to quantify the institution’s scope 2 GHG emissions?,Market-based,,,text
"University of California, Berkeley",OP-6,OP,Environmental,Greenhouse Gas Emissions,Scope 2 GHG emissions,Scope 2 GHG emissions from off-site sources of electricity (market-based),"1,256",Metric tons of CO2 equivalent,1256.0,number
"University of California, Berkeley",OP-6,OP,Environmental,Greenhouse Gas Emissions,Scope 2 GHG emissions,Scope 2 GHG emissions from off-site sources of electricity (location-based),,,,not_reported
"University of California, Berkeley",OP-6,OP,Environmental,Greenhouse Gas Emissions,Scope 2 GHG emissions,Scope 2 GHG emissions from off-site sources of heating and cooling,0,Metric tons of CO2 equivalent,0.0,number
"University of California, Berkeley",OP-6,OP,Environmental,Greenhouse Gas Emissions,Scope 2 GHG emissions,Annual scope 1 GHG emissions,,,,not_reported
"University of California, Berkeley",OP-6,OP,Environmental,Greenhouse Gas Emissions,Scope 2 GHG emissions,Annual scope 2 GHG emissions,,,,not_reported
"University of California, Berkeley",OP-6,OP,Environmental,Greenhouse Gas Emissions,Scope 2 GHG emissions,Annual scope 1 and 2 GHG emissions,"137,965",Metric tons of CO2 equivalent,137965.0,number
"University of California, Berkeley",OP-6,OP,Environmental,Greenhouse Gas Emissions,Biogenic emissions,Does the institution’s GHG emissions accounting method separate out biogenic emissions for disclosure purposes?,No,,,boolean
"University of California, Berkeley",OP-6,OP,Environmental,Greenhouse Gas Emissions,Biogenic emissions,GHG emissions from biogenic sources,0,Metric tons of CO2 equivalent,0.0,number
"University of California, Berkeley",OP-6,OP,Environmental,Greenhouse Gas Emissions,Scope 3 GHG emissions,"Within the previous three years, to what extent has the institution quantified its scope 3 GHG emissions from business travel?",Partial accounting,,,text
"University of California, Berkeley",OP-6,OP,Environmental,Greenhouse Gas Emissions,Scope 3 GHG emissions,Scope 3 GHG emissions from business travel,"19,913",Metric tons of CO2 equivalent,19913.0,number
"University of California, Berkeley",OP-6,OP,Environmental,Greenhouse Gas Emissions,Scope 3 GHG emissions,"Within the previous three years, to what extent has the institution quantified its scope 3 GHG emissions from commuting?",Full accounting,,,text
"University of California, Berkeley",OP-6,OP,Environmental,Greenhouse Gas Emissions,Scope 3 GHG emissions,Scope 3 GHG emissions from commuting,"12,836",Metric tons of CO2 equivalent,12836.0,number
"University of California, Berkeley",OP-6,OP,Environmental,Greenhouse Gas Emissions,Scope 3 GHG emissions,"Within the previous three years, to what extent has the institution quantified its scope 3 GHG emissions from purchased goods and services?",Not at all,,,text
"University of California, Berkeley",OP-6,OP,Environmental,Greenhouse Gas Emissions,Scope 3 GHG emissions,Scope 3 GHG emissions from purchased goods and services,,,,not_reported
"University of California, Berkeley",OP-6,OP,Environmental,Greenhouse Gas Emissions,Scope 3 GHG emissions,"Within the previous three years, to what extent has the institution quantified its scope 3 GHG emissions from capital goods?",Partial accounting,,,text
"University of California, Berkeley",OP-6,OP,Environmental,Greenhouse Gas Emissions,Scope 3 GHG emissions,Scope 3 GHG emissions from capital goods,,,,not_reported
"University of California, Berkeley",OP-6,OP,Environmental,Greenhouse Gas Emissions,Scope 3 GHG emissions,"Within the previous three years, to what extent has the institution quantified its scope 3 GHG emissions from fuel- and energy-related activities not included in scope 1 or scope 2?",Full accounting,,,text
"University of California, Berkeley",OP-6,OP,Environmental,Greenhouse Gas Emissions,Scope 3 GHG emissions,Scope 3 GHG emissions from fuel- and energy-related activities not included in scope 1 or scope 2,22,Metric tons of CO2 equivalent,22.0,number
"University of California, Berkeley",OP-6,OP,Environmental,Greenhouse Gas Emissions,Scope 3 GHG emissions,"Within the previous three years, to what extent has the institution quantified its scope 3 GHG emissions from upstream transportation and distribution?",Not at all,,,text
"University of California, Berkeley",OP-6,OP,Environmental,Greenhouse Gas Emissions,Scope 3 GHG emissions,Scope 3 GHG emissions from upstream transportation and distribution,,,,not_reported
"University of California, Berkeley",OP-6,OP,Environmental,Greenhouse Gas Emissions,Scope 3 GHG emissions,"Within the previous three years, to what extent has the institution quantified its scope 3 GHG emissions from waste generated in operations?",Full accounting,,,text
"University of California, Berkeley",OP-6,OP,Environmental,Greenhouse Gas Emissions,Scope 3 GHG emissions,Scope 3 GHG emissions from waste generated in operations,728,Metric tons of CO2 equivalent,728.0,number
"University of California, Berkeley",OP-6,OP,Environmental,Greenhouse Gas Emissions,Scope 3 GHG emissions,"Within the previous three years, to what extent has the institution quantified its scope 3 GHG emissions in all other applicable categories identified in the GHG Protocol Scope 3 Standard?",Partial accounting,,,text
"University of California, Berkeley",OP-6,OP,Environmental,Greenhouse Gas Emissions,Scope 3 GHG emissions,Scope 3 GHG emissions from other applicable categories identified in the GHG Protocol Scope 3 Standard,,,,not_reported
"University of California, Berkeley",OP-6,OP,Environmental,Greenhouse Gas Emissions,Scope 3 GHG emissions,Description of the methodologies used to identify and account for the institution’s relevant scope 3 activities,"UC Berkeley collects voluntary survey data for commute emissions. Waste data is collected by Zero Waste Group. Water and wastewater are quantified through datasets requested from East Bay Municipal Utility District in Berkeley, California.",,,text_long
"University of California, Berkeley",OP-6,OP,Environmental,Greenhouse Gas Emissions,Scope 3 GHG emissions,Points earned for indicator OP 6.1,2.63,,2.63,number
"University of California, Berkeley",OP-6,OP,Environmental,Greenhouse Gas Emissions,Scope 3 GHG emissions,Peer group,Doctoral universities and research institutions,,,text
"University of California, Berkeley",OP-6,OP,Environmental,Greenhouse Gas Emissions,Scope 3 GHG emissions,Gross floor area of building space,"1,503,129.29",Square meters,1503129.29,number
"University of California, Berkeley",OP-6,OP,Environmental,Greenhouse Gas Emissions,Scope 3 GHG emissions,Annual scope 1 and 2 GHG emissions per unit of floor area,91.79,Kilograms per square meter,91.79,number
"University of California, Berkeley",OP-6,OP,Environmental,Greenhouse Gas Emissions,Scope 3 GHG emissions,Points earned for indicator OP 6.2,2.16,,2.16,number
"University of California, Berkeley",OP-6,OP,Environmental,Greenhouse Gas Emissions,Scope 3 GHG emissions,Full-time equivalent student enrollment,"44,578",,44578.0,number
"University of California, Berkeley",OP-6,OP,Environmental,Greenhouse Gas Emissions,Scope 3 GHG emissions,Full-time equivalent of employees,"13,678",,13678.0,number
"University of California, Berkeley",OP-6,OP,Environmental,Greenhouse Gas Emissions,Scope 3 GHG emissions,Full-time equivalent students and employees,"58,256",,58256.0,number
"University of California, Berkeley",OP-6,OP,Environmental,Greenhouse Gas Emissions,Scope 3 GHG emissions,Annual scope 1 and 2 GHG emissions per person,"2,368.25",Kilograms of CO2 equivalent,2368.25,number
"University of California, Berkeley",OP-6,OP,Environmental,Greenhouse Gas Emissions,Scope 3 GHG emissions,Points earned for indicator OP 6.3,2.84,,2.84,number
"University of California, Berkeley",OP-6,OP,Environmental,Greenhouse Gas Emissions,Carbon sinks,Third party certified carbon offsets,"4,858",Metric tons of CO2 equivalent,4858.0,number
"University of California, Berkeley",OP-6,OP,Environmental,Greenhouse Gas Emissions,Carbon sinks,Description of the institution’s third party certified carbon offsets,"Each year, the University allocates offsets according to the total Greenhouse Gas (GHG) emissions under the Cap and Trade program by campus, with an adjustment for UC Davis and UC Davis Medical Center to account for operational control. This year the retired offset compliance instruments are from U.S. Forest Projects. Table 2 summarizes the offset retirement for each campus with Cap and Trade obligations. Communication with The Climate Registry (TCR) on December 6, 2017 (Appendix A) confirms that offsets used to meet a compliance program requirement can be used to report offsets to TCR and apply them to our inventory. Should there be any questions regarding UC submitting the offsets listed below, please feel free to contact Colin Mickle, Associate Director, Renewable Energy at UCOP. Link to the document: https://docs.google.com/document/d/1wLWmXXNl6kRKm-Y2AB9DFI0gmk_8FdVy/edit?usp=sharing&ouid=105826157914045237014&rtpof=true&sd=true",,,text_long
"University of California, Berkeley",OP-6,OP,Environmental,Greenhouse Gas Emissions,Carbon sinks,Carbon storage from on-site composting,0.05,Metric tons of CO2 equivalent,0.05,number
"University of California, Berkeley",OP-6,OP,Environmental,Greenhouse Gas Emissions,Carbon sinks,Description of the institution’s carbon storage from on-site composting,"As per Residential & Student Services Program in Berkeley Housing and Diniging, Chef Peter estimated about 400 pounds per year is composted internally. 400 poounds of food waste is 0.1814 metric tons. We may assume a standard emission factor of 0.25 MTCO2e per metric ton of food waste composted (methane emissions avoided by diverting from landfill). Avoided Methane Emissions (MTCO2e) are 0.0454 MTCO2e. Additionally, we can calculate a carbon sequestration factor. If compost is applied to gardens, add a carbon sequestration factor of ~0.05 MTCO2e per metric ton of compost applied, which makes it 0.0091 MTCO2e So, in total, composting 400 pounds of food waste annually avoids approximately 0.0545 MTCO2e (or 54.5 kg CO2e) each year. This calculation accounts for methane avoidance and optional carbon sequestration.",,,text_long
"University of California, Berkeley",OP-6,OP,Environmental,Greenhouse Gas Emissions,Carbon sinks,Carbon sold or transferred,,,,not_reported
"University of California, Berkeley",OP-6,OP,Environmental,Greenhouse Gas Emissions,Carbon sinks,Carbon storage from non-additional sequestration on institution-owned land,0.01,Metric tons of CO2 equivalent,0.01,number
"University of California, Berkeley",OP-6,OP,Environmental,Greenhouse Gas Emissions,Baseline emissions,Does the institution have baseline scope 1 and 2 GHG emissions data?,Yes,,,boolean
"University of California, Berkeley",OP-6,OP,Environmental,Greenhouse Gas Emissions,Baseline emissions,Copy of the institution’s baseline GHG emissions inventory,,,,not_reported
"University of California, Berkeley",OP-6,OP,Environmental,Greenhouse Gas Emissions,Baseline emissions,Online location of the institution’s baseline GHG emissions inventory,https://sustainability.berkeley.edu/carbon-solutions/greenhouse-gas-inventory,,,url
"University of California, Berkeley",OP-6,OP,Environmental,Greenhouse Gas Emissions,Baseline emissions,Baseline year for scope 1 and 2 GHG emissions,2019,,2019.0,year
"University of California, Berkeley",OP-6,OP,Environmental,Greenhouse Gas Emissions,Baseline emissions,Narrative outlining when and why the GHG emissions baseline was adopted,"https://sustainability.berkeley.edu/carbon-solutions/greenhouse-gas-inventory 2019 was the last year that had ""Business As Usual"" Emissions before the global pandemic occurred.",,,url
"University of California, Berkeley",OP-6,OP,Environmental,Greenhouse Gas Emissions,Baseline emissions,Baseline scope 1 and 2 GHG emissions,"147,623",Metric tons of CO2 equivalent,147623.0,number
"University of California, Berkeley",OP-6,OP,Environmental,Greenhouse Gas Emissions,Baseline emissions,Net carbon sinks,"4,766.26",Metric tons of CO2 equivalent,4766.26,number
"University of California, Berkeley",OP-6,OP,Environmental,Greenhouse Gas Emissions,Baseline emissions,Adjusted net scope 1 and 2 GHG emissions,"133,106.95",Metric tons of CO2 equivalent,133106.95,number
"University of California, Berkeley",OP-6,OP,Environmental,Greenhouse Gas Emissions,Baseline emissions,Percentage reduction in scope 1 and 2 GHG emissions from baseline,9.83,,9.83,number
"University of California, Berkeley",OP-6,OP,Environmental,Greenhouse Gas Emissions,Baseline emissions,Points earned for indicator OP 6.4,0.39,,0.39,number
"University of California, Berkeley",OP-6,OP,Environmental,Greenhouse Gas Emissions,Baseline emissions,Notes about the information provided for this credit,"The Information for this section was provided by the Office of Sustainability, Residential & Student Services Program in Berkeley Housing and Diniging, and University of California, Office of the President.",,,text_long
"University of California, Berkeley",OP-6,OP,Environmental,Greenhouse Gas Emissions,Baseline emissions,Additional documentation for this credit,,,,not_reported
"University of California, Berkeley",OP-7,OP,Environmental,Dining Service Procurement,,Performance year for food and beverage purchasing,2024,,2024.0,year
"University of California, Berkeley",OP-7,OP,Environmental,Dining Service Procurement,,Percentage of food and beverage spend on products that are sustainably or ethically produced,23.40,,23.4,number
"University of California, Berkeley",OP-7,OP,Environmental,Dining Service Procurement,,Percentage of food and beverage spend on plant-based foods,34.30,,34.3,number
"University of California, Berkeley",OP-7,OP,Environmental,Dining Service Procurement,,Inventory of qualifying food and beverage purchases,UC_BERKELEY__2024_Sustainability_SpendFinalized.xlsx,,,text
"University of California, Berkeley",OP-7,OP,Environmental,Dining Service Procurement,,Description of the methodology used to determine the spend on products that are sustainably or ethically produced,"Analysis was completed by Shannen Casey, Sustainability Program Coordinator for the Residential & Student Services Programs department. A student team works to audit purchasing reports, and this year, investigated each supplier to confirm or deny the sustainability qualifications of each product with documented evidence, in accordance with 3.0 standards.",,,text_long
"University of California, Berkeley",OP-7,OP,Environmental,Dining Service Procurement,,Description of the methodology used to determine the spend on plant-based foods,"Analysis was completed by Shannen Casey, Sustainability Program Coordinator for the Residential & Student Services Programs department. A student team works to audit purchasing reports, and this year, investigated each supplier to confirm or deny the plant based qualifications of each product with documented evidence, in accordance with AASHE 3.0 standards.",,,text_long
"University of California, Berkeley",OP-7,OP,Environmental,Dining Service Procurement,,Points earned for indicator OP 7.1,3.46,,3.46,number
"University of California, Berkeley",OP-7,OP,Environmental,Dining Service Procurement,,Does the institution have sufficient data on its dining service spend to pursue this indicator?,Yes,,,boolean
"University of California, Berkeley",OP-7,OP,Environmental,Dining Service Procurement,,Performance year for social impact dining service purchasing,2024,,2024.0,year
"University of California, Berkeley",OP-7,OP,Environmental,Dining Service Procurement,,Percentage of dining service spend with social impact suppliers,10.46,,10.46,number
"University of California, Berkeley",OP-7,OP,Environmental,Dining Service Procurement,,Narrative and/or website URL providing an overview of the dining service program’s social impact suppliers,"We utilzie Supplier.io platform to validate the certifications of suppliers. The following certification were considered: Small Busines, Local Business, Minority-Owned Business, B-Corp, Woman-Owned Business, and Veteran-Owned Business.",,,text_long
"University of California, Berkeley",OP-7,OP,Environmental,Dining Service Procurement,,Description of the methodology used to determine the spend with social impact suppliers,We utilized Supplier.io database for certification information. Cream Co is a certified Small Business with the State of CA agency.,,,text
"University of California, Berkeley",OP-7,OP,Environmental,Dining Service Procurement,,Points earned for indicator OP 7.2,2,,2.0,number
"University of California, Berkeley",OP-7,OP,Environmental,Dining Service Procurement,,Notes about the information provided for this credit,Data was sourced from the Residential Student Services Program (RSSP) and Supplier.io website.,,,text
"University of California, Berkeley",OP-7,OP,Environmental,Dining Service Procurement,,Additional documentation for this credit,,,,not_reported
"University of California, Berkeley",OP-8,OP,Environmental,Food Recovery,,Does the institution donate surplus food to a food redistribution program on at least a monthly basis when its dining services are operational?,Yes,,,boolean
"University of California, Berkeley",OP-8,OP,Environmental,Food Recovery,,Narrative and/or website URL providing an overview of the institution’s surplus food donation program,"Berkeley Dining donates multiple times a week to the Basic Needs Center that feeds students and community members in need, as well as end of semester or large scale donations to the Berkeley Food Network that distributes food to community members. Last year Berkeley Dining donated over 15,000 pounds of food to the Basic Needs Center, and 2,000 pounds of food to community members. https://basicneeds.berkeley.edu/home",,,text_long
"University of California, Berkeley",OP-8,OP,Environmental,Food Recovery,,"Do the institution’s dining services divert pre-consumer food waste from disposal for processing and use as animal feed, compost, and/or biofuel?",Yes,,,boolean
"University of California, Berkeley",OP-8,OP,Environmental,Food Recovery,,Narrative and/or website URL providing an overview of the institution’s pre-consumer food waste diversion program,"Berkeley Dining's Clark Kerr Kitchen provides raw food scraps to the Student Environmental Resource Center's large vermicomposting bin student project on campus. Other scraps are collected with the post- consumer waste with the campus compost program, managed by Cal Zero Waste. Compost from campus goes to a compost facility in Richmond. https://dining.berkeley.edu/sustainability/waste-reduction/",,,text_long
"University of California, Berkeley",OP-8,OP,Environmental,Food Recovery,,"Do the institution’s dining services divert post-consumer food waste from disposal for processing and use as animal feed, compost, and/or biofuel?",Yes,,,boolean
"University of California, Berkeley",OP-8,OP,Environmental,Food Recovery,,Narrative and/or website URL providing an overview of the institution’s post-consumer food waste diversion program,"Post consumer waste is collected at the dish return in the all-you-care-to-eat dining halls and campus restaurants have the three-bin system including recycling, compost and landfill available for customers. The dining halls and campus restaurants compost all food waste and donate or reuse leftovers where possible. Compost from campus goes to a compost facility in Richmond. https://dining.berkeley.edu/sustainability/waste-reduction/",,,text_long
"University of California, Berkeley",OP-8,OP,Environmental,Food Recovery,,Do the institution’s dining services track and assess their food and organic materials management efforts on at least an annual basis to inform ongoing improvements?,Yes,,,boolean
"University of California, Berkeley",OP-8,OP,Environmental,Food Recovery,,Narrative and/or website URL providing an overview of the institution’s food and organic materials management tracking and assessment initiatives,"We manage and track food waste through Leanpath and have project plans in place to continue diverting waste, we also do not use landfill cans ever for food waste.",,,text
"University of California, Berkeley",OP-8,OP,Environmental,Food Recovery,,Points earned for indicator OP 8.1,2,,2.0,number
"University of California, Berkeley",OP-8,OP,Environmental,Food Recovery,,Notes about the information provided for this credit,"The Residential & Student Services Programs department, Basic Needs Center, Office of Sustainability",,,text
"University of California, Berkeley",OP-8,OP,Environmental,Food Recovery,,Additional documentation for this credit,,,,not_reported
"University of California, Berkeley",OP-9,OP,Environmental,Sustainable Procurement System,,Does the institution have a published code of conduct to guide suppliers on the institution’s social and environmental expectations for them?,Yes,,,boolean
"University of California, Berkeley",OP-9,OP,Environmental,Sustainable Procurement System,,Copy of the institution’s supplier code of conduct,,,,not_reported
"University of California, Berkeley",OP-9,OP,Environmental,Sustainable Procurement System,,Online location of the institution’s supplier code of conduct,https://www.ucop.edu/procurement-services/for-ucstaff/sustainable-procurement/sustainableprocurementguidelines.pdf,,,url
"University of California, Berkeley",OP-9,OP,Environmental,Sustainable Procurement System,,Does the institution’s supplier code of conduct include one or more expectations in regard to environmental impact that exceed or are additional to regulatory compliance?,Yes,,,boolean
"University of California, Berkeley",OP-9,OP,Environmental,Sustainable Procurement System,,Does the institution’s supplier code of conduct include one or more expectations in regard to the treatment of workers that exceed or are additional to regulatory compliance?,Yes,,,boolean
"University of California, Berkeley",OP-9,OP,Environmental,Sustainable Procurement System,,Does the institution’s supplier code of conduct include one or more expectations in regard to governance and ethical business practices that exceed or are additional to regulatory compliance?,Yes,,,boolean
"University of California, Berkeley",OP-9,OP,Environmental,Sustainable Procurement System,,Does the institution’s supplier code of conduct include one or more expectations in regard to the advancement of sustainability in the supply chain?,Yes,,,boolean
"University of California, Berkeley",OP-9,OP,Environmental,Sustainable Procurement System,,Does the institution’s supplier code of conduct include one or more expectations of monitoring and review?,Yes,,,boolean
"University of California, Berkeley",OP-9,OP,Environmental,Sustainable Procurement System,,Points earned for indicator OP 9.1,1,,1.0,number
"University of California, Berkeley",OP-9,OP,Environmental,Sustainable Procurement System,,Does the institution have sufficient data on its bid solicitations to pursue this indicator?,Yes,,,boolean
"University of California, Berkeley",OP-9,OP,Environmental,Sustainable Procurement System,,Percentage of bid solicitations that identify product sustainability specifications,100,,100.0,number
"University of California, Berkeley",OP-9,OP,Environmental,Sustainable Procurement System,,Percentage of bid solicitations that identify supplier sustainability considerations,100,,100.0,number
"University of California, Berkeley",OP-9,OP,Environmental,Sustainable Procurement System,,Description of the methodology used to assess the institution’s bid solicitations,"100% of our RFPs include a minimum of 15% Sustainability considerations. UC Berkeley utilizes EcoVadis to assess sustainabiltiy characteristics of its suppliers and Sustainabiltiy Policy adn Guidelines to identify green products, which include requred and prefered sutainabiltiy certifications. https://procurement.ucop.edu/suppliers/what-sustainable-procurement-uc/policy Article 22 of T&C: https://drive.google.com/file/d/1sJeCxDVYffDUnm_Wck0WGf0eh5sV8V64/view?usp=sharing Sustainable Procurement Guidelines mandate 100% of RFP/RFQ comply with sustainability requirements. https://www.ucop.edu/procurement-services/for-ucstaff/sustainable-procurement/sustainableprocurementguidelines.pdf",,,text_long
"University of California, Berkeley",OP-9,OP,Environmental,Sustainable Procurement System,,Online resource supporting the percentage of bid solicitations reported,https://smart.gep.com/publicRFx/ucal?oloc=215#/,,,url
"University of California, Berkeley",OP-9,OP,Environmental,Sustainable Procurement System,,Document supporting the percentage of bid solicitations reported,uc-terms-conditions-12-14-21.pdf,,,text
"University of California, Berkeley",OP-9,OP,Environmental,Sustainable Procurement System,,Points earned for indicator OP 9.2,2,,2.0,number
"University of California, Berkeley",OP-9,OP,Environmental,Sustainable Procurement System,,Average weight assigned to product sustainability specifications in the institution’s bid appraisal process,10 percent or more,,,text
"University of California, Berkeley",OP-9,OP,Environmental,Sustainable Procurement System,,Average weight assigned to supplier sustainability considerations in the institution’s bid appraisal process,10 percent or more,,,text
"University of California, Berkeley",OP-9,OP,Environmental,Sustainable Procurement System,,Narrative outlining how the average weights given to sustainability considerations were determined,UC Berkeley goals are: Reduce carbon emissions and carbon impacts in the supply chain. 25 percent green spend and 25 percent economically and socially responsible spend in specific product categories. UC Berkeley is currently at 21% of addressable spend. Allocate a minimum of 15% of the points utilized in competitive solicitation evaluations to sustainability criteria. https://sustainability.berkeley.edu/our-performance/procurement,,,text_long
"University of California, Berkeley",OP-9,OP,Environmental,Sustainable Procurement System,,Points earned for indicator OP 9.3,2,,2.0,number
"University of California, Berkeley",OP-9,OP,Environmental,Sustainable Procurement System,,Does the institution have sufficient data on its contract spend to pursue this indicator?,Yes,,,boolean
"University of California, Berkeley",OP-9,OP,Environmental,Sustainable Procurement System,,Performance year for contract spend,2024,,2024.0,year
"University of California, Berkeley",OP-9,OP,Environmental,Sustainable Procurement System,,Local currency code,USD,,,text
"University of California, Berkeley",OP-9,OP,Environmental,Sustainable Procurement System,,Total annual contract spend,"883,756,037",,883756037.0,number
"University of California, Berkeley",OP-9,OP,Environmental,Sustainable Procurement System,,Annual contract spend with social impact suppliers,"124,777,112",,124777112.0,number
"University of California, Berkeley",OP-9,OP,Environmental,Sustainable Procurement System,,Narrative and/or website URL providing an overview of the institution’s contracts with social impact suppliers,https://procurement.ucop.edu/resources/esrp,,,url
"University of California, Berkeley",OP-9,OP,Environmental,Sustainable Procurement System,,Description of the methodology used to assess the institution’s contract spend with social impact suppliers,System-wide financial database is cross-referenced and enhanced with data from Supplier.io at a company level.,,,text
"University of California, Berkeley",OP-9,OP,Environmental,Sustainable Procurement System,,Percentage of contract spend with social impact suppliers,14.12,,14.12,number
"University of California, Berkeley",OP-9,OP,Environmental,Sustainable Procurement System,,Points earned for indicator 9.4,2,,2.0,number
"University of California, Berkeley",OP-9,OP,Environmental,Sustainable Procurement System,,Notes about the information provided for this credit,UC Berkeley Purchasing Department,,,text
"University of California, Berkeley",OP-9,OP,Environmental,Sustainable Procurement System,,Additional documentation for this credit,,,,not_reported
"University of California, Berkeley",OP-10,OP,Environmental,Purchased Goods,,Local currency code,USD,,,text
"University of California, Berkeley",OP-10,OP,Environmental,Purchased Goods,,Does the institution have sufficient data on its cleaning product spend to pursue this indicator?,Yes,,,boolean
"University of California, Berkeley",OP-10,OP,Environmental,Purchased Goods,,Performance year for cleaning products spend,2024,,2024.0,year
"University of California, Berkeley",OP-10,OP,Environmental,Purchased Goods,,Total annual spend on cleaning products,"721,223",,721223.0,number
"University of California, Berkeley",OP-10,OP,Environmental,Purchased Goods,,Annual spend on cleaning products that meet preferable sustainability criteria,"427,215",,427215.0,number
"University of California, Berkeley",OP-10,OP,Environmental,Purchased Goods,,Annual spend on cleaning products that meet other qualifying sustainability criteria,0,,0.0,number
"University of California, Berkeley",OP-10,OP,Environmental,Purchased Goods,,List or sample of cleaning product purchases and the preferable and/or other qualifying criteria that each purchase meets,https://docs.google.com/spreadsheets/d/1Q_QjKTgrMtkXKoanjczgcS_jkCCm9Sqo/edit?gid=1070686249#gid=1070686249,,,url
"University of California, Berkeley",OP-10,OP,Environmental,Purchased Goods,,Percentage of cleaning product spend that meets preferable sustainability criteria,59.23,,59.23,number
"University of California, Berkeley",OP-10,OP,Environmental,Purchased Goods,,Percentage of cleaning product spend that meets other qualifying sustainability criteria,0,,0.0,number
"University of California, Berkeley",OP-10,OP,Environmental,Purchased Goods,,Points earned for indicator OP 10.1,0.59,,0.59,number
"University of California, Berkeley",OP-10,OP,Environmental,Purchased Goods,,Does the institution have sufficient data on its electronics spend to pursue this indicator?,Yes,,,boolean
"University of California, Berkeley",OP-10,OP,Environmental,Purchased Goods,,Performance year for electronics product spend,2024,,2024.0,year
"University of California, Berkeley",OP-10,OP,Environmental,Purchased Goods,,Total annual spend on electronics,"6,986,364",,6986364.0,number
"University of California, Berkeley",OP-10,OP,Environmental,Purchased Goods,,Annual spend on electronics that meet preferable sustainability criteria,"3,730,278",,3730278.0,number
"University of California, Berkeley",OP-10,OP,Environmental,Purchased Goods,,Annual spend on electronics spend that meet other qualifying sustainability criteria,"159,707",,159707.0,number
"University of California, Berkeley",OP-10,OP,Environmental,Purchased Goods,,List or sample of electronics purchases and the preferable and/or other qualifying criteria that each purchase meets,https://docs.google.com/spreadsheets/d/1LMpVL5i0kY7bGd81m_eNTOPEqIt3t0Pv/edit?gid=798503484#gid=798503484,,,url
"University of California, Berkeley",OP-10,OP,Environmental,Purchased Goods,,Percentage of electronics spend that meets preferable sustainability criteria,53.39,,53.39,number
"University of California, Berkeley",OP-10,OP,Environmental,Purchased Goods,,Percentage of electronics spend that meets other qualifying sustainability criteria,2.29,,2.29,number
"University of California, Berkeley",OP-10,OP,Environmental,Purchased Goods,,Points earned for indicator OP 10.2,0.55,,0.55,number
"University of California, Berkeley",OP-10,OP,Environmental,Purchased Goods,,Does the institution have sufficient data on its furniture spend to pursue this indicator?,Yes,,,boolean
"University of California, Berkeley",OP-10,OP,Environmental,Purchased Goods,,Performance year for furniture spend,2024,,2024.0,year
"University of California, Berkeley",OP-10,OP,Environmental,Purchased Goods,,Total annual spend on furniture,"2,296,364",,2296364.0,number
"University of California, Berkeley",OP-10,OP,Environmental,Purchased Goods,,Annual spend on furniture that meets preferable sustainability criteria,"2,107,667",,2107667.0,number
"University of California, Berkeley",OP-10,OP,Environmental,Purchased Goods,,Annual spend on furniture that meets other qualifying sustainability criteria,0,,0.0,number
"University of California, Berkeley",OP-10,OP,Environmental,Purchased Goods,,List or sample of furniture purchases and the preferable and/or other qualifying criteria that each purchase meets,https://docs.google.com/spreadsheets/d/1M2AM-4V6z48grj_jHaT2PNtHIEOXgYt1/edit?gid=4629761#gid=4629761,,,url
"University of California, Berkeley",OP-10,OP,Environmental,Purchased Goods,,Percentage of furniture spend that meets preferable sustainability criteria,91.78,,91.78,number
"University of California, Berkeley",OP-10,OP,Environmental,Purchased Goods,,Percentage of furniture spend that meets other qualifying sustainability criteria,0,,0.0,number
"University of California, Berkeley",OP-10,OP,Environmental,Purchased Goods,,Points earned for indicator OP 10.3,0.92,,0.92,number
"University of California, Berkeley",OP-10,OP,Environmental,Purchased Goods,,Does the institution have sufficient data on its office paper spend to pursue this indicator?,Yes,,,boolean
"University of California, Berkeley",OP-10,OP,Environmental,Purchased Goods,,Performance year for office paper spend,2024,,2024.0,year
"University of California, Berkeley",OP-10,OP,Environmental,Purchased Goods,,Total annual spend on office paper,"108,554",,108554.0,number
"University of California, Berkeley",OP-10,OP,Environmental,Purchased Goods,,Annual spend on office paper that meets preferable sustainability criteria,"70,872",,70872.0,number
"University of California, Berkeley",OP-10,OP,Environmental,Purchased Goods,,Annual spend on office paper that meets other qualifying sustainability criteria,"19,430",,19430.0,number
"University of California, Berkeley",OP-10,OP,Environmental,Purchased Goods,,List or sample of office paper purchases and the preferable and/or other qualifying criteria that each purchase meets,https://docs.google.com/spreadsheets/d/1YvbwSkK2yP8tmY96BhTtOSRFx7hTQWlt/edit?gid=642813225#gid=642813225,,,url
"University of California, Berkeley",OP-10,OP,Environmental,Purchased Goods,,Percentage of office paper spend that meets preferable sustainability criteria,65.29,,65.29,number
"University of California, Berkeley",OP-10,OP,Environmental,Purchased Goods,,Percentage of office paper spend that meets other qualifying sustainability criteria,17.90,,17.9,number
"University of California, Berkeley",OP-10,OP,Environmental,Purchased Goods,,Points earned for indicator OP 10.4,0.74,,0.74,number
"University of California, Berkeley",OP-10,OP,Environmental,Purchased Goods,,Notes about the information provided for this credit,UC Berkeley Purchasing Department,,,text
"University of California, Berkeley",OP-10,OP,Environmental,Purchased Goods,,Additional documentation for this credit,,,,not_reported
"University of California, Berkeley",OP-11,OP,Environmental,Materials Management,,"Does the institution have a surplus program through which institution-owned items that are no longer needed are stored for eventual sale, donation, or reuse?",Yes,,,boolean
"University of California, Berkeley",OP-11,OP,Environmental,Materials Management,,Narrative and/or website URL providing an overview of the institution’s surplus program,https://property.berkeley.edu/uc-berkeley-surplus,,,url
"University of California, Berkeley",OP-11,OP,Environmental,Materials Management,,Does the institution have or participate in a reuse program through which employees and/or students can donate personal items for redistribution?,Yes,,,boolean
"University of California, Berkeley",OP-11,OP,Environmental,Materials Management,,Narrative and/or website URL providing an overview of the institution’s reuse program,https://property.berkeley.edu/uc-berkeley-surplus and https://reuse.studentorg.berkeley.edu/about-page/,,,url
"University of California, Berkeley",OP-11,OP,Environmental,Materials Management,,Points earned for indicator OP 11.1,1,,1.0,number
"University of California, Berkeley",OP-11,OP,Environmental,Materials Management,,Does the institution have or participate in a composting program that accepts compostable alternatives to single-use disposable plastic?,Yes,,,boolean
"University of California, Berkeley",OP-11,OP,Environmental,Materials Management,,Narrative and/or website URL providing an overview of the institution’s composting program,UC Berkeley campus has integrated composting into all of our collection systems and its sent to an industrial compost facility. https://facilities.berkeley.edu/operating-units/campus-operations/cal-zero-waste,,,text_long
"University of California, Berkeley",OP-11,OP,Environmental,Materials Management,,Does the institution have or participate in a reusable container program designed to reduce the use of single-use disposable plastic?,Yes,,,boolean
"University of California, Berkeley",OP-11,OP,Environmental,Materials Management,,Narrative and/or website URL providing an overview of the institution’s reusable container program,Our campus has reusables at all dining and most retail locations. We are working on phasing out all single use plastics and compostable plastics to fiber or reusables for to go options. We just initiated a reusable cup program at the California Memorial stadium for football this season. https://facilities.berkeley.edu/operating-units/campus-operations/cal-zero-waste,,,text_long
"University of California, Berkeley",OP-11,OP,Environmental,Materials Management,,Has the institution eliminated the on-site use of at least one form of single-use disposable plastic?,Yes,,,boolean
"University of California, Berkeley",OP-11,OP,Environmental,Materials Management,,"Has the institution eliminated the on-site sales and distribution of all single-use disposable plastic food containers, utensils, and beverage cups?",No,,,boolean
"University of California, Berkeley",OP-11,OP,Environmental,Materials Management,,Narrative and/or website URL providing an overview of the institution’s single-use disposable plastics program,https://drive.google.com/file/d/1rQ1b44LSIgHolMzRDpqSRMWVGnFZkg1M/view,,,url
"University of California, Berkeley",OP-11,OP,Environmental,Materials Management,,Points earned for indicator OP 11.2,0.75,,0.75,number
"University of California, Berkeley",OP-11,OP,Environmental,Materials Management,,Does the institution have or participate in a program designed to collect electronic waste (e-waste) from employees for recycling and/or preparation for reuse?,Yes,,,boolean
"University of California, Berkeley",OP-11,OP,Environmental,Materials Management,,Does the institution have or participate in a program designed to collect e-waste from students for recycling and/or preparation for reuse? (required),Yes,,,boolean
"University of California, Berkeley",OP-11,OP,Environmental,Materials Management,,Narrative and/or website URL providing an overview of the institution’s e-waste collection programs,https://property.berkeley.edu/equipment/methods-disposal-excess-equipment,,,url
"University of California, Berkeley",OP-11,OP,Environmental,Materials Management,,Does the institution use an e-waste recycler that is certified to a qualifying standard?,Yes,,,boolean
"University of California, Berkeley",OP-11,OP,Environmental,Materials Management,,Standard to which the institution’s e-waste recycler is certified,CEAR are certified by Responsible Recycling (R2) Standard Version 3 via Sustainable Electronics Recycling International (SERI),,,text
"University of California, Berkeley",OP-11,OP,Environmental,Materials Management,,Points earned for indicator OP 11.3,1,,1.0,number
"University of California, Berkeley",OP-11,OP,Environmental,Materials Management,,Does the institution have a hazardous waste management program or protocol that includes measures to minimize or reduce the use of hazardous materials?,Yes,,,boolean
"University of California, Berkeley",OP-11,OP,Environmental,Materials Management,,Narrative and/or website URL providing an overview of the institution’s hazardous waste management program or protocol,https://property.berkeley.edu/equipment/methods-disposal-excess-equipment https://ehs.berkeley.edu/safety-subjects/hazardous-materials,,,url
"University of California, Berkeley",OP-11,OP,Environmental,Materials Management,,"Does the institution publish information about the specific types of hazardous waste it generates and how they are disposed of, recycled, and/or prepared for reuse?",Yes,,,boolean
"University of California, Berkeley",OP-11,OP,Environmental,Materials Management,,Online resource that provides information about the specific types of hazardous waste managed by the institution,https://ehs.berkeley.edu/dispose-waste,,,url
"University of California, Berkeley",OP-11,OP,Environmental,Materials Management,,Document that provides information about the specific types of hazardous waste managed by the institution,,,,not_reported
"University of California, Berkeley",OP-11,OP,Environmental,Materials Management,,Points earned for indicator OP 11.4,1,,1.0,number
"University of California, Berkeley",OP-11,OP,Environmental,Materials Management,,Notes about the information provided for this credit,https://ehs.berkeley.edu/dispose-waste https://ehs.berkeley.edu/safety-subjects/hazardous-materials https://ehs.berkeley.edu/waste-disposal https://sustainabilityreport.ucop.edu/2023/locations/uc-berkeley/ UC Berkeley Purchasing Department,,,url
"University of California, Berkeley",OP-11,OP,Environmental,Materials Management,,Additional documentation for this credit,,,,not_reported
"University of California, Berkeley",OP-12,OP,Environmental,Waste Generation and Recovery,,Performance year for non-hazardous waste,2023,,2023.0,year
"University of California, Berkeley",OP-12,OP,Environmental,Waste Generation and Recovery,,Peer group,Doctoral universities and research institutions,,,text
"University of California, Berkeley",OP-12,OP,Environmental,Waste Generation and Recovery,,Non-hazardous waste recycled,"1,576",Metric tons,1576.0,number
"University of California, Berkeley",OP-12,OP,Environmental,Waste Generation and Recovery,,Non-hazardous waste composted,"2,554",Metric tons,2554.0,number
"University of California, Berkeley",OP-12,OP,Environmental,Waste Generation and Recovery,,Non-hazardous waste prepared for reuse,124.13,Metric tons,124.13,number
"University of California, Berkeley",OP-12,OP,Environmental,Waste Generation and Recovery,,Non-hazardous waste disposed of to a landfill or incinerator,"3,478",Metric tons,3478.0,number
"University of California, Berkeley",OP-12,OP,Environmental,Waste Generation and Recovery,,Estimated percentage of non-hazardous waste disposed of to a landfill or incinerator that is disposed of to a waste-to-energy (WTE) facility,,,,not_reported
"University of California, Berkeley",OP-12,OP,Environmental,Waste Generation and Recovery,,Full-time equivalent student enrollment,"44,578",,44578.0,number
"University of California, Berkeley",OP-12,OP,Environmental,Waste Generation and Recovery,,Full-time equivalent of employees,"13,678",,13678.0,number
"University of California, Berkeley",OP-12,OP,Environmental,Waste Generation and Recovery,,Total non-hazardous waste diverted from disposal,"4,254.13",Metric tons,4254.13,number
"University of California, Berkeley",OP-12,OP,Environmental,Waste Generation and Recovery,,Annual non-hazardous waste generated,"7,732.13",Metric tons,7732.13,number
"University of California, Berkeley",OP-12,OP,Environmental,Waste Generation and Recovery,,Full-time equivalent students and employees,"58,256",,58256.0,number
"University of California, Berkeley",OP-12,OP,Environmental,Waste Generation and Recovery,,Annual non-hazardous waste generated per person,132.73,Kilograms,132.73,number
"University of California, Berkeley",OP-12,OP,Environmental,Waste Generation and Recovery,,Points earned for indicator OP 12.1,0.64,,0.64,number
"University of California, Berkeley",OP-12,OP,Environmental,Waste Generation and Recovery,,Gross floor area of building space,"1,503,129.29",Square meters,1503129.29,number
"University of California, Berkeley",OP-12,OP,Environmental,Waste Generation and Recovery,,Annual non-hazardous waste generated per unit of floor area,5.14,Kilograms per square meter,5.14,number
"University of California, Berkeley",OP-12,OP,Environmental,Waste Generation and Recovery,,Points earned for indicator OP 12.2,0.61,,0.61,number
"University of California, Berkeley",OP-12,OP,Environmental,Waste Generation and Recovery,,Percentage of non-hazardous waste diverted from disposal,55.02,,55.02,number
"University of California, Berkeley",OP-12,OP,Environmental,Waste Generation and Recovery,,Points earned for indicator OP 12.3,1.22,,1.22,number
"University of California, Berkeley",OP-12,OP,Environmental,Waste Generation and Recovery,,"Has the institution conducted one or more major construction, renovation, and/or demolition projects within the previous three years?",Yes,,,boolean
"University of California, Berkeley",OP-12,OP,Environmental,Waste Generation and Recovery,,Does the institution have sufficient data on construction and demolition waste to pursue this indicator?,Yes,,,boolean
"University of California, Berkeley",OP-12,OP,Environmental,Waste Generation and Recovery,,Performance year for construction and demolition waste,2024,,2024.0,year
"University of California, Berkeley",OP-12,OP,Environmental,Waste Generation and Recovery,,Construction and demolition waste recycled,"2,858.23",Metric tons,2858.23,number
"University of California, Berkeley",OP-12,OP,Environmental,Waste Generation and Recovery,,Construction and demolition waste prepared for reuse,593.79,Metric tons,593.79,number
"University of California, Berkeley",OP-12,OP,Environmental,Waste Generation and Recovery,,Construction and demolition waste disposed of to a landfill or incinerator,"1,301.07",Metric tons,1301.07,number
"University of California, Berkeley",OP-12,OP,Environmental,Waste Generation and Recovery,,Total construction and demolition waste diverted from disposal,"3,452.02",Metric tons,3452.02,number
"University of California, Berkeley",OP-12,OP,Environmental,Waste Generation and Recovery,,Annual construction and demolition waste generated,"4,753.09",Metric tons,4753.09,number
"University of California, Berkeley",OP-12,OP,Environmental,Waste Generation and Recovery,,Percentage of construction and demolition waste diverted from disposal,72.63,,72.63,number
"University of California, Berkeley",OP-12,OP,Environmental,Waste Generation and Recovery,,Points earned for indicator OP 12.4,0.81,,0.81,number
"University of California, Berkeley",OP-12,OP,Environmental,Waste Generation and Recovery,,Notes about the information provided for this credit,"Construction Waste file: https://docs.google.com/spreadsheets/d/1DSXQbOGeJp4iQCWOnwqlNt9Y98r5zih3/edit?usp=sharing&ouid=105826157914045237014&rtpof=true&sd=true Office of Sustainabilty, Facilities Services, Capital Planning",,,text_long
"University of California, Berkeley",OP-12,OP,Environmental,Waste Generation and Recovery,,Additional documentation for this credit,,,,not_reported
"University of California, Berkeley",OP-13,OP,Environmental,Vehicle Fleet,,"Total number of cars, vans, trucks, and buses in the institution’s fleet",542,,542.0,number
"University of California, Berkeley",OP-13,OP,Environmental,Vehicle Fleet,,"Number of cars, vans, trucks, and buses in the institution’s fleet that are zero emission vehicles (ZEVs)",68,,68.0,number
"University of California, Berkeley",OP-13,OP,Environmental,Vehicle Fleet,,"Number of cars, vans, trucks, and buses in the institution’s fleet that are plug-in hybrid electric vehicles (PHEVs)",8,,8.0,number
"University of California, Berkeley",OP-13,OP,Environmental,Vehicle Fleet,,Percentage of fleet vehicles that are electric vehicles,14.02,,14.02,number
"University of California, Berkeley",OP-13,OP,Environmental,Vehicle Fleet,,Points earned for indicator OP 13.1,0.28,,0.28,number
"University of California, Berkeley",OP-13,OP,Environmental,Vehicle Fleet,,Notes about the information provided for this credit,"More than 35% of the campus fleet is considered green including our flex-fuel gasoline/E85 vehicles (not included above). The campus owns several vehicles that are partial zero-emission vehicles (option not included above). Additionally, electric carts are used on campus but are not considered part of the fleet if they do not require street legal licensing. The information in this section was provided by the campus Fleet Services coordinator.",,,text_long
"University of California, Berkeley",OP-13,OP,Environmental,Vehicle Fleet,,Additional documentation for this credit,,,,not_reported
"University of California, Berkeley",OP-14,OP,Environmental,Commute Modal Split,,Performance year for commute modal split,2024,,2024.0,year
"University of California, Berkeley",OP-14,OP,Environmental,Commute Modal Split,,Full-time equivalent student enrollment,"44,578",,44578.0,number
"University of California, Berkeley",OP-14,OP,Environmental,Commute Modal Split,,Full-time equivalent of employees,"13,678",,13678.0,number
"University of California, Berkeley",OP-14,OP,Environmental,Commute Modal Split,,Has the institution gathered data about student commuting behavior?,Yes,,,boolean
"University of California, Berkeley",OP-14,OP,Environmental,Commute Modal Split,,Percentage of students that use more sustainable commuting options,86.02,,86.02,number
"University of California, Berkeley",OP-14,OP,Environmental,Commute Modal Split,,Description of the methodology used to gather data about student commuting,Every year the campus conducts a transportation survey on campus that includes determining mode split. The survey is distributed to the entire campus or from a representative sample via email. The surveys consistently have a statistically supported response. The data included here is from the survey from November 2024. The data about student commuting reflects responses from both undergraduate and graduate students.,,,text_long
"University of California, Berkeley",OP-14,OP,Environmental,Commute Modal Split,,Has the institution gathered data about employee commuting behavior?,Yes,,,boolean
"University of California, Berkeley",OP-14,OP,Environmental,Commute Modal Split,,Percentage of employees that use more sustainable commuting options,66.51,,66.51,number
"University of California, Berkeley",OP-14,OP,Environmental,Commute Modal Split,,Description of the methodology used to gather data about employee commuting,Every year the campus conducts a transportation survey on campus that includes determining mode split. The survey is distributed to the entire campus or from a representative sample via email. The surveys consistently have a statistically supported response. The data included here is from the survey from November 2024. The data about employee commuting reflects responses from both faculty and staff.,,,text_long
"University of California, Berkeley",OP-14,OP,Environmental,Commute Modal Split,,Points earned for indicator OP 14.1,4.89,,4.89,number
"University of California, Berkeley",OP-14,OP,Environmental,Commute Modal Split,Student commuting data,"Percentage of students that commute using single-occupancy car, van, or truck",13.98,,13.98,number
"University of California, Berkeley",OP-14,OP,Environmental,Commute Modal Split,Student commuting data,Percentage of students that commute by walking or the equivalent,32.81,,32.81,number
"University of California, Berkeley",OP-14,OP,Environmental,Commute Modal Split,Student commuting data,Percentage of students that commute by cycling or another micro-mobility option,11.09,,11.09,number
"University of California, Berkeley",OP-14,OP,Environmental,Commute Modal Split,Student commuting data,Percentage of students that commute by carpool or vanpool,3.52,,3.52,number
"University of California, Berkeley",OP-14,OP,Environmental,Commute Modal Split,Student commuting data,"Percentage of students that commute by bus, shuttle, or ferry",22.48,,22.48,number
"University of California, Berkeley",OP-14,OP,Environmental,Commute Modal Split,Student commuting data,Percentage of students that commute by rail,0,,0.0,number
"University of California, Berkeley",OP-14,OP,Environmental,Commute Modal Split,Student commuting data,Percentage of students that commute by light rail or tram,8.26,,8.26,number
"University of California, Berkeley",OP-14,OP,Environmental,Commute Modal Split,Student commuting data,Percentage of students that commute by motorcycle or moped,0.53,,0.53,number
"University of California, Berkeley",OP-14,OP,Environmental,Commute Modal Split,Student commuting data,Percentage of students that commute by zero emission vehicle,0,,0.0,number
"University of California, Berkeley",OP-14,OP,Environmental,Commute Modal Split,Student commuting data,Percentage of students that avail of remote learning,2.83,,2.83,number
"University of California, Berkeley",OP-14,OP,Environmental,Commute Modal Split,Employee commuting data,"Percentage of employees that commute using single-occupancy car, van, or truck",33.54,,33.54,number
"University of California, Berkeley",OP-14,OP,Environmental,Commute Modal Split,Employee commuting data,Percentage of employees that commute by walking or the equivalent,5.78,,5.78,number
"University of California, Berkeley",OP-14,OP,Environmental,Commute Modal Split,Employee commuting data,Percentage of employees that commute by cycling or another micro-mobility option,9.77,,9.77,number
"University of California, Berkeley",OP-14,OP,Environmental,Commute Modal Split,Employee commuting data,Percentage of employees that commute by carpool or vanpool,4.19,,4.19,number
"University of California, Berkeley",OP-14,OP,Environmental,Commute Modal Split,Employee commuting data,"Percentage of employees that commute by bus, shuttle, or ferry",6.01,,6.01,number
"University of California, Berkeley",OP-14,OP,Environmental,Commute Modal Split,Employee commuting data,Percentage of employees that commute by rail,0,,0.0,number
"University of California, Berkeley",OP-14,OP,Environmental,Commute Modal Split,Employee commuting data,Percentage of employees that commute by light rail or tram,10.36,,10.36,number
"University of California, Berkeley",OP-14,OP,Environmental,Commute Modal Split,Employee commuting data,Percentage of employees that commute by motorcycle or moped,0.43,,0.43,number
"University of California, Berkeley",OP-14,OP,Environmental,Commute Modal Split,Employee commuting data,Percentage of employees that commute by zero emission vehicle,0,,0.0,number
"University of California, Berkeley",OP-14,OP,Environmental,Commute Modal Split,Employee commuting data,Percentage of employees that avail of remote work,24.94,,24.94,number
"University of California, Berkeley",OP-14,OP,Environmental,Commute Modal Split,Employee commuting data,Notes about the information provided for this credit,"Source: 2024 Commuter Report, Clara Mathews, TDM Manager, UC Berkeley",,,text
"University of California, Berkeley",OP-14,OP,Environmental,Commute Modal Split,Employee commuting data,Additional documentation for this credit,,,,not_reported
"University of California, Berkeley",OP-15,OP,Environmental,Air Travel,,Does the institution provide incentives designed to encourage employees to reduce their air travel?,Yes,,,boolean
"University of California, Berkeley",OP-15,OP,Environmental,Air Travel,,Narrative and/or website URL providing an overview of the institution’s incentives designed to encourage employees to reduce their air travel,"UC Berkeley created over 200 hybrid meeting rooms to provide employees with an in-person experience for attending virtual meetings, reducing the need for in-person attendance when possible. Air travel data for FY24 was analyzed by unit/department, with individual emissions calculated and compared across departments. Additionally, the data was broken down by employee, distinguishing between domestic and international flights and their respective emissions. Recommendations were provided on how to reduce emissions by flying less and more efficiently.",,,text_long
"University of California, Berkeley",OP-15,OP,Environmental,Air Travel,,Has the institution adopted restrictive measures designed to reduce the GHG emissions associated with its directly financed air travel?,Yes,,,boolean
"University of California, Berkeley",OP-15,OP,Environmental,Air Travel,,Narrative and/or website URL providing an overview of the institution’s restrictive measures designed to reduce its air travel emissions,UC Berkeley Travel Site has clear guidance on reducing air travel emissions: https://travel.berkeley.edu/book-trip/sustainable-travel-guide Flights with high emissions are restricted in the booking site.,,,text_long
"University of California, Berkeley",OP-15,OP,Environmental,Air Travel,,Does the institution have a program designed to mitigate the GHG emissions associated with its directly financed air travel?,Yes,,,boolean
"University of California, Berkeley",OP-15,OP,Environmental,Air Travel,,Narrative and/or website URL providing an overview of the institution’s air travel mitigation program,"The UC Berkeley Business Air Travel Mitigation Program applies a fee to business air travel funded by UC-managed dollars: $10 per domestic round trip and $25 per international/offshore round trip. These fees are reinvested into carbon mitigation projects on campus. In 2024, funded projects included the ULT Freezer Replacement and Rebate Program, Hybrid meeting room conversions, Green Lab certification, and the Sustainable Travel Fair. All campus members can propose sustainable projects for consideration through a Google Form. Twelve new projects are currently under review for FY25. Additional Notes: The fee applies only to eligible air travel trips funded by UC-managed dollars. The fee is assessed once per trip, regardless of the number of legs/stops. The fees align with the current California Cap & Trade program's carbon cost and the average emissions of Berkeley air trips. After the third year, fees will increase to $11 and $26, with periodic adjustments thereafter. For more information, visit: UC Berkeley Business Air Travel Carbon Mitigation Program .",,,text_long
"University of California, Berkeley",OP-15,OP,Environmental,Air Travel,,Points earned for indicator OP 15.1,2,,2.0,number
"University of California, Berkeley",OP-15,OP,Environmental,Air Travel,,Notes about the information provided for this credit,Office of Sustainability,,,text
"University of California, Berkeley",OP-15,OP,Environmental,Air Travel,,Additional documentation for this credit,,,,not_reported
"University of California, Berkeley",PA-1,PA,Governance,Sustainability Coordination,,Does the institution have one or more sustainability committees?,Yes,,,boolean
"University of California, Berkeley",PA-1,PA,Governance,Sustainability Coordination,,Narrative and/or website URL providing an overview of the institution’s sustainability committees,"The purpose of the Chancellor's Advisory Committee on Sustainability (CACS), which first met in October 2003, is to promote environmental management and sustainable development at UC Berkeley. The Committee is charged with advising the Chancellor on matters pertaining to the environment and sustainability as it relates to UC Berkeley. To fulfill this obligation, CACS draws strength from its diverse composition of faculty, staff, students and alumni. The mission of the Committee is composed of three central goals: 1) To engage the campus in an ongoing dialogue about reaching environmental sustainability 2) To integrate environmental sustainability with existing campus programs in education, research, operations, and public service 3) To instill a culture of sustainable long-range planning and forward-thinking design In 2018, CACS developed a Working Group on Diversity, Equity, and Inclusion in Sustainability. The mission of this Chancellor’s Advisory Committee on Sustainability (CACS) Working Group on Diversity, Equity, and Inclusion in Sustainability is to identify and recommend policies, practices and strategies that elevate and integrate an intersectional approach towards diversity, equity, and inclusivity in campus sustainability initiatives. The group seeks to strengthen the diversity, equity, and inclusion of the UC Berkeley undergraduate, graduate and professional student, faculty, and staff populations contributing to sustainable practices. In 2021, CACS developed a working group on Climate Change Resilience. This working group is providing a comprehensive review of ongoing, past, and future efforts to address campus impacts of climate change. The working group’s efforts will inform climate action planning that upholds the values of diversity, equity, inclusion, and justice (DEIJ). Through the working group, CACS hopes to develop planning and frameworks for resiliency, with emphasis on cross-department collaboration.",,,text_long
"University of California, Berkeley",PA-1,PA,Governance,Sustainability Coordination,,Does the institution have one or more sustainability officers?,Yes,,,boolean
"University of California, Berkeley",PA-1,PA,Governance,Sustainability Coordination,,Narrative and/or website URL providing an overview of the institution’s sustainability officers,"UC Berkeley’s Office of Sustainability is led by a dedicated team committed to advancing the campus's sustainability goals and meeting its climate commitments. The team, headed by the Chief Sustainability and Carbon Solutions Officer, collaborates with departments and stakeholders across UC Berkeley to develop strategies that reduce greenhouse gas emissions, enhance sustainable purchasing, and foster environmental responsibility in daily operations. UC Berkeley has several Sustainability Officers in the Office of Sustainability, HAAS, and SERC. https://sustainability.berkeley.edu/office-sustainability/our-team",,,text_long
"University of California, Berkeley",PA-1,PA,Governance,Sustainability Coordination,,Does the institution have one or more sustainability offices with more than one full-time equivalent employee?,Yes,,,boolean
"University of California, Berkeley",PA-1,PA,Governance,Sustainability Coordination,,Description of each sustainability office,"The UC Berkeley Office of Sustainability develops, coordinates, and supports campus sustainability goals and initiatives. Our mission is to foster a culture of sustainability at Berkeley and in the world. We do this by planning for and integrating sustainability practices into campus operations and by providing methods, strategies, and data for others to do the same. We lead campus efforts to achieve carbon neutrality and zero waste with a focus on renewable energy, resource saving and stewardship, greening the built environs, and inspiring resilient and inclusive institutional change. The Office of Sustainability has two full-time employees, the Chief Sustainability & Carbon Solutions Officer and the Sustainability Data and Program Manager.. https://sustainability.berkeley.edu/ The Student Environmental Resource Center (SERC) is a department within the Dean of Students Office in the Division of Student Affairs at UC Berkeley. SERC cultivates a collaborative space to strengthen the collective effectiveness of the sustainability community, and provides resources for students to actualize their visions of a more equitable, socially just, and resilient future. SERC’s student staff has grown into a thriving force of over 25 students, managing the day-to-day operations and environmental programs for the campus. SERC has one full-time director, one full time manager and grant coordinator and one full time wellness and environmental justice coordinator. https://serc.berkeley.edu/ HAAS has four full time employees in the Sustainabiltiy Office of HAAS.",,,text_long
"University of California, Berkeley",PA-1,PA,Governance,Sustainability Coordination,,Full-time equivalent of people employed in the sustainability offices,3,,3.0,number
"University of California, Berkeley",PA-1,PA,Governance,Sustainability Coordination,,"Is at least one of the institution’s sustainability committees, officers, or offices charged with coordinating various campus constituencies in the advancement of sustainability across the entire institution?",Yes,,,boolean
"University of California, Berkeley",PA-1,PA,Governance,Sustainability Coordination,,Narrative outlining the activities and substantive accomplishments of the institution-wide coordinating body or officer during the previous three years,"The UC Berkeley Office of Sustainability provides campus leadership by setting ambitious sustainability goals and strategies and by accelerating the achievement of these goals through project implementation, planning, partnerships and community engagement. Our mission is to integrate cutting-edge sustainability practices into our operations, foster the culture of sustainability at home and in the world, and enable and improve excellence in sustainability. Some recent achievements led by the Sustainability Officer: - Earned the #1 spot in the first ever QS World University Sustainability Rankings - Helped lead the development of a clean electrified campus energy system which is slated for completion by 2035 - Helped secure $249 million from the State of California for the Berkeley Clean Energy Campus project - Led the climate change resilience strategy through the CACS Working Group - Certified staff as Sustainability Staff Advisors using a new Office of Sustainability Staff Training and Certification Program Additionally, UC Berkeley's highlighted achievements can be found in UC systemwide annual sustainability reports: http://ucop.edu/sustainability/policy-areas/annual-reports.html https://cleanenergycampus.berkeley.edu/sites/default/files/irap_final_05-2024_-_aei_report_version_2.pdf",,,text_long
"University of California, Berkeley",PA-1,PA,Governance,Sustainability Coordination,,Points earned for indicator PA 1.1,1,,1.0,number
"University of California, Berkeley",PA-1,PA,Governance,Sustainability Coordination,,Notes about the information provided for this credit,The information in this section was provided by the UC Berkeley Office of Sustainability.,,,text
"University of California, Berkeley",PA-1,PA,Governance,Sustainability Coordination,,Additional documentation for this credit,,,,not_reported
"University of California, Berkeley",PA-1,PA,Governance,Sustainability Coordination,Job descriptions,Text of the job description for the institution’s sustainability officer (1st position),,,,not_reported
"University of California, Berkeley",PA-1,PA,Governance,Sustainability Coordination,Job descriptions,Copy of the job description for the institution’s sustainability officer (1st position),,,,not_reported
"University of California, Berkeley",PA-1,PA,Governance,Sustainability Coordination,Job descriptions,Text of the job description for the institution’s sustainability officer (2nd position),,,,not_reported
"University of California, Berkeley",PA-1,PA,Governance,Sustainability Coordination,Job descriptions,Copy of the job description for the institution’s sustainability officer (2nd position),,,,not_reported
"University of California, Berkeley",PA-1,PA,Governance,Sustainability Coordination,Job descriptions,Text of the job description for the institution’s sustainability officer (3rd position),,,,not_reported
"University of California, Berkeley",PA-1,PA,Governance,Sustainability Coordination,Job descriptions,Copy of the job description for the institution’s sustainability officer (3rd position),,,,not_reported
"University of California, Berkeley",PA-2,PA,Governance,Commitments and Planning,,"Has the institution made a public commitment to sustainability, as evidenced by an external commitment or a published plan?",Yes,,,boolean
"University of California, Berkeley",PA-2,PA,Governance,Commitments and Planning,,Narrative detailing the institution’s guiding vision or goals for sustainability and the plan(s) in which they are published,"UC Berkeley Climate Action Plan: UC Berkeley has a published Climate Action Plan that details its strategies to reduce greenhouse gas emissions and meet climate goals. This plan outlines steps for achieving energy efficiency, promoting renewable energy, and supporting sustainable transportation options on campus. Second Nature Climate Leadership Commitments: UC Berkeley is a signatory to the Climate Leadership Commitments by Second Nature, which includes the Carbon Commitment. This external pledge reinforces the university's commitment to reducing carbon emissions and building resilience in the face of climate change. UC Berkeley Sustainability Plan: The university has published a Sustainability Plan that includes specific targets and goals for areas such as energy, water, waste reduction, sustainable food systems, and biodiversity. The plan is aligned with the broader UC system’s sustainability policies but includes campus-specific goals and timelines. IRAP, Campus Master Plan, LRDP",,,text_long
"University of California, Berkeley",PA-2,PA,Governance,Commitments and Planning,,Narrative and/or website URL outlining the institution’s external sustainability commitments that include a reporting requirement,"STARS Reporting through AASHE: UC Berkeley is a participant in the Sustainability Tracking, Assessment & Rating System (STARS), which is managed by AASHE. By completing and publishing STARS assessments, UC Berkeley transparently shares its sustainability performance and progress. The campus's ongoing participation in STARS reflects its commitment to continual improvement and accountability in sustainability. The Climate Registry (TCR): UC Berkeley reports greenhouse gas (GHG) emissions data to The Climate Registry, a non-profit organization that provides standardized methods for measuring and reporting carbon emissions. Through TCR, UC Berkeley submits verified annual GHG inventories, which are then made publicly accessible. This reporting helps ensure transparency and accuracy in tracking emissions over time.",,,text_long
"University of California, Berkeley",PA-2,PA,Governance,Commitments and Planning,,Points earned for indicator PA 2.1,2,,2.0,number
"University of California, Berkeley",PA-2,PA,Governance,Commitments and Planning,,"Has the institution adopted one or more measurable sustainability objectives that address teaching, learning, and/or research?",Yes,,,boolean
"University of California, Berkeley",PA-2,PA,Governance,Commitments and Planning,,"Narrative listing the institution’s measurable sustainability objectives that address teaching, learning, and/or research","By 2028 to become a Latinx Thriving Institution. Set by the Chancellor Carol Christ, the goal is part of the UC Berkeley's Strategic Plan. Becoming an Hispanic Serving Institution (HSI) is not just about a designation based on meeting a numerical target. We are striving to create a campus where every student thrives. In the Chancellor’s words, this happens through “the commitment that all students have equal access to Berkeley’s extraordinary opportunities.” https://thriving.berkeley.edu/initiatives/lti https://strategicplan.berkeley.edu/ UC Berkeley’s 2018 Strategic Academic Plan outlines signature initiatives that analyze the critical issues and challenges facing our state, our nation, and our world that UC Berkeley is particularly well suited to address. One of the six signature initiatives is Environmental Change, Sustainability, and Justice. The initiative states: Many of the greatest economic, societal, and political challenges of our century revolve around environmental issues, including energy, climate change, water, land use and scarcity, food production, resource extraction, biodiversity loss, diseases, and human health. This initiative proposes a wide coordination of units—stretching from the humanities and social sciences to STEM and the professional schools—to examine, predict, and mitigate these challenges, and in the process become an international leader in solution-based scholarship that fosters societal change. The campus is activating this signature environmental initiative through its latest capital campaign, Light the Way. Leads for this initiative also share with potential contributors information on planning efforts for developing a zero-carbon campus energy system. Example objectives include: APPENDIX A1: INCLUSIVE INTELLIGENCE - By 2028, as measured by publications, citations, and awards, UC Berkeley is considered the global center for research and teaching combining the creation of Data Science, Artificial Intelligence, Robotics, and Sensing (DAIRS) technologies with critical studies of the effects of DAIRS and related technologies on education, work, income inequality, health, justice, culture, and other aspects of society. - By 2028, as measured by innovations in undergraduate, graduate, and continuing education curricula, UC Berkeley is recognized as a leader is applying DAIRS and related technologies to transform how students learn, what they learn, and how research is done—how human, collective, and artificial intelligence come together to support the world’s premier public university in the 21st century. https://strategicplan.berkeley.edu/publications/ https://light.berkeley.edu/campaign-priorities/research-public-good/ UC Berkeley's Sustainability Plan includes an introduction of support from the UC Berkeley Chancellor and has a section dedicated to Academics & Research. Goals in this section emphasize the integration of sustainability into learning opportunities to increase sustainability literacy amongst students and enhance visibility of relevant courses and activities. Measurable objectives for the University of California & Berkeley campus include: - Maintain a certified Association for the Advancement of Sustainability in Higher Education (AASHE) Sustainability Tracking, Assessment and Rating System (STARS) report - Maximize the points available in the Academics & Research categories of STARS https://sustainability.berkeley.edu/sites/default/files/uc_berkeley_sustainability_plan_2020_1.pdf",,,text_long
"University of California, Berkeley",PA-2,PA,Governance,Commitments and Planning,,Has the institution adopted one or more measurable sustainability objectives that address campus and/or community engagement?,Yes,,,boolean
"University of California, Berkeley",PA-2,PA,Governance,Commitments and Planning,,Narrative listing the institution’s measurable sustainability objectives that address campus and/or community engagement,UC Berkeley’s Student Environmental Resource Center (SERC) adopted a 2017-2022 strategic plan that includes measurable objectives such as expanding access and opportunities for co-curricular learning opportunities and developing institutional pathways for clubs and student groups to increase intersectional engagement with SERC. Strategic Goal 2: Community Engagement aims to strengthen programs and resources to deepen engagement in the sustainability community. The strategic plan lists three strategic objectives under this goal: 2.1: Develop institutional pathways for clubs and student groups to increase intersectional engagement at SERC 2.2: Foster a sense of unity within the community by providing recreational and professional activities 2.3: Strengthen SERC Alumni network Strategic Goal 3.2 also aims to provide students a connection to off-campus sustainability endeavors and organizations. The plan can be seen at: https://serc.berkeley.edu/strategic-plan/ About SERC: The resource center is an official functional unit of the student affairs administration. Among its duties is handing out Green Initiative Fund money raised from student fees.,,,text_long
"University of California, Berkeley",PA-2,PA,Governance,Commitments and Planning,,Has the institution adopted one or more measurable sustainability objectives that address campus operations?,Yes,,,boolean
"University of California, Berkeley",PA-2,PA,Governance,Commitments and Planning,,Narrative listing the institution’s measurable sustainability objectives that address campus operations,"UC Berkeley follows the UC systemwide Sustainable Practices Policy . Section III. C. outlines the goals that all UC locations have to meet, including reducing all emissions by at least 90% by 2045 and eliminating the remaining emissions through carbon capture and storage credits (section III.C.1.). UC Berkeley's Sustainability Plan includes a section on Climate & Resiliency which outlines plans to ""accelerate a just and equitable transition to a resilient, clean energy, and zero carbon campus."" UC Berkeley has already set ambitious greenhouse gas emissions reduction targets and identified multiple strategies for achieving the target. Waste goals for UC: - Achieve zero waste by prioritizing reduce, reuse, and then recycle and compost (or other forms of organic recycling) by the following: Reduce 25% per capita from FY 2015/16 levels by 2025 - Reduce 50% per capita from FY 2015/16 levels by 2030 - Divert 90% of municipal solid waste from the landfill UC Berkeley-specific waste goals: - Eliminate all non-essential single use plastic for which there is a viable alternative by end of calendar year 2030 UC goals for food & dining: - By 2030, 25% of food spend will be on sustainable food* products while maintaining accessibility and affordability for all students Moreover, the Berkeley Clean Energy Campus initiative states the following strategies: - Reduce 90% GHG Emissions from 2019 by 2045. - Support the planning and efforts to update the main campus heating, cooling and power system to operate primarily on clean electricity by 2030. This major capital improvement can reduce campus emissions by 60-80%. - Reduce short-lived climate pollutants including black carbon and methane. - Support the phase out hydrofluorocarbons (HFCs) by 2030. - Engage in efforts to increase telework options for employees and improve campus space utilization. https://sustainability.berkeley.edu/sites/default/files/uc_berkeley_sustainability_plan_2020_1.pdf The 2020 Green Labs Action Plan identifies near-term initiatives and responsibilities as well as longer-range ideas for Green Labs. The Green Labs Program was created to improve sustainable practices within research and teaching labs on campus with the goal to incorporate the use of water reduction, waste elimination and energy saving technology, along with actions and procurement strategies for researchers, instructors, and lab spaces. Every year Green Labs will focus on manageable projects within key areas identified by the program to aid the larger theme of sustainability that accomplishes water, energy or waste reduction in campus labs. Key actions & targets for 2020-2022 are outlined in the Green Labs Action Plan. https://sustainability.berkeley.edu/sites/default/files/uc_berkeley_green_labs_action_plan_may_2020.pdf The 2019 Zero Waste Plan outlines a variety of different strategies and approaches to achieve zero waste. Cal Zero Waste has expanded and grown the current portfolio of programs. Zero Waste October includes interactive and engagement elements; Cal Zero Waste will facilitate more conversations with Capital Projects to increase collaboration. Cal Zero Waste also facilitates conversations between procurement and also Green Labs to work on zero waste in laboratories and research spaces on campus. https://facilities.berkeley.edu/sites/default/files/2019_uc_berkeley_zero_waste_plan_final.pdf The 2021 Long Range Development Plan (LRDP) describes a framework for land use and investment to meet the academic goals and objectives of the University. The companion Environmental Impact Report provides information on the environmental implications of the LRDP and includes an extended treatment of potential impacts and mitigation best practices. Goal: Plan every new project to serve as a model of resource conservation and environmental stewardship (LRDP) Key Strategies: - Implement an ongoing program of investment to restore and renew the campus park landscape; implement a program of strategic investment in new and enhanced campus open park spaces. (LRDP) - Continue to manage runoff into storm drain systems such that the aggregate effect of projects implementing the 2020 LRDP is no net increase in runoff over existing conditions. (LRDP EIR) - Continue to revise and implement the Strawberry Creek Management Plan (SCMP) to include recommendations for habitat restoration and enhancement along specific segments of the creek. (LRDP EIR) - Continue implementing an urban runoff management program as published in the Strawberry Creek Management Plan. (LRDP EIR) - Manage the natural preserves based on ecological principles, including replacing invasive exotic plants with native plants suited to this biotic zone, replacing unhealthy plants and plants at the ends of their natural lives, and preserving and enhancing the habitat value of the zone. (LRDP) https://capitalstrategies.berkeley.edu/planning-documents",,,text_long
"University of California, Berkeley",PA-2,PA,Governance,Commitments and Planning,,Has the institution adopted one or more measurable sustainability objectives that address racial equity and/or social justice?,Yes,,,boolean
"University of California, Berkeley",PA-2,PA,Governance,Commitments and Planning,,Narrative listing the institution’s measurable sustainability objectives that address racial equity and/or social justice,"Supplier Diversity Goals: UC Berkeley has measurable objectives to enhance supplier diversity as part of its sustainable procurement strategy. The university actively works to increase purchasing from businesses owned by underrepresented groups, including minority-owned, women-owned, and veteran-owned businesses. These goals align with both sustainability and social justice by creating economic opportunities for historically marginalized communities. - 25% Economically and Socially Responsible Spend as a total percentage of addressable spend target to be reached within five (5) fiscal years of adoption of this section in the UC Sustainable Procurement Guidelines Diversity, Equity, Inclusion, and Belonging (DEIB) Initiatives: UC Berkeley’s Office of Diversity, Equity, Inclusion, and Belonging has established measurable objectives to promote racial equity, including increasing the representation of underrepresented groups among faculty, staff, and students. These goals often intersect with sustainability, as the university seeks to ensure that sustainability efforts are inclusive and beneficial to all communities. Equity and Inclusion in Climate Resilience Planning: UC Berkeley incorporates equity and social vulnerability considerations into its climate resilience planning. This includes identifying and addressing how climate impacts may disproportionately affect marginalized communities on campus and in surrounding areas. Measurable outcomes include establishing support systems, resources, and protections for vulnerable populations affected by climate-related disruptions. the UC Office of the President has developed a ""Framework for J.E.D.I.-Centered Climate Resilience Planning,"" highlighting the importance of justice, equity, diversity, and inclusion in addressing climate vulnerabilities. Housing and Food Security Initiatives: UC Berkeley has set objectives to address food and housing insecurity among its student population, recognizing these as issues of social and racial equity. Programs like the Basic Needs Center aim to reduce food insecurity and homelessness among students, many of whom are from underrepresented backgrounds. The success of these programs is measured through the number of students served and reductions in food and housing insecurity statistics.",,,text_long
"University of California, Berkeley",PA-2,PA,Governance,Commitments and Planning,,Has the institution adopted one or more measurable sustainability objectives that address administration and/or finance?,Yes,,,boolean
"University of California, Berkeley",PA-2,PA,Governance,Commitments and Planning,,Narrative listing the institution’s measurable sustainability objectives that address administration and/or finance,"University of California sustainable purchasing requirements, as found in the UC Sustainable Practices Policy, are included below. UC Berkeley's Sustainability Plan requires the campus follow these larger UC-wide purchasing guidelines. - 100% compliance with Required Level Green Spend criteria within three (3) fiscal years of the addition of those products and/or product categories to the Guidelines. - 25% Green Spend as a total percentage of spend per product category; target to be reached within three (3) fiscal years after a category is added to the Guidelines. Each University’s Procurement department will integrate sustainability into its processes and practices, including competitive solicitations, in order to satisfy the sustainable purchasing goals outlined above for products, as well as for the procurement of services. The University will do so by: a. Allocating a minimum of 15% of the points utilized in solicitation evaluations to sustainability criteria. Criteria may include, but is not limited to, sustainable product attributes, supplier diversity, supplier practices, contributions to health and wellbeing, and materials safety. https://policy.ucop.edu/doc/3100155/SustainablePractices Fair Wage/Fair Work Program: As part of the UC Fair Wage/Fair Work Plan, UC Berkeley ensures that 100% of workers employed by the university or its contractors receive a minimum wage above the state-mandated rate. This initiative reflects UC Berkeley’s commitment to social justice by improving economic equity and setting measurable standards for fair compensation. Sustainable Procurement Policy: UC Berkeley has adopted a Sustainable Procurement Policy that sets measurable goals for purchasing environmentally preferable products and services. Objectives include increasing the percentage of certified green products, reducing single-use plastics, and prioritizing suppliers with sustainable practices. Progress is measured by tracking procurement data, allowing the university to report on its sustainable spending and supplier diversity goals. Investment Strategies for Climate Responsibility: The University of California system, which includes UC Berkeley, has committed to carbon neutrality in its investment portfolio and has divested from fossil fuels. UC Berkeley’s financial policies include objectives to support environmentally responsible investments, aligning its endowment and financial holdings with climate and sustainability goals. Progress is measured through annual investment disclosures, tracking reductions in carbon-intensive assets, and increasing investments in sustainable and renewable sectors. Green Building Standards: UC Berkeley requires all new construction and major renovations to meet 100% LEED Silver standards or higher. This objective ties administrative decision-making in facilities management and capital projects directly to sustainability goals. Compliance is tracked through certifications, with projects measured on criteria like energy efficiency, water conservation, and materials sourcing. Energy Efficiency and Cost Savings: UC Berkeley’s energy management objectives aim to reduce energy consumption and costs across campus operations. Programs under these objectives include energy retrofitting, installing renewable energy sources, and participating in demand response programs to reduce peak energy usage. These efforts are monitored through measurable indicators such as kilowatt-hour reductions, greenhouse gas emissions savings, and financial savings reported in the campus's annual sustainability report. Sustainable Budgeting and Resource Allocation: UC Berkeley has taken steps to integrate sustainability into its budgeting processes. For example, the university allocates funds specifically for sustainability initiatives, such as energy efficiency upgrades and green lab certifications, and measures the impact of these investments. Funding for sustainability is monitored and assessed based on program outcomes, such as emissions reductions and operational savings.",,,text_long
"University of California, Berkeley",PA-2,PA,Governance,Commitments and Planning,,Points earned for indicator PA 2.2,3,,3.0,number
"University of California, Berkeley",PA-2,PA,Governance,Commitments and Planning,,Has the institution conducted an assessment to identify vulnerabilities and resilience activities related to climate change on campus and in the local community?,Yes,,,boolean
"University of California, Berkeley",PA-2,PA,Governance,Commitments and Planning,,Narrative and/or website URL providing an overview of the institution’s climate resilience assessment,"Climate Vulnerability Assessments: Identifying potential impacts of climate change on campus infrastructure, water resources, energy systems, and local ecosystems. Community Resilience Partnerships: Collaborating with the City of Berkeley and other local agencies to align climate adaptation strategies and enhance resilience across the region. UC Climate Action Framework: Part of the UC system’s broader sustainability policy, which emphasizes preparing for climate-related risks and reducing greenhouse gas emissions. https://docs.google.com/document/d/10f3hkSXAUgokWeomN-M4bNFgMPrpcbpCX4Tg1M5L108/edit?tab=t.0 https://docs.google.com/spreadsheets/d/1Eb-rPaYmXfGKDCoGwC639VTs98auI8C4h1WVKrKCP6Y/edit?gid=1896460640#gid=1896460640 https://sustainability.berkeley.edu/sites/default/files/climate_vulnerability_initial_assessment_for_uc_berkeley_deboer.pdf",,,text_long
"University of California, Berkeley",PA-2,PA,Governance,Commitments and Planning,,Does the institution participate in an ongoing campus-community task force or committee that is focused on climate resilience?,Yes,,,boolean
"University of California, Berkeley",PA-2,PA,Governance,Commitments and Planning,,Narrative and/or website URL providing an overview of the campus-community task force or committee focused on climate resilience,https://sustainability.berkeley.edu/office-sustainability/cacs/cacs-working-groups CACS Climate Change Resilience Working Group,,,url
"University of California, Berkeley",PA-2,PA,Governance,Commitments and Planning,,Has the institution incorporated climate resilience strategies and/or goals into one or more of its published plans?,Yes,,,boolean
"University of California, Berkeley",PA-2,PA,Governance,Commitments and Planning,,Narrative listing the institution’s climate resilience strategies and goals and the plan(s) in which they are published,UC Berkeley Sustainability Plan 2020; UC Berkeley Long Range Development Plan 2021; Campus Master Plan 2022 https://berkeley.app.box.com/s/nvwnlm1xgivdq8pvmd0g5joys3bhvgcl and https://berkeley.app.box.com/s/rbb4buhz5b3w7yz8gk7ot2n759fpqbrs and https://sustainability.berkeley.edu/sites/default/files/uc_berkeley_sustainability_plan_2020_1.pdf,,,text_long
"University of California, Berkeley",PA-2,PA,Governance,Commitments and Planning,,Points earned for indicator PA 2.3,1,,1.0,number
"University of California, Berkeley",PA-2,PA,Governance,Commitments and Planning,,Notes about the information provided for this credit,"In February 2021, the campus released its 2021 Long Range Development Plan: https://lrdp.berkeley.edu/documents Information in this field was provided by the UC Berkeley Office of Sustainability.",,,text
"University of California, Berkeley",PA-2,PA,Governance,Commitments and Planning,,Additional documentation for this credit,,,,not_reported
"University of California, Berkeley",PA-3,PA,Governance,Institutional Governance,,Does the institution have one or more ongoing bodies through which students can democratically participate in the governance of the institution?,Yes,,,boolean
"University of California, Berkeley",PA-3,PA,Governance,Institutional Governance,,Narrative and/or website URL outlining the ongoing bodies through which students can democratically participate in the governance of the institution,"Associated Students of the University of California, Chancellor's Office, Student Environmental Resource Center, Zero Waste Coalition, Graduate Assembly, Office of Student Affairs, and the Housing and Dining division all appoint one student seat each on CACS and each have one vote. https://docs.google.com/spreadsheets/d/1Es6tMkaGrcUlrpL5yGm9J8UZVpfjOOvR/edit?usp=sharing&ouid=105826157914045237014&rtpof=true&sd=true UC Berkeley has several ongoing bodies that allow students to democratically participate in institutional governance. These bodies enable students to have a voice in decision-making processes, especially around policies and initiatives that impact campus life, sustainability, and other areas of interest to the student community. Key examples include: Associated Students of the University of California (ASUC) - The ASUC is UC Berkeley’s official student government and one of the most autonomous student governments in the country. It includes an executive branch, senate, and judicial council, all of which are elected by the student body. ASUC representatives advocate for student interests and work on policy issues that affect the campus community. Graduate Assembly (GA) - Similar to the ASUC, the GA serves as the representative body for graduate students at Berkeley. It focuses on issues specific to graduate students and provides a platform for their concerns in university governance. Student Advisory Committees - UC Berkeley has various advisory committees that include student representatives. These may focus on topics such as sustainability, mental health, housing, and campus safety. Examples include the Chancellor's Advisory Committee on Sustainability and the Student Advisory Committee on Mental Health. UC Berkeley Academic Senate Committees - Some Academic Senate committees, which play a role in academic and administrative governance, include student representatives. These committees can influence decisions on curriculum, academic policies, and other university operations.",,,text_long
"University of California, Berkeley",PA-3,PA,Governance,Institutional Governance,,Are one or more student representatives included as members of the institution’s highest decision-making body?,Yes,,,boolean
"University of California, Berkeley",PA-3,PA,Governance,Institutional Governance,,Narrative and/or website URL outlining student representation on the institution’s highest decision-making body,"Associated Students of the University of California, Chancellor's Office, Student Environmental Resource Center, Zero Waste Coalition, Graduate Assembly, Office of Student Affairs, and the Housing and Dining division all appoint one student seat each on CACS and each have one vote. https://docs.google.com/spreadsheets/d/1Es6tMkaGrcUlrpL5yGm9J8UZVpfjOOvR/edit?usp=sharing&ouid=105826157914045237014&rtpof=true&sd=true At UC Berkeley, students participate in high-level committees and advisory boards that influence policy decisions. UC Berkeley includes student representatives on its highest decision-making body, the UC Board of Regents. While the Board of Regents governs the entire University of California system rather than just the Berkeley campus, it serves as the ultimate authority over university policies, finances, and strategic planning across all UC campuses, including Berkeley.",,,text_long
"University of California, Berkeley",PA-3,PA,Governance,Institutional Governance,,Does at least one student representative have voting rights on the highest decision-making body?,Yes,,,boolean
"University of California, Berkeley",PA-3,PA,Governance,Institutional Governance,,"Description of other mechanisms used to consult students on institutional decisions, plans, or policies","Each year, one UC student is appointed as a Student Regent with voting rights, representing all UC students on the Board. Additionally, a Student Regent-designate is selected to serve a year as a non-voting member before transitioning to the voting position. These Student Regents have the responsibility to advocate for student perspectives and engage with systemwide issues, bringing student concerns directly to the Regents’ decision-making process. The Student Regent is a voting member of The Regents of the University of California, attending all meetings of the Board and its Committees and serving a one-year term. This position is not elected but is filled by application and open to all students currently enrolled in the UC system. From the time of appointment as a Student Regent, but prior to the commencement of service as a member of the Board, the appointee holds the title Regent-designate and is invited to participate in all meetings of the Board and of its Committees, but without a vote.",,,text_long
"University of California, Berkeley",PA-3,PA,Governance,Institutional Governance,,Points earned for indicator PA 3.1,1,,1.0,number
"University of California, Berkeley",PA-3,PA,Governance,Institutional Governance,,Does the institution have one or more ongoing bodies through which academic staff can democratically participate in the governance of the institution?,Yes,,,boolean
"University of California, Berkeley",PA-3,PA,Governance,Institutional Governance,,Narrative and/or website URL outlining the ongoing bodies through which academic staff can democratically participate in the governance of the institution,"UC Berkeley has several ongoing bodies that enable academic staff to participate in the governance of the institution. The primary body is the Berkeley Division of the Academic Senate, which is part of the University of California’s systemwide Academic Senate. This Senate provides faculty members with a structured and democratic way to engage in campus governance and decision-making. Key elements of academic staff governance include: Academic Senate Committees – Faculty members participate in numerous committees within the Academic Senate that influence a wide range of policies, from academic programs and faculty appointments to budget allocations and campus planning. Examples include the Committee on Educational Policy, the Committee on Research, and the Committee on Diversity, Equity, and Campus Climate. Divisional Council (DIVCO) – This is the executive committee of the Berkeley Division of the Academic Senate. DIVCO represents the faculty in discussions with the administration and makes recommendations on policies affecting the campus. DIVCO members are elected by the faculty and serve as the voice of the broader academic community.",,,text_long
"University of California, Berkeley",PA-3,PA,Governance,Institutional Governance,,Are one or more academic staff representatives included as members of the institution’s highest decision-making body?,Yes,,,boolean
"University of California, Berkeley",PA-3,PA,Governance,Institutional Governance,,Narrative and/or website URL outlining academic staff representation on the institution’s highest decision-making body,"UC Berkeley has ongoing bodies through which academic staff can democratically participate in the governance of the institution, with the primary example being the Academic Senate. The Berkeley Division of the Academic Senate is part of the broader University of California Academic Senate, which serves as the primary governance body for faculty across the UC system. The Academic Senate allows academic staff to participate democratically in university governance through elections, committees, and representative councils. UC faculty in the Academic Senate carry out shared-governance responsibilities established by The Regents. The Senate is empowered by UC's governing body, the Board of Regents, to exercise direct control over academic matters of central importance to the University – to determine academic policy, set conditions for admission and the granting of degrees, authorize and supervise courses and curricula; and to advise the administration on faculty appointments, promotions and budgets. The Systemwide Academic Senate and the ten Divisional Senates (one for each UC campus) provide the organizational framework that enables the faculty to exercise its right to participate in the University's governance. The faculty voice is formed through a deliberative process that includes the Standing Committees of the Senate, the Academic Council, the Assembly of the Academic Senate, and their Divisional counterparts. Consultation with the senior administration occurs in a parallel structure: at the systemwide level between the Academic Council Chair and the President; and on the campus level between the Divisional Senate Chairs and the Chancellors. With some exceptions and as defined by the Standing Order of the Regents 105.1, Senate membership is granted to individuals who have a ladder-rank or other selected academic appointment at the University.",,,text_long
"University of California, Berkeley",PA-3,PA,Governance,Institutional Governance,,Does at least one academic staff representative have voting rights on the institution’s highest decision-making body?,No,,,boolean
"University of California, Berkeley",PA-3,PA,Governance,Institutional Governance,,"Description of other mechanisms used to consult academic staff on institutional decisions, plans, or policies",Berkeley Academic Senate: https://academic-senate.berkeley.edu/,,,text
"University of California, Berkeley",PA-3,PA,Governance,Institutional Governance,,Points earned for indicator PA 3.2,0.75,,0.75,number
"University of California, Berkeley",PA-3,PA,Governance,Institutional Governance,,Does the institution have one or more ongoing bodies through which non-academic staff can democratically participate in the governance of the institution?,Yes,,,boolean
"University of California, Berkeley",PA-3,PA,Governance,Institutional Governance,,Narrative and/or website URL outlining the ongoing bodies through which non-academic staff can democratically participate in the governance of the institution,"UC Berkeley has ongoing bodies through which non-academic staff can participate in the governance of the institution. Key bodies through which non-academic staff can engage in governance include: Council of UC Staff Assemblies (CUCSA) – This is a systemwide body that represents non-academic staff across all UC campuses, including Berkeley. CUCSA serves as the voice of non-academic staff to the UC Office of the President and the UC Board of Regents. It provides recommendations and works to ensure that the concerns and interests of non-academic staff are considered in university policies. CUCSA is made up of elected representatives from each campus, and UC Berkeley has staff members who participate in this body. UC Berkeley Staff Assembly – The Staff Assembly is a campus-based organization that provides a forum for non-academic staff to engage in university governance and advocacy. It organizes programs, events, and initiatives designed to represent the interests of staff and encourage their involvement in decision-making processes. The Staff Assembly works with campus leadership on issues such as professional development, workplace policies, and staff welfare. Staff Advisory Committees – UC Berkeley has various advisory committees that include non-academic staff representation. These committees provide input on issues such as diversity, equity, and inclusion; sustainability; and campus services. For example, the Chancellor’s Advisory Committee on Staff Diversity (CACSD) is one such body that works to improve staff diversity and inclusivity on campus. Employee and Labor Relations Committees – Non-academic staff representatives can participate in committees focused on labor relations, including those dealing with union representation, working conditions, and compensation. UC Berkeley has staff members involved in these discussions, particularly in departments with unionized staff. Non-academic staff at UC Berkeley can participate in the governance of the institution via advisory bodies of Chancellor’s Staff Advisory Committee (CSAC), The Chancellor’s Cabinet and other Advisory Commmitees on diversity, sustainability, staff development, and campus services.",,,text_long
"University of California, Berkeley",PA-3,PA,Governance,Institutional Governance,,Are one or more staff members representing non-managerial workers included as members of the institution’s highest decision-making body?,Yes,,,boolean
"University of California, Berkeley",PA-3,PA,Governance,Institutional Governance,,Narrative and/or website URL outlining non-academic staff representation on the institution’s highest decision-making body,"UC Berkeley has ongoing bodies through which non-academic staff can participate in the governance of the institution. Key bodies through which non-academic staff can engage in governance include: Council of UC Staff Assemblies (CUCSA) – This is a systemwide body that represents non-academic staff across all UC campuses, including Berkeley. CUCSA serves as the voice of non-academic staff to the UC Office of the President and the UC Board of Regents. It provides recommendations and works to ensure that the concerns and interests of non-academic staff are considered in university policies. CUCSA is made up of elected representatives from each campus, and UC Berkeley has staff members who participate in this body. UC Berkeley Staff Assembly – The Staff Assembly is a campus-based organization that provides a forum for non-academic staff to engage in university governance and advocacy. It organizes programs, events, and initiatives designed to represent the interests of staff and encourage their involvement in decision-making processes. The Staff Assembly works with campus leadership on issues such as professional development, workplace policies, and staff welfare. Staff Advisory Committees – UC Berkeley has various advisory committees that include non-academic staff representation. These committees provide input on issues such as diversity, equity, and inclusion; sustainability; and campus services. For example, the Chancellor’s Advisory Committee on Staff Diversity (CACSD) is one such body that works to improve staff diversity and inclusivity on campus. Employee and Labor Relations Committees – Non-academic staff representatives can participate in committees focused on labor relations, including those dealing with union representation, working conditions, and compensation. UC Berkeley has staff members involved in these discussions, particularly in departments with unionized staff. Non-academic staff at UC Berkeley can participate in the governance of the institution via advisory bodies of Chancellor’s Staff Advisory Committee (CSAC), The Chancellor’s Cabinet and other Advisory Commmitees on diversity, sustainability, staff development, and campus services.",,,text_long
"University of California, Berkeley",PA-3,PA,Governance,Institutional Governance,,Does at least one staff member representing non-managerial workers have voting rights on the institution’s highest decision-making body?,No,,,boolean
"University of California, Berkeley",PA-3,PA,Governance,Institutional Governance,,"Description of other mechanisms used to consult non-academic staff on institutional decisions, plans, or policies",,,,not_reported
"University of California, Berkeley",PA-3,PA,Governance,Institutional Governance,,Points earned for indicator PA 3.3,0.75,,0.75,number
"University of California, Berkeley",PA-3,PA,Governance,Institutional Governance,,Does the institution have one or more ongoing bodies through which local community-based organizations not affiliated with the institution can democratically participate in its governance?,Yes,,,boolean
"University of California, Berkeley",PA-3,PA,Governance,Institutional Governance,,Narrative and/or website URL outlining the ongoing bodies through which local community-based organizations can democratically participate in the governance of the institution,"Chancellor's Community Advisory Board (CCAB) – This board serves as an advisory body for UC Berkeley, providing local community organizations with a platform to share concerns, offer input, and advise the Chancellor on matters related to community relations. The CCAB includes community leaders from diverse local organizations and functions as a bridge between the university and the surrounding community, especially on issues affecting neighborhood relations, social justice, and community engagement. UC Berkeley’s Public Service Programs – UC Berkeley has numerous public service programs that partner with community-based organizations in the Bay Area. These programs facilitate collaboration between the university and local organizations. Examples include initiatives around sustainability, health, education, and social services, where local organizations often have a voice in shaping the programs. Advisory Committees for Community Engagement – UC Berkeley also has various advisory committees and working groups that involve local community members, particularly in areas related to public health, sustainability, and social justice. These bodies provide community organizations with a forum to advise on university policies and initiatives that affect the local population. Public Listening Sessions and Forums – UC Berkeley regularly holds public meetings and forums where community members, including representatives from local CBOs, can provide input on specific initiatives. These sessions are part of the university's ongoing efforts to maintain a strong relationship with its local community and ensure that its operations are aligned with local needs and values. Berkeley Community Fund (BCF) – The Berkeley Community Fund is a nonprofit organization that supports local community-based organizations in the Berkeley area. It fosters collaboration between the university and local organizations. UC Berkeley has engaged with the BCF on various initiatives, particularly those related to community development and social equity.",,,text_long
"University of California, Berkeley",PA-3,PA,Governance,Institutional Governance,,"Has the institution used one or more ad hoc mechanisms during the previous three years to consult local community members on institutional decisions, plans, or policies?",Yes,,,boolean
"University of California, Berkeley",PA-3,PA,Governance,Institutional Governance,,"Narrative and/or website URL outlining the ad hoc mechanisms used during the previous three years to consult local community members on institutional decisions, plans, or policies","The Government and Community Relations unit of the Chancellor’s Office partners with the Berkeley City Manager’s Office to facilitate the meetings of the Berkeley City Council’s Special City/UC/Student Committee , which meets at least once each semester. Known as the 4x6 Committee, the special committee includes the (4) City Councilmembers who represent neighborhoods that are adjacent to the campus, (2) representatives of the undergraduate student government, (2) representatives of the graduate student government, and (2) campus administrators. The committee agendas and discussions focus on issues of mutual concern, including presentations on the university’s Capital Projects and university programs and initiatives that are of shared interest to the stakeholders. UC Berkeley’s Government and Community Relations (GCR) website: https://chancellor.berkeley.edu/gcr",,,text_long
"University of California, Berkeley",PA-3,PA,Governance,Institutional Governance,,Points earned for indicator PA 3.4,1,,1.0,number
"University of California, Berkeley",PA-3,PA,Governance,Institutional Governance,,Notes about the information provided for this credit,"Office of Sustainability, SERC",,,text
"University of California, Berkeley",PA-3,PA,Governance,Institutional Governance,,Additional documentation for this credit,,,,not_reported
"University of California, Berkeley",PA-4,PA,Governance,Sustainable Investment Program,,"Has the institution formally incorporated environmental, social, and governance (ESG) factors and/or climate risk as material issues to be considered when making investment decisions?",Yes,,,boolean
"University of California, Berkeley",PA-4,PA,Governance,Sustainable Investment Program,,Narrative and/or website URL providing an overview of how the institution has incorporated ESG factors and/or climate risk as material issues to be considered when making investment decisions,"UC approaches sustainability, at every stage of the investment process, both from a risk management and investment opportunity perspective. UC believes that a focus on sustainability, including in particular climate change, food and water security and the circular economy, can help create better risk-adjusted returns over the long term. At the governance level, the UC Board of Regents’ Investment Policy Statement for the endowment makes clear that material ESG risks shall be considered with the same weight as any other material investment risk. The Board of Regents’ policy regarding sustainability in endowment investments states in relevant part: “The Office of the Chief Investment Officer shall incorporate environmental sustainability, social responsibility, and governance (ESG) into the investment evaluation process as part of its overall risk assessment in its investments decision making. ESG factors are considered with the same weight as other material risk factors influencing investment decision making. The Office of the Chief Investment Officer uses a proprietary sustainability framework to provide core universal principles that inform the decisions and assist in the process of investment evaluation. The Office of the Chief Investment Officer manages the [endowment] consistent with these sustainability principles. The Framework can be found on the Office of the Chief Investment Officer website in the sustainability section.” See: https://regents.universityofcalifornia.edu/policies/6102.pdf At the Chief Investment Officer and staff level, all investment staff consider ESG factors in the investment process when such factors are material. Our Framework for Sustainable Investing describes our views on material ESG factors in more detail. See: https://www.ucop.edu/investment-office/sustainable-investment/sustainability-framework/index.html To implement our approach, UC Investments has developed a range of practices. We manage our ~$23 billion endowment through external managers. The Director of ESG Integration conducts an ESG due diligence review of all potential new managers and investments, including in funds and co-investments. The ESG review one of the considerations in whether to proceed with a new investment. UC Investments oversees and monitors the firms that manage our endowment in order to ensure that material ESG issues, if any, are being adequately addressed. Most of our external investment managers have best in class ESG staff and practices and are at the forefront of the investment industry’s efforts to integrate ESG considerations, including climate risk.",,,text_long
"University of California, Berkeley",PA-4,PA,Governance,Sustainable Investment Program,,Points earned for indicator PA 4.1,2,,2.0,number
"University of California, Berkeley",PA-4,PA,Governance,Sustainable Investment Program,,Does the institution employ negative screening and/or targeted divestment in support of sustainability?,Yes,,,boolean
"University of California, Berkeley",PA-4,PA,Governance,Sustainable Investment Program,,Narrative and/or website URL providing evidence of the institution’s use of negative screening and/or targeted divestment in support of sustainability,"UC Investments uses negative screening to manage material risk to the endowment. We screen out the following from the endowment, across all asset classes (public equity, private equity, private credit, fixed income, real assets, real estate): fossil fuel, tobacco, private prisons, Sudan and firearms. To accomplish this negative screening, we require our external public equity investment managers to track the MSCI ACWI IMI ex Tobacco ex Fossil Fuel Index, which screens out roughly 300 publicly traded companies that own “proved and probable” reserves of thermal coal, oil and gas and tobacco-related companies. We apply the same screening definition (i.e., any amount of fossil fuel reserves) to our other investments in public equities, fixed income and the private asset classes (private equity, absolute returns, real assets and real estate), thus comprehensively covering the entire endowment. To the extent that fossil fuel reserve owning companies are held in commingled accounts, UC Investments continues to reduce exposure by, for example, converting such accounts into separately managed accounts that exclude fossil fuel reserve owning companies. The MSCI ACWI IMI ex Tobacco ex-Fossil Fuel Index is available at: https://www.msci.com/documents/10199/533e1509-9bc0-bdd4-946a-7736245c8c4e Our screening of fossil fuel companies is summarized annually in our TCFD reports, available at: https://www.ucop.edu/investment-office/sustainable-investment/climate-change/index.html",,,text_long
"University of California, Berkeley",PA-4,PA,Governance,Sustainable Investment Program,,Points earned for indicator PA 4.2,1,,1.0,number
"University of California, Berkeley",PA-4,PA,Governance,Sustainable Investment Program,,"Has the institution engaged in proxy voting in support of sustainability during the previous three years, either directly or through an investment manager?",Yes,,,boolean
"University of California, Berkeley",PA-4,PA,Governance,Sustainable Investment Program,,Narrative and/or website URL providing an overview of the institution’s proxy voting in support of sustainability,"UC Investments’ Proxy Voting Record: VDS Dashboard (issgovernance.com) UC Investments votes its shares in accordance with custom proxy voting guidelines. With limited exceptions, UC Investments does not delegate proxy voting to its managers. In the rare instances in which managers vote our shares, we ask that they do so consistent with our proxy voting guidelines. When they intend to vote otherwise, they contact us and we discuss the matter prior to the vote. Link to proxy voting guidelines: https://www.ucop.edu/investment-office/sustainable-investment/active-ownership/custom-proxy-guidelines.pdf We make our proxy voting record available to the public through our website: https://www.ucop.edu/investment-office/sustainable-investment/active-ownership/index.html",,,text_long
"University of California, Berkeley",PA-4,PA,Governance,Sustainable Investment Program,,"Has the institution filed a shareholder resolution or signed on to an investor statement in support of sustainability during the previous three years, either directly or through an investment manager?",Yes,,,boolean
"University of California, Berkeley",PA-4,PA,Governance,Sustainable Investment Program,,Narrative and/or website URL providing an overview of the shareholder resolutions or investor statements in support of sustainability,"UC Investments conducts extensive shareholder engagement in direct communication with the senior leadership of over 400 companies annually. We believe this is a more effective tool for risk management than shareholder resolutions. We can cover many more ESG risks and many more companies through direct engagement than shareholder resolutions. Through our shareholder engagement, we engage in dialogue that leads to improved corporate approaches to material ESG risks, including climate change, water security and human capital. https://www.ucop.edu/investment-office/sustainable-investment/active-ownership/index.html",,,text_long
"University of California, Berkeley",PA-4,PA,Governance,Sustainable Investment Program,,Is the institution an active participant in one or more sustainability or ESG-focused investor networks?,Yes,,,boolean
"University of California, Berkeley",PA-4,PA,Governance,Sustainable Investment Program,,Narrative and/or website URL providing an overview of the institution’s participation in sustainability or ESG-focused investor networks,"UC Investments participates in a number of investor networks to engage in policy advocacy and to share best practices, including, e.g., Climate Action 100+, FAIRR Collier, the UN Principles for Responsible Investment, the Intentional Endowments Network, the Council of Institutional Investors, the Task Force on Climate-related Financial Disclosures and the Thirty Percent Coalition. These organizations regularly engage in advocacy with regulatory agencies to advance prudent sustainable investing frameworks and regulations on issues such as climate risk, corporate governance and antibiotic resistance in farm animals. We are part of a ~$1.6 trillion investor network that engages on our behalf with senior leadership at ~400 companies per year - Federated Hermes/EOS. Along with the other investors in this network, we focus on material ESG risks facing companies that we own. For example in 2024, our endowment engaged directly with executive and board level leadership of more than 400 companies we own regarding material risks related to climate change and their risk mitigation strategies. See: https://www.ucop.edu/investment-office/sustainable-investment/active-ownership/index.html ; https://www.ucop.edu/investment-office/sustainable-investment/climate-change/index.html",,,text_long
"University of California, Berkeley",PA-4,PA,Governance,Sustainable Investment Program,,Points earned for indicator PA 4.3,1,,1.0,number
"University of California, Berkeley",PA-4,PA,Governance,Sustainable Investment Program,,Notes about the information provided for this credit,"All information for this credit was provided by the University of California Office of the Chief Investment Officer on February 10, 2025.",,,text
"University of California, Berkeley",PA-4,PA,Governance,Sustainable Investment Program,,Additional documentation for this credit,,,,not_reported
"University of California, Berkeley",PA-5,PA,Governance,Investment Holdings,,Is the total value of the institution’s investment pool $1 billion USD or more?,Yes,,,boolean
"University of California, Berkeley",PA-5,PA,Governance,Investment Holdings,,Has the institution published a snapshot of the holdings in its investment pool within the previous three years?,Yes,,,boolean
"University of California, Berkeley",PA-5,PA,Governance,Investment Holdings,,Copy of the investment snapshot,,,,not_reported
"University of California, Berkeley",PA-5,PA,Governance,Investment Holdings,,Online location where the investment snapshot may be found,https://www.ucop.edu/investment-office/gep-holdings-disclosure-6-30-2024-final.pdf,,,url
"University of California, Berkeley",PA-5,PA,Governance,Investment Holdings,,Performance year for investment,2023,,2023.0,year
"University of California, Berkeley",PA-5,PA,Governance,Investment Holdings,,"Does the snapshot detail the amount or percentage allocated to specific funds, companies, and institutions?",Yes,,,boolean
"University of California, Berkeley",PA-5,PA,Governance,Investment Holdings,,"Is the snapshot inclusive of the combined activities of the institution and other entities that manage investments on its behalf, such as a contracted management company, university system, and/or foundation?",Yes,,,boolean
"University of California, Berkeley",PA-5,PA,Governance,Investment Holdings,,Points earned for indicator PA 5.1,2,,2.0,number
"University of California, Berkeley",PA-5,PA,Governance,Investment Holdings,,Local currency code,USD,,,text
"University of California, Berkeley",PA-5,PA,Governance,Investment Holdings,,Value of the investment pool,"22,600,000,000",,22600000000.0,number
"University of California, Berkeley",PA-5,PA,Governance,Investment Holdings,,"Amount allocated to funds that are explicitly focused on sustainability or environmental, social, and governance (ESG)","97,900,000",,97900000.0,number
"University of California, Berkeley",PA-5,PA,Governance,Investment Holdings,,Amount allocated to sustainability-focused industries or sectors,"1,522,800,000",,1522800000.0,number
"University of California, Berkeley",PA-5,PA,Governance,Investment Holdings,,Amount allocated to businesses selected for exemplary sustainability performance using positive screens,"1,043,000,000",,1043000000.0,number
"University of California, Berkeley",PA-5,PA,Governance,Investment Holdings,,Amount allocated to community development financial institutions (CDFIs),"221,000,000",,221000000.0,number
"University of California, Berkeley",PA-5,PA,Governance,Investment Holdings,,Amount allocated to place-based investments that target positive social and environmental impacts in economically divested areas,0,,0.0,number
"University of California, Berkeley",PA-5,PA,Governance,Investment Holdings,,Amount allocated to green revolving funds seeded from the investment pool,0,,0.0,number
"University of California, Berkeley",PA-5,PA,Governance,Investment Holdings,,Narrative and/or website URL providing an overview of the institution’s positive sustainability investments,"UC’s endowment is investing in a wide range of positive sustainability investments across all of our asset classes, ranging from public equity to real estate to private equity. The examples below are not the comprehensive list of the investments referenced above, but rather illustrative examples of our sustainable investments. Investments Explicitly Allocated to ESG: Congruent Ventures: a venture fund focused on catalyzing solutions to sustainability challenges, including renewable energy, energy efficiency and the circular economy. MIT Engine Fund: a venture fund that invests long-term capital in startups focused on sustainability solutions, to help bridge the gap between discovery and commercialization. Its portfolio companies include those focused on decarbonizing the manufacturing processes for carbon-intensive industrial materials, such as cement and steel. TPG Rise Fund: impact investment fund specifically designed to address challenges identified by the UN’s Sustainable Development Goals. Sustainability Focused Industries : Commercial scale renewable power & battery storage developers, such as Goldman Sachs Renewable Power. Various public equity, fixed income and real asset holdings in companies that provide alternative fueling infrastructure development, stationary fuel cells, solar equipment, energy efficiency technologies, agtech, and sustainable water technologies. Exemplary Sustainability Performance : Investment in LEED and/or EnergyStar certified green real estate and/or in funds that own real estate that is third-party certified for energy, water, health, recycling and other sustainability characteristics (e.g., BOMA, WELL and/or Fitwel). COMMUNITY DEVELOPMENT FINANCE INSTITUTIONS: We invest in several consumer finance companies that help communities by enabling economically disadvantaged consumers to rehabilitate their credit, build equity and have access to capital by: Consumer lending to performing C+ borrowers. This enables the borrower to rehabilitate their credit and meaningfully improve their FICO scores (i.e., 50-100 points) over the term of the loan. This FICO score improvement can help these consumers access more traditional forms of credit upon completion of the program. Home Equity Financing that offers an “appreciation share” to borrowers. These products provide predominantly non-prime consumers with a means of accessing the imputed equity value in their homes in situations where a traditional HELOC is not available (primarily due to credit standards) and as an alternative to higher-cost unsecured debt. Extending credit access to under-banked small businesses that are typically boxed out of more traditional commercial finance options (i.e., SBA loans, bank loans, and other similar products).",,,text_long
"University of California, Berkeley",PA-5,PA,Governance,Investment Holdings,,Total positive sustainability investments,"2,884,700,000",,2884700000.0,number
"University of California, Berkeley",PA-5,PA,Governance,Investment Holdings,,Percentage of the investment pool allocated to positive sustainability investments,12.76,,12.76,number
"University of California, Berkeley",PA-5,PA,Governance,Investment Holdings,,Points earned for indicator PA 5.2,0.51,,0.51,number
"University of California, Berkeley",PA-5,PA,Governance,Investment Holdings,,Notes about the information provided for this credit,"All information for this credit was provided by the University of California Office of the Chief Investment Officer in February 2025 based on data from the fiscal year July 1, 2023-June 30, 2024.",,,text
"University of California, Berkeley",PA-5,PA,Governance,Investment Holdings,,Additional documentation for this credit,,,,not_reported
"University of California, Berkeley",PA-6,PA,Social,Institutional Climate,,"Does the institution support one or more programs, initiatives, or networks designed to address the specific needs of students with disabilities?",Yes,,,boolean
"University of California, Berkeley",PA-6,PA,Social,Institutional Climate,,"Narrative and/or website URL providing an overview of the institution’s programs, initiatives, and networks for students with disabilities",https://dsp.berkeley.edu/,,,url
"University of California, Berkeley",PA-6,PA,Social,Institutional Climate,,"Does the institution support one or more programs, initiatives, or networks designed to address the specific needs of students that identify as members of marginalized racial, ethnic, and/or Indigenous groups?",Yes,,,boolean
"University of California, Berkeley",PA-6,PA,Social,Institutional Climate,,"Narrative and/or website URL providing an overview of the institution’s programs, initiatives, and networks for students that identify as members of marginalized racial, ethnic, and/or Indigenous groups",https://cejce.berkeley.edu/centers,,,url
"University of California, Berkeley",PA-6,PA,Social,Institutional Climate,,"Does the institution support one or more programs, initiatives, or networks designed to address the specific needs of LGBTQ+ students?",Yes,,,boolean
"University of California, Berkeley",PA-6,PA,Social,Institutional Climate,,"Narrative and/or website URL providing an overview of the institution’s programs, initiatives, and networks for LGBTQ+ students",https://cejce.berkeley.edu/geneq,,,url
"University of California, Berkeley",PA-6,PA,Social,Institutional Climate,,"Does the institution support one or more programs, initiatives, or networks designed to address the specific needs of low-income and/or first-generation students?",Yes,,,boolean
"University of California, Berkeley",PA-6,PA,Social,Institutional Climate,,"Narrative and/or website URL providing an overview of the institution’s programs, initiatives, and networks for low-income and/or first-generation students",https://eop.berkeley.edu/,,,url
"University of California, Berkeley",PA-6,PA,Social,Institutional Climate,,"Does the institution support one or more programs, initiatives, or networks designed to address the specific needs of refugees, asylum seekers, internally displaced, and/or undocumented students?",Yes,,,boolean
"University of California, Berkeley",PA-6,PA,Social,Institutional Climate,,"Narrative and/or website URL providing an overview of the institution’s programs, initiatives, and networks for refugees, asylum seekers, internally displaced, and/or undocumented students",https://undocu.berkeley.edu/,,,url
"University of California, Berkeley",PA-6,PA,Social,Institutional Climate,,"Does the institution support one or more programs, initiatives, or networks designed to address the specific needs of students from additional underrepresented groups?",Yes,,,boolean
"University of California, Berkeley",PA-6,PA,Social,Institutional Climate,,"Narrative and/or website URL describing the additional underrepresented groups and the institution’s programs, initiatives, and networks for students from these groups","Foster youth https://hope.berkeley.edu/ Veterans https://veteran.berkeley.edu/ Sudent parents https://studentparents.berkeley.edu/ Current/formerly Incarcerated https://undergroundscholars.berkeley.edu/ Programs to support women: Gender Equity Resource Center (GenEq) , the Empowering Womxn in STEAM (WiSE) Theme Program , and the AWE Mentorship Program Programs to support international students and scholars: https://vspa.berkeley.edu/ https://internationaloffice.berkeley.edu/home https://ihouse.berkeley.edu/ Support for low-income students: https://basicneeds.berkeley.edu/home More information: https://thriving.berkeley.edu/home",,,text_long
"University of California, Berkeley",PA-6,PA,Social,Institutional Climate,,Points earned for indicator PA 6.1,1,,1.0,number
"University of California, Berkeley",PA-6,PA,Social,Institutional Climate,,"Does the institution support one or more programs, initiatives, or networks designed to address the specific needs of employees with disabilities?",Yes,,,boolean
"University of California, Berkeley",PA-6,PA,Social,Institutional Climate,,"Narrative and/or website URL providing an overview of the institution’s programs, initiatives, and networks for employees with disabilities",https://dac.berkeley.edu/resources/staff https://stafforg.berkeley.edu/staff-organizations/sada,,,url
"University of California, Berkeley",PA-6,PA,Social,Institutional Climate,,"Does the institution support one or more programs, initiatives, or networks designed to address the specific needs of employees that identify as members of marginalized racial, ethnic, and/or Indigenous groups?",Yes,,,boolean
"University of California, Berkeley",PA-6,PA,Social,Institutional Climate,,"Narrative and/or website URL providing an overview of the institution’s programs, initiatives, and networks for employees that identify as members of marginalized racial, ethnic, and/or Indigenous groups","https://stafforg.berkeley.edu/staff-organizations/identity-based-staff-orgs Race/Ethnicity-Based Employee Organiazations include Alianza, Asian Pacific American Systemwide Alliance, Black Staff & Faculty Organization, MENASA, and Native & Indigenous Council",,,url
"University of California, Berkeley",PA-6,PA,Social,Institutional Climate,,"Does the institution support one or more programs, initiatives, or networks designed to address the specific needs of LGBTQ+ employees?",Yes,,,boolean
"University of California, Berkeley",PA-6,PA,Social,Institutional Climate,,Narrative and/or website URL providing an overview of the institution’s support for LGBTQ+ employees,https://stafforg.berkeley.edu/staff-organizations/identity-based-staff-orgs/lavendercal,,,url
"University of California, Berkeley",PA-6,PA,Social,Institutional Climate,,"Does the institution support one or more programs, initiatives, or networks designed to address the specific needs of employees from additional underrepresented groups?",Yes,,,boolean
"University of California, Berkeley",PA-6,PA,Social,Institutional Climate,,"Narrative and/or website URL describing the additional underrepresented groups the institution’s programs, initiatives, and networks for employees from these groups",Employee veterans: https://veteran.berkeley.edu/ Support for low-income staff: https://basicneeds.berkeley.edu/community-resources/staff Programs to support international scholars and staff: https://vspa.berkeley.edu/ More information on employees in underrepresented groups are listed on these web pages: https://stafforg.berkeley.edu/staff-organizations/identity-based-staff-orgs https://hr.berkeley.edu/office-diversity-equity-inclusion-and-belonging-deib,,,text_long
"University of California, Berkeley",PA-6,PA,Social,Institutional Climate,,Points earned for indicator PA 6.2,1,,1.0,number
"University of California, Berkeley",PA-6,PA,Social,Institutional Climate,,Has the institution conducted an institutional climate assessment within the previous three years?,Yes,,,boolean
"University of California, Berkeley",PA-6,PA,Social,Institutional Climate,,Description of the methodology used to assess institutional climate,"Climate and engagement surveys have been conducted for staff, faculty and students in the last three years: Staff engagement surveys: https://hr.berkeley.edu/deib/employee-experience/employee-surveys Explanation page: https://hr.berkeley.edu/deib/employee-experience/employee-engagement Faculty surveys: https://ofew.berkeley.edu/data-and-initiatives/publications-and-reports/faculty-climate-surveys Additional student surveys: https://diversity.berkeley.edu/reports-data/survey-results Each year our HR division administers a survey to all staff to better understand staff needs and experiences. The results are shared to all staff via email and available online. The results are disaggregated by unit and demographics. https://calviz.berkeley.edu/t/BRSPublic/views/StateoftheWorkplaceIndicesFeb2024V3/Overview Administered from March until July of the Spring semester, the UC Undergraduate Experience Survey (UCUES) survey responses are matched with institutional data to provide a detailed portrait of students' background, academic and co-curricular activities, goals and aspirations, experiences with academic and administrative units, self-assessments of gains in academic and social skills, interactions with other students, engagement in community service and civic activities, perceived obstacles to academic success and many other topics. https://calviz.berkeley.edu/#/site/OPAP/views/UCUES2022Public/TableofContents",,,text_long
"University of California, Berkeley",PA-6,PA,Social,Institutional Climate,,Does the institution publish the results of its institutional climate assessments?,Yes,,,boolean
"University of California, Berkeley",PA-6,PA,Social,Institutional Climate,,Published results of the institution’s most recently finalized institutional climate assessment,,,,not_reported
"University of California, Berkeley",PA-6,PA,Social,Institutional Climate,,Online resource where the results of the institution’s institutional climate assessments are publicly available,https://pages.github.berkeley.edu/OPA/our-berkeley/ucues-results.html,,,url
"University of California, Berkeley",PA-6,PA,Social,Institutional Climate,,Points earned for indicator PA 6.3,1,,1.0,number
"University of California, Berkeley",PA-6,PA,Social,Institutional Climate,,Notes about the information provided for this credit,https://calviz.berkeley.edu/#/site/OPAP/views/UCUES2022Public/TableofContents Source: Equity Data Initiatives in Equity & Inclusion,,,url
"University of California, Berkeley",PA-6,PA,Social,Institutional Climate,,Additional documentation for this credit,,,,not_reported
"University of California, Berkeley",PA-7,PA,Social,Racial and Ethnic Representation,,Completed racial and ethnic diversity worksheet,STARS_3.0_Racial_and_Ethnic_Diversity_Worksheet_1.xlsx,,,text
"University of California, Berkeley",PA-7,PA,Social,Racial and Ethnic Representation,,Ethnic diversity index for students,0.79,,0.79,number
"University of California, Berkeley",PA-7,PA,Social,Racial and Ethnic Representation,,Ethnic diversity index for academic staff,0.50,,0.5,number
"University of California, Berkeley",PA-7,PA,Social,Racial and Ethnic Representation,,Ethnic diversity index for non-academic staff,0.69,,0.69,number
"University of California, Berkeley",PA-7,PA,Social,Racial and Ethnic Representation,,Ethnic diversity index for executive staff,0.51,,0.51,number
"University of California, Berkeley",PA-7,PA,Social,Racial and Ethnic Representation,,Points earned for indicator PA 7.1,0.82,,0.82,number
"University of California, Berkeley",PA-7,PA,Social,Racial and Ethnic Representation,,"Total number of marginalized racial, ethnic, and/or Indigenous groups in the region served by the institution",6,,6.0,number
"University of California, Berkeley",PA-7,PA,Social,Racial and Ethnic Representation,,"Number of marginalized racial, ethnic, and/or Indigenous groups that are equitably represented among students",2,,2.0,number
"University of California, Berkeley",PA-7,PA,Social,Racial and Ethnic Representation,,Description of the methodology and data source(s) used to identify the region served and its demographics,State of California. Data from US Census Bureau: County Population by Characteristics 2023 https://www.census.gov/data/tables/time-series/demo/popest/2020s-counties-detail.html,,,text
"University of California, Berkeley",PA-7,PA,Social,Racial and Ethnic Representation,,"Percentage of marginalized, racial, ethnic, and Indigenous groups that are equitably represented among students",33.33,,33.33,number
"University of California, Berkeley",PA-7,PA,Social,Racial and Ethnic Representation,,Points earned for indicator PA 7.2,0.33,,0.33,number
"University of California, Berkeley",PA-7,PA,Social,Racial and Ethnic Representation,,"Number of marginalized racial, ethnic, and/or Indigenous groups that are equitably represented among regular/permanent academic staff",2,,2.0,number
"University of California, Berkeley",PA-7,PA,Social,Racial and Ethnic Representation,,"Number of marginalized racial, ethnic, and/or Indigenous groups that are equitably represented among regular/permanent non-academic staff",4,,4.0,number
"University of California, Berkeley",PA-7,PA,Social,Racial and Ethnic Representation,,"Number of marginalized racial, ethnic, and/or Indigenous groups that are equitably represented among executive staff",2,,2.0,number
"University of California, Berkeley",PA-7,PA,Social,Racial and Ethnic Representation,,"Percentage of marginalized, racial, ethnic, and Indigenous groups that are equitably represented among regular/permanent academic staff",33.33,,33.33,number
"University of California, Berkeley",PA-7,PA,Social,Racial and Ethnic Representation,,"Percentage of marginalized, racial, ethnic, and Indigenous groups that are equitably represented among regular/permanent non-academic staff",66.67,,66.67,number
"University of California, Berkeley",PA-7,PA,Social,Racial and Ethnic Representation,,"Percentage of marginalized, racial, ethnic, and Indigenous groups that are equitably represented among executive staff",33.33,,33.33,number
"University of California, Berkeley",PA-7,PA,Social,Racial and Ethnic Representation,,Points earned for indicator PA 7.3,0.44,,0.44,number
"University of California, Berkeley",PA-7,PA,Social,Racial and Ethnic Representation,,Notes about the information provided for this credit,"Equity Data Initiatives in Equity & Inclusion Diversity, Equity, Inclusion & Belonging",,,text
"University of California, Berkeley",PA-7,PA,Social,Racial and Ethnic Representation,,Additional documentation for this credit,,,,not_reported
"University of California, Berkeley",PA-8,PA,Social,Gender Parity,,Percentage of students that identify as women or other marginalized gender identities,54.40,,54.4,number
"University of California, Berkeley",PA-8,PA,Social,Gender Parity,,Points earned for indicator PA 8.1,1,,1.0,number
"University of California, Berkeley",PA-8,PA,Social,Gender Parity,,Percentage of regular/permanent academic staff that identify as women or other marginalized gender identities,36.70,,36.7,number
"University of California, Berkeley",PA-8,PA,Social,Gender Parity,,Percentage of regular/permanent non-academic staff that identify as women or other marginalized gender identities,56.50,,56.5,number
"University of California, Berkeley",PA-8,PA,Social,Gender Parity,,Percentage of executive staff that identify as women or other marginalized gender identities,50,,50.0,number
"University of California, Berkeley",PA-8,PA,Social,Gender Parity,,Points earned for indicator PA 8.2,0.67,,0.67,number
"University of California, Berkeley",PA-8,PA,Social,Gender Parity,,Notes about the information provided for this credit,"Sources: CalAnswers https://nces.ed.gov/ipeds/institution-profile/110635#institution-characteristics Lasana Hotep, Director of Diversity, Equity, Inclusion & Belonging Andrew Eppig, Director of Equity Data Initiatives",,,text_long
"University of California, Berkeley",PA-8,PA,Social,Gender Parity,,Additional documentation for this credit,,,,not_reported
"University of California, Berkeley",PA-9,PA,Social,Affordability and Access,,Does the institution have the required data and wish to pursue this indicator?,Yes,,,boolean
"University of California, Berkeley",PA-9,PA,Social,Affordability and Access,,Local currency code,$,,,text
"University of California, Berkeley",PA-9,PA,Social,Affordability and Access,,Local hourly minimum wage for students,16.99,,16.99,number
"University of California, Berkeley",PA-9,PA,Social,Affordability and Access,,Average annual net price of attendance for low-income students,"5,895",,5895.0,number
"University of California, Berkeley",PA-9,PA,Social,Affordability and Access,,Number of paid work-hours per year required to meet the average net price of attendance for low-income students,346.97,,346.97,number
"University of California, Berkeley",PA-9,PA,Social,Affordability and Access,,Points earned for indicator PA 9.1,1,,1.0,number
"University of California, Berkeley",PA-9,PA,Social,Affordability and Access,,Does the institution have the required data and wish to pursue this indicator?,Yes,,,boolean
"University of California, Berkeley",PA-9,PA,Social,Affordability and Access,,Percentage of students that are low-income,27,,27.0,number
"University of California, Berkeley",PA-9,PA,Social,Affordability and Access,,Description of the methodology used to identify low-income students,"Data is from IPEDS , % of all undergraduate students receiving Pell Grants for academic year 2021-22 (most recent year publicly available).",,,text
"University of California, Berkeley",PA-9,PA,Social,Affordability and Access,,Points earned for indicator PA 9.2,0.50,,0.5,number
"University of California, Berkeley",PA-9,PA,Social,Affordability and Access,,Is an applicant’s relationship to the institution’s alumni or donors a factor that is positively considered in the institution’s admission decisions?,No,,,boolean
"University of California, Berkeley",PA-9,PA,Social,Affordability and Access,,Narrative and/or website URL providing an overview of the factors that are considered in the institution’s admission decisions,"https://admission.universityofcalifornia.edu/how-to-apply/applying-as-a-freshman/how-applications-are-reviewed.html , https://admission.universityofcalifornia.edu/how-to-apply/applying-as-a-transfer/how-applications-are-reviewed.html",,,url
"University of California, Berkeley",PA-9,PA,Social,Affordability and Access,,Points earned for indicator PA 9.3,1,,1.0,number
"University of California, Berkeley",PA-9,PA,Social,Affordability and Access,,Notes about the information provided for this credit,"Source: Cruz Grimaldo, Associate Vice Chancellor Financial Aid and Scholarships & Cal Student Central at UC Berkeley",,,text
"University of California, Berkeley",PA-9,PA,Social,Affordability and Access,,Additional documentation for this credit,,,,not_reported
"University of California, Berkeley",PA-10,PA,Social,Student Success,,Overall student completion rate,93,,93.0,number
"University of California, Berkeley",PA-10,PA,Social,Student Success,,Does the institution have completion rate data for low-income students?,Yes,,,boolean
"University of California, Berkeley",PA-10,PA,Social,Student Success,,Completion rate for low-income students,88,,88.0,number
"University of California, Berkeley",PA-10,PA,Social,Student Success,,Ratio of the completion rate for low-income students to the overall completion rate,0.95,,0.95,number
"University of California, Berkeley",PA-10,PA,Social,Student Success,,Points earned for indicator PA 10.1,1,,1.0,number
"University of California, Berkeley",PA-10,PA,Social,Student Success,,Does the institution have completion rate data for women and/or students with other marginalized gender identities?,Yes,,,boolean
"University of California, Berkeley",PA-10,PA,Social,Student Success,,Completion rate for students that identify as women or other marginalized gender identities,94,,94.0,number
"University of California, Berkeley",PA-10,PA,Social,Student Success,,Ratio of the completion rate for students that identify as women or other marginalized gender identities to the overall completion rate,1.01,,1.01,number
"University of California, Berkeley",PA-10,PA,Social,Student Success,,Points earned for indicator PA 10.2,1,,1.0,number
"University of California, Berkeley",PA-10,PA,Social,Student Success,,"Does the institution have completion rate data for students from marginalized racial, ethnic, and/or Indigenous groups?",Yes,,,boolean
"University of California, Berkeley",PA-10,PA,Social,Student Success,,"Total number of marginalized racial, ethnic, and/or Indigenous groups served by the institution",5,,5.0,number
"University of California, Berkeley",PA-10,PA,Social,Student Success,,"Number of marginalized racial, ethnic, and/or Indigenous groups with equitable completion rates",4,,4.0,number
"University of California, Berkeley",PA-10,PA,Social,Student Success,,"Narrative and/or website URL providing completion rates for each marginalized racial, ethnic, and/or Indigenous group served by the institution",https://calviz.berkeley.edu/t/OPAP/views/DisaggregatedGradRates/Overview,,,url
"University of California, Berkeley",PA-10,PA,Social,Student Success,,"Document that includes completion rates for each marginalized racial, ethnic, and/or Indigenous group served by the institution",,,,not_reported
"University of California, Berkeley",PA-10,PA,Social,Student Success,,"Percentage of marginalized, racial, ethnic, and Indigenous groups with equitable completion rates",80,,80.0,number
"University of California, Berkeley",PA-10,PA,Social,Student Success,,Points earned for indicator PA 10.3,0.80,,0.8,number
"University of California, Berkeley",PA-10,PA,Social,Student Success,,Notes about the information provided for this credit,"Source: Sereeta Alexander - Executive Director, Office of Planning and Analysis",,,text
"University of California, Berkeley",PA-10,PA,Social,Student Success,,Additional documentation for this credit,,,,not_reported
"University of California, Berkeley",PA-11,PA,Social,"Health, Safety and Wellbeing",,Does the institution make physical health services available to students?,Yes,,,boolean
"University of California, Berkeley",PA-11,PA,Social,"Health, Safety and Wellbeing",,Narrative and/or website URL providing an overview of the institution’s physical health services for students,https://uhs.berkeley.edu/,,,url
"University of California, Berkeley",PA-11,PA,Social,"Health, Safety and Wellbeing",,Does the institution make behavioral health services available to students?,Yes,,,boolean
"University of California, Berkeley",PA-11,PA,Social,"Health, Safety and Wellbeing",,Narrative and/or website URL providing an overview of the institution’s behavioral health services for students,https://uhs.berkeley.edu/student-mental-health,,,url
"University of California, Berkeley",PA-11,PA,Social,"Health, Safety and Wellbeing",,Does the institution make sexual and reproductive health services available to students?,Yes,,,boolean
"University of California, Berkeley",PA-11,PA,Social,"Health, Safety and Wellbeing",,Narrative and/or website URL providing an overview of the institution’s sexual/reproductive health services for students,https://uhs.berkeley.edu/shep,,,url
"University of California, Berkeley",PA-11,PA,Social,"Health, Safety and Wellbeing",,Does the institution make contemplative and/or spiritual activities available to students?,Yes,,,boolean
"University of California, Berkeley",PA-11,PA,Social,"Health, Safety and Wellbeing",,Narrative and/or website URL providing an overview of the institution’s contemplative and spiritual activities for students,"https://uhs.berkeley.edu/wellnesscalendar https://recwell.berkeley.edu/schedules-reservations/ There are various workshops provided, including: Mind-Body-Spirit Wellness Workshop Series Join us for a new event, the Mind-Body-Spirit Wellness Workshop Series. This is a three part workshop, but attendance at all three sessions is not required to participate. In these sessions, attendees can expect to focus on practices to cultivate holistic health. Led by Bini and Jimmy, participants will learn about the role of the mind-body connection in spiritual well-being, explore the roots and practice of yoga, and engage in mindfulness exercises to cultivate self-awareness. Activities will include yoga asanas/postures, journaling, breathwork, small group discussions, and intention-setting to help integrate these learnings into a sustainable practice. No sign ups necessary. Come in comfortable clothes. You are encouraged to bring your own yoga mat, journal, and an open mind.",,,url
"University of California, Berkeley",PA-11,PA,Social,"Health, Safety and Wellbeing",,Does the institution have a campus safety committee that brings together students from vulnerable groups and management in the development and review of policies and procedures related to student safety and violence prevention?,Yes,,,boolean
"University of California, Berkeley",PA-11,PA,Social,"Health, Safety and Wellbeing",,Narrative and/or website URL providing an overview of the institution’s student safety and violence prevention committee,https://care.berkeley.edu/,,,url
"University of California, Berkeley",PA-11,PA,Social,"Health, Safety and Wellbeing",,Does the institution have an emergency assistance fund that provides grants or interest-free loans to students who are experiencing financial difficulties?,Yes,,,boolean
"University of California, Berkeley",PA-11,PA,Social,"Health, Safety and Wellbeing",,Narrative and/or website URL providing an overview of the institution’s emergency assistance fund for students,https://supportal.berkeley.edu/i-am-seeking-help/personal-support-services/financial-security,,,url
"University of California, Berkeley",PA-11,PA,Social,"Health, Safety and Wellbeing",,"Does the institution have a food bank/pantry, meal donation program, or similar initiative that provides food at no cost to students experiencing food insecurity?",Yes,,,boolean
"University of California, Berkeley",PA-11,PA,Social,"Health, Safety and Wellbeing",,Narrative and/or website URL providing an overview of the institution’s student food security initiatives,https://basicneeds.berkeley.edu/pantry,,,url
"University of California, Berkeley",PA-11,PA,Social,"Health, Safety and Wellbeing",,Points earned for indicator PA 11.1,1.00,,1.0,number
"University of California, Berkeley",PA-11,PA,Social,"Health, Safety and Wellbeing",,Does the institution make physical health services available to employees?,Yes,,,boolean
"University of California, Berkeley",PA-11,PA,Social,"Health, Safety and Wellbeing",,Narrative and/or website URL providing an overview of the institution’s physical health services for employees,https://uhs.berkeley.edu/bewellatwork/occhealth,,,url
"University of California, Berkeley",PA-11,PA,Social,"Health, Safety and Wellbeing",,Does the institution make behavioral health services available to employees?,Yes,,,boolean
"University of California, Berkeley",PA-11,PA,Social,"Health, Safety and Wellbeing",,Narrative and/or website URL providing an overview of the institution’s behavioral health services for employees,https://uhs.berkeley.edu/bewellatwork/employee-assistance,,,url
"University of California, Berkeley",PA-11,PA,Social,"Health, Safety and Wellbeing",,Does the institution make free or reduced cost fitness activities available to employees?,Yes,,,boolean
"University of California, Berkeley",PA-11,PA,Social,"Health, Safety and Wellbeing",,Narrative and/or website URL providing an overview of the institution’s fitness activities for employees,https://recwell.berkeley.edu/wellness-offerings/workfit/ https://uhs.berkeley.edu/facstaff/wellness/active-at-work,,,url
"University of California, Berkeley",PA-11,PA,Social,"Health, Safety and Wellbeing",,Does the institution make contemplative and/or spiritual activities available to employees?,Yes,,,boolean
"University of California, Berkeley",PA-11,PA,Social,"Health, Safety and Wellbeing",,Narrative and/or website URL providing an overview of the institution’s contemplative and spiritual activities for employees,https://uhs.berkeley.edu/facstaff/employee-assistance/workshops https://uhs.berkeley.edu/wellnesscalendar,,,url
"University of California, Berkeley",PA-11,PA,Social,"Health, Safety and Wellbeing",,Does the institution have an institution-wide health and safety committee or network of committees that brings together workers and management in the development and review of workplace health and safety policies and procedures?,Yes,,,boolean
"University of California, Berkeley",PA-11,PA,Social,"Health, Safety and Wellbeing",,Narrative and/or website URL providing an overview of the institution’s workplace health and safety committees,https://ehs.berkeley.edu/workplace-safety,,,url
"University of California, Berkeley",PA-11,PA,Social,"Health, Safety and Wellbeing",,Does the institution have an emergency assistance fund that provides grants or interest-free loans to employees who are experiencing financial difficulties?,Yes,,,boolean
"University of California, Berkeley",PA-11,PA,Social,"Health, Safety and Wellbeing",,Narrative and/or website URL providing an overview of the institution’s emergency assistance fund for employees,https://supportal.berkeley.edu/i-am-seeking-help/personal-support-services/financial-security,,,url
"University of California, Berkeley",PA-11,PA,Social,"Health, Safety and Wellbeing",,Points earned for indicator PA 11.2,1,,1.0,number
"University of California, Berkeley",PA-11,PA,Social,"Health, Safety and Wellbeing",,Does the institution prohibit smoking within all occupied buildings owned or leased by the Institution?,Yes,,,boolean
"University of California, Berkeley",PA-11,PA,Social,"Health, Safety and Wellbeing",,Does the institution restrict outdoor smoking?,Yes,,,boolean
"University of California, Berkeley",PA-11,PA,Social,"Health, Safety and Wellbeing",,Does the institution prohibit smoking and tobacco use across the entire campus?,Yes,,,boolean
"University of California, Berkeley",PA-11,PA,Social,"Health, Safety and Wellbeing",,Narrative and/or website URL providing an overview of the institution’s smoke-free policies,"https://oercs.berkeley.edu/policies/campus-policy-library/smoke-and-tobacco-free-campus University Health Services (UHS), with guidance from the University of California Office of the President, has updated the Smoke and Tobacco-Free Campus Policy as of January 1, 2020. UC Berkeley has been a smoke and tobacco-free environment since January 1, 2014 and this amended policy expands the scope that prohibits the use of cigarettes, e-cigarettes, cigars, snuff, snus, water pipes, pipes, hookahs, chews, unregulated electronic nicotine delivery systems, and any other non-combustible tobacco products at all indoor and outdoor spaces owned or leased by UC Berkeley. The aim of having a Smoke and Tobacco-Free Campus Policy is to: - Create a healthier environment for students, faculty, staff, and visitors; - Support tobacco and cannabis users who are trying to quit; and - Promote the social norm of a smoke and tobacco-free environment. An important part of having this campus policy is making available the resources to support those that are seeking help to quit smoking. Resources can be found at Get Help to Quit (https://uhs.berkeley.edu/tobaccohelp) as well as health information about cannabis (https://uhs.berkeley.edu/cannabis). The student group, Breathe at Berkeley (https://callink.berkeley.edu/organization/breatheatberkeley), is also helping to advance the tobacco prevention program on campus by creating and adapting strategies to the changing trends of tobacco usage by students. With the roll-out of the Smoke and Tobacco-Free Campus Policy, it is also important to reinforce the information we are learning about the dangers of vaping and have provided some additional information on this e-cigarette fact sheet (https://uhs.berkeley.edu/sites/default/files/e-cigarette_fact_sheet.pdf). For more information, visit Tobacco-Free Berkeley: https://uhs.berkeley.edu/tobaccofree Smoke and Tobacco-Free Campus Policy Update Source: https://bsa.berkeley.edu/news/smoke-and-tobacco-free-campus-policy-update",,,url
"University of California, Berkeley",PA-11,PA,Social,"Health, Safety and Wellbeing",,Points earned for indicator PA 11.3,1,,1.0,number
"University of California, Berkeley",PA-11,PA,Social,"Health, Safety and Wellbeing",,Notes about the information provided for this credit,"Source: Gretchen Scott, Workers' Compensation/Disability Manager",,,text
"University of California, Berkeley",PA-11,PA,Social,"Health, Safety and Wellbeing",,Additional documentation for this credit,,,,not_reported
"University of California, Berkeley",PA-12,PA,Social,Employee Rights,,Number of weeks of paid maternity leave,12,,12.0,number
"University of California, Berkeley",PA-12,PA,Social,Employee Rights,,Narrative and/or website URL providing an overview of the maternity leave options available to employees,"https://ucnet.universityofcalifornia.edu/wp-content/uploads/forms/pdf/pregnancy-newborn-child-and-adopted-child.pdf To be eligible for leave under the FMLA and/or CFRA, you need to have worked at UC for at least 12 cumulative months and must have worked at least 1,250 hours during the 12 months immediately before the date you wish to begin FML. To be eligible for leave under PDLL, you simply need to be employed and disabled by pregnancy. LENGTH OF LEAVE The FMLA and CFRA generally entitle an eligible employee to up to 12 workweeks of leave for qualifying reasons. If your leave qualifies under both statutes, it runs concurrently under both. Pregnancy disability leave qualifies under the FMLA and PDLL, but not under CFRA. Parental bonding leave qualifies under both the FMLA and CFRA, provided that the leave is taken within 12 months of the birth of your child or, in the case of an adoption or foster care placement, within 12 months of the child’s placement with you.",,,url
"University of California, Berkeley",PA-12,PA,Social,Employee Rights,,Points earned for indicator PA 12.1,0.50,,0.5,number
"University of California, Berkeley",PA-12,PA,Social,Employee Rights,,Percentage of employees eligible for paid all-gender family/medical leave,100,,100.0,number
"University of California, Berkeley",PA-12,PA,Social,Employee Rights,,Narrative and/or website URL providing an overview of the institution’s eligibility criteria for paid family/medical leave,https://ucnet.universityofcalifornia.edu/benefits/understanding-your-benefits/roadmaps/taking-paid-leave/ Employees would have to meet requirements for Family and Medical Leave (FML) Policy.,,,url
"University of California, Berkeley",PA-12,PA,Social,Employee Rights,,Points earned for indicator PA 12.2,1,,1.0,number
"University of California, Berkeley",PA-12,PA,Social,Employee Rights,,Does the institution publish information on anti-harassment in a format that is accessible to all employees?,Yes,,,boolean
"University of California, Berkeley",PA-12,PA,Social,Employee Rights,,Does the institution publish information on grievance resolution in a format that is accessible to all employees?,Yes,,,boolean
"University of California, Berkeley",PA-12,PA,Social,Employee Rights,,Does the institution publish information on whistleblower protections in a format that is accessible to all employees?,Yes,,,boolean
"University of California, Berkeley",PA-12,PA,Social,Employee Rights,,Does the institution publish information on freedom of association in a format that is accessible to all employees?,Yes,,,boolean
"University of California, Berkeley",PA-12,PA,Social,Employee Rights,,Narrative and/or website URL providing an overview of the institution’s published measures to protect employee rights,"UC Berkeley Human Resources Policies: UC Berkeley has a dedicated section on its Human Resources website that outlines policies related to employee rights, including fair treatment, grievance procedures, and work-life balance. The policies cover areas like anti-discrimination, whistleblower protection, and employee benefits, offering a transparent overview of employee rights and support. University of California Statement of Ethical Values and Standards of Ethical Conduct: This is a comprehensive code that applies to all UC campuses, including Berkeley. It highlights the university’s commitment to integrity, respect, and accountability in its relations with employees. Union Representation and Collective Bargaining: UC Berkeley supports the right of employees to unionize and has a number of unions representing various employee groups. Information on union agreements, employee advocacy, and collective bargaining rights can be found on the UCOP Labor Relations website, which details agreements specific to each bargaining unit. Berkeley Office for the Prevention of Harassment and Discrimination (OPHD): OPHD is responsible for ensuring compliance with non-discrimination policies, providing resources, and supporting a fair work environment. More information on the measures in place to protect against discrimination and harassment can be found on their website.",,,text_long
"University of California, Berkeley",PA-12,PA,Social,Employee Rights,,Points earned for indicator PA 12.3,1,,1.0,number
"University of California, Berkeley",PA-12,PA,Social,Employee Rights,,Notes about the information provided for this credit,Source: Employee & Labor Relations Department,,,text
"University of California, Berkeley",PA-12,PA,Social,Employee Rights,,Additional documentation for this credit,,,,not_reported
"University of California, Berkeley",PA-13,PA,Social,Pay Equity and Living Wage,,"Has the institution conducted one or more internal pay equity assessments during the previous three years to identify disparities that are not attributable to skills, responsibilities, or level of experience?",Yes,,,boolean
"University of California, Berkeley",PA-13,PA,Social,Pay Equity and Living Wage,,Description of the methodologies used to assess internal pay equity,"Last analysis conducted 7/31/2023. Population = PPSM career and contracted appointed staff. Analysis software used is COMPARE 2.0 licensed from Biddle Consulting. Demographics analyzed were Ethnicity (White/People of Color) , Gender Identity(Men/Women), Sexual Orientation (Heterosexual/LBGQ+), Age (Under 40/40+), and Disability (Not Disabled/Disabled). Demographic dimensions analyzed at the job title level, using tenure in current title as control/explanatory variable when there were enough incumbents in the job title (regression analysis). In the cases of insufficient sample sizes, independent samples T-test analyses were conducted which could not factor in tenure in current title as an explanatory variable.",,,text_long
"University of California, Berkeley",PA-13,PA,Social,Pay Equity and Living Wage,,Are the pay equity assessment(s) inclusive of both academic and non-academic staff?,No,,,boolean
"University of California, Berkeley",PA-13,PA,Social,Pay Equity and Living Wage,,Do the pay equity assessment(s) explicitly address pay equity by gender identity?,Yes,,,boolean
"University of California, Berkeley",PA-13,PA,Social,Pay Equity and Living Wage,,"Do the pay equity assessment(s) explicitly address internal pay equity by racial, ethnic, and/or Indigenous identity?",Yes,,,boolean
"University of California, Berkeley",PA-13,PA,Social,Pay Equity and Living Wage,,Does the institution publish the results of its internal pay equity assessments?,Yes,,,boolean
"University of California, Berkeley",PA-13,PA,Social,Pay Equity and Living Wage,,Published results of the institution’s most recently finalized internal pay equity assessment,,,,not_reported
"University of California, Berkeley",PA-13,PA,Social,Pay Equity and Living Wage,,Online resource where the results of the institution’s internal pay equity assessments are available,https://docs.google.com/spreadsheets/d/1Gou2Id4nchXCTZyT2VWLLXsS4NSfuVtc/edit?usp=sharing&ouid=105826157914045237014&rtpof=true&sd=true,,,url
"University of California, Berkeley",PA-13,PA,Social,Pay Equity and Living Wage,,Points earned for indicator PA 13.1,0.80,,0.8,number
"University of California, Berkeley",PA-13,PA,Social,Pay Equity and Living Wage,,Is the institution a third party accredited living wage employer?,No,,,boolean
"University of California, Berkeley",PA-13,PA,Social,Pay Equity and Living Wage,,Narrative and/or website URL detailing the institution’s living wage accreditation,,,,not_reported
"University of California, Berkeley",PA-13,PA,Social,Pay Equity and Living Wage,,Local currency code,USD,,,text
"University of California, Berkeley",PA-13,PA,Social,Pay Equity and Living Wage,,Performance year for living wage,2024,,2024.0,year
"University of California, Berkeley",PA-13,PA,Social,Pay Equity and Living Wage,,Living wage,39.62,,39.62,number
"University of California, Berkeley",PA-13,PA,Social,Pay Equity and Living Wage,,Standard or methodology used to determine the living wage,"The instructions say to use the Massachusetts Institute of Technology Living Wage Calculator. and when Berkeley is inserted, the living wage for two adults and two children is $39.62/hr. The campus composite benefits rate for staff members is currently 42.8%. Hence, to qualify for an hourly living wage, the hourly rate must be at least $22.62/hr, when incorporating the 42.8% CBR.",,,text_long
"University of California, Berkeley",PA-13,PA,Social,Pay Equity and Living Wage,,Wage floor for regular/permanent employees,22.54,,22.54,number
"University of California, Berkeley",PA-13,PA,Social,Pay Equity and Living Wage,,Wage floor for short-term/casual academic staff,22.54,,22.54,number
"University of California, Berkeley",PA-13,PA,Social,Pay Equity and Living Wage,,Wage floor for short-term/casual non-academic staff,18.67,,18.67,number
"University of California, Berkeley",PA-13,PA,Social,Pay Equity and Living Wage,,Percentage of employees that receive remuneration equivalent to at least a living wage,96.20,,96.2,number
"University of California, Berkeley",PA-13,PA,Social,Pay Equity and Living Wage,,Narrative outlining the forms of remuneration included in the living wage calculations,"As of 11/1/24, there were 30,643 appointments in UCPath for our campus that are non-undergraduate student appointments. The instructions say to exclude undergraduate students and graduate students who are classified as non-academic employees. We only excluded undergraduate students as graduate students are classified as academic employees. 8,087 (26.4%) of the appointments are appointments with zero salary, but they are included in our official system of record (UCPath). There are 1,170 employees earning less than $22.62/hr., representing 5.2% of staff who earn an hourly rate above $0 and representing 3.8% of staff who have an appointment in UCPath.",,,text_long
"University of California, Berkeley",PA-13,PA,Social,Pay Equity and Living Wage,,Has the institution made a formal commitment to pay a living wage?,Yes,,,boolean
"University of California, Berkeley",PA-13,PA,Social,Pay Equity and Living Wage,,Narrative and/or website URL detailing the institution’s formal commitment to pay a living wage,https://ucnet.universityofcalifornia.edu/compensation/compensation-guidelines/compensation-policies/uc-fair-wage-fair-work-plan/,,,url
"University of California, Berkeley",PA-13,PA,Social,Pay Equity and Living Wage,,Points earned for indicator PA 13.2,2.54,,2.54,number
"University of California, Berkeley",PA-13,PA,Social,Pay Equity and Living Wage,,Does the institution have one or more significant contractors?,Yes,,,boolean
"University of California, Berkeley",PA-13,PA,Social,Pay Equity and Living Wage,,Documentation affirming that the institution has no significant contractors,,,,not_reported
"University of California, Berkeley",PA-13,PA,Social,Pay Equity and Living Wage,,Total number of significant contractors,240,,240.0,number
"University of California, Berkeley",PA-13,PA,Social,Pay Equity and Living Wage,,Number of significant contractors known to pay a collectively determined or living wage,240,,240.0,number
"University of California, Berkeley",PA-13,PA,Social,Pay Equity and Living Wage,,Description of the methodology used to determine which significant contractors pay a collectively determined or living wage,Contracting Out: https://hr.berkeley.edu/employee-labor-relations/labor-relations/labor-resources/contracting-out-article-5-regents-policy Article 5: chrome-extension://efaidnbmnnnibpcajpcglclefindmkaj/https://ucnet.universityofcalifornia.edu/wp-content/uploads/labor/bargaining-units/sx/docs/sx_article_05_contracting_out.pdf Guidance on Contracting Out: chrome-extension://efaidnbmnnnibpcajpcglclefindmkaj/https://policy.ucop.edu/doc/4000590/ContractingServices Fair Wage/Fair Work: https://ucnet.universityofcalifornia.edu/compensation/compensation-guidelines/compensation-policies/uc-fair-wage-fair-work-plan/,,,text_long
"University of California, Berkeley",PA-13,PA,Social,Pay Equity and Living Wage,,Percentage of significant contractors that pay a collectively determined or living wage,100,,100.0,number
"University of California, Berkeley",PA-13,PA,Social,Pay Equity and Living Wage,,Points earned for indicator PA 13.3,1,,1.0,number
"University of California, Berkeley",PA-13,PA,Social,Pay Equity and Living Wage,,Notes about the information provided for this credit,"Sources: Russell Chung, Chief Procurement Officer Jesse Arp, Project Analyst Scott Dinkenspiel, Director of Compensation",,,text
"University of California, Berkeley",PA-13,PA,Social,Pay Equity and Living Wage,,Additional documentation for this credit,,,,not_reported
"University of California, Berkeley",IL-1,IL,Bonus,Reporting Assurance,,Has a peer reviewer or third party assurance provider provided affirmation that all of the information in the report is reported in accordance with credit criteria?,No,,,boolean
"University of California, Berkeley",IL-1,IL,Bonus,Reporting Assurance,,Letter of affirmation from the peer reviewer or third party assurance provider that all of the information in the institution’s current STARS report is reported in accordance with credit criteria,,,,not_reported
"University of California, Berkeley",IL-1,IL,Bonus,Reporting Assurance,,Has the institution completed its own comprehensive independent review process to identify and resolve inconsistencies and errors in its current STARS report prior to submitting it to AASHE?,Yes,,,boolean
"University of California, Berkeley",IL-1,IL,Bonus,Reporting Assurance,,Narrative outlining the institution’s review process,"Yes, UC Berkeley conducted a comprehensive independent review process for the current STARS report. The review was carried out by two individuals with relevant expertise: Alina Hastenberg , Climate Action and Resilience Fellow, who provided detailed oversight of data consistency and accuracy. Kyle Gibson , Director of Communications, who reviewed the report for clarity, alignment, and coherence. This dual-review process ensured a thorough evaluation of the report to identify and address any inconsistencies or errors before submission",,,text_long
"University of California, Berkeley",IL-1,IL,Bonus,Reporting Assurance,,"Name, title, and organizational affiliation of each reviewer","Alina Halstenberg, Climate ACtion and Resilience Fellow, alinahalstenberg@berkeley.edu Kyle Gibson, Director of Communications, kyle.gibson@berkeley.edu",,,text
"University of California, Berkeley",IL-1,IL,Bonus,Reporting Assurance,,Completed STARS Review Template,Alina_Halstenberg_Completed_Copy_of_STARS_3.0_Review_Template_UCB.xlsx,,,text
"University of California, Berkeley",IL-1,IL,Bonus,Reporting Assurance,,Completed STARS Review Template (second review),,,,not_reported
"University of California, Berkeley",IL-1,IL,Bonus,Reporting Assurance,,Completed STARS Review Template (third review),,,,not_reported
"University of California, Berkeley",IL-1,IL,Bonus,Reporting Assurance,,Notes about the information provided for this credit,,,,not_reported
"University of California, Berkeley",IL-1,IL,Bonus,Reporting Assurance,,Additional documentation for this credit,,,,not_reported
"University of California, Berkeley",IL-2,IL,Bonus,Data Quality Certificate,,Do one or more of the individuals who are leading the institution’s STARS data collection process hold a valid STARS 3.0 Data Quality Certificate from AASHE?,Yes,,,boolean
"University of California, Berkeley",IL-2,IL,Bonus,Data Quality Certificate,,List of certificate-holding individuals leading the institution’s data collection process,"Marina Zdobnova, Sustainability Data and Program Manager",,,text
"University of California, Berkeley",IL-2,IL,Bonus,Data Quality Certificate,,Do one or more of the individuals who have completed a comprehensive review of the current STARS report hold a valid STARS 3.0 Data Quality Certificate from AASHE?,No,,,boolean
"University of California, Berkeley",IL-2,IL,Bonus,Data Quality Certificate,,List of certificate-holding individuals who have completed a comprehensive review of the current STARS report,,,,not_reported
"University of California, Berkeley",IL-2,IL,Bonus,Data Quality Certificate,,Notes about the information provided for this credit,AASHE Documentation,,,text
"University of California, Berkeley",IL-2,IL,Bonus,Data Quality Certificate,,Additional documentation for this credit,,,,not_reported
"University of California, Berkeley",IL-4,IL,Bonus,Sustainability Course Designation,,Does the institution formally designate sustainability course offerings from multiple academic departments or units in its official course catalog or listings?,Yes,,,boolean
"University of California, Berkeley",IL-4,IL,Bonus,Sustainability Course Designation,,Description of the sustainability course designation program,"Students can filter the official UC Berkeley course catalog by the Humanities & Environment Course Thread offerings. The Humanities & Environment Course Thread promotes new approaches to understanding the ways that humans imagine, represent, and interact with the natural world. Students explore challenging questions about how our imagined relations with the natural world have contributed to our strained relations with the environment. The Humanities and Environment Thread links courses in a wide array of departments across the humanities and the social sciences that offer a variety of methodological and thematic approaches to the humanistic study of our places in and our transformations of the natural world.",,,text_long
"University of California, Berkeley",IL-4,IL,Bonus,Sustainability Course Designation,,Published course catalog where the sustainability course designations appear,,,,not_reported
"University of California, Berkeley",IL-4,IL,Bonus,Sustainability Course Designation,,Official online listings where the sustainability course designations appear,https://classes.berkeley.edu/search/class/?f%5B0%5D=sm_course_thread%3AHumanities%20%26%20Environment,,,url
"University of California, Berkeley",IL-4,IL,Bonus,Sustainability Course Designation,,Notes about the information provided for this credit,Office of Sustainability,,,text
"University of California, Berkeley",IL-4,IL,Bonus,Sustainability Course Designation,,Additional documentation for this credit,,,,not_reported
"University of California, Berkeley",IL-10,IL,Bonus,Green Athletics Program,,Does the institution have or participate in a green athletics program?,Yes,,,boolean
"University of California, Berkeley",IL-10,IL,Bonus,Green Athletics Program,,"Narrative and/or website URL outlining the sustainability criteria or standards by which the institution’s athletic events, departments, and/or teams are assessed","UC Berkeley became a member of the Green Sports Alliance in May 2014 through the sponsorship of the Beverage Alliance. UC Berkeley’s football stadium, Memorial Stadium, is designated a zero waste stadium and is also LEED-certified Silver. To that end, the Athletics Sustainability Fellows and Cal Zero Waste partnered with Cal Athletics to ensure the stadium has the necessary zero waste bins and signage. Zero waste education, outreach, and fan engagement are critical strategies deployed by ZWRC to promote upstream behavior changes in community members. ZWRC, CRRS, and SERC have partnered on UC Berkeley’s participation in the annual RecycleMania Game Day Challenge since 2013 and the Green Sports Alliance Game Day Challenge since 2015. Pre-game best practices include collaboration with concessions to ensure all items sold are compostable or recyclable, developing an educational video to be shown during the game and an educational game to be played by fans during halftime, and installing zero waste reduction bins and signs throughout the basketball Pavilion. Game day best practices include student “trash talkers” assisting fans with waste diversion and sorting, educational tabling through the Pavilion and Stadium, and providing bins to collect used pom-poms and fan items for reuse at future games. After being very successful in the Pac-12's yearly gameday sustainability competitions, the University is excited to move into the ACC and be a partner in the ACC Sports Sustainability program. This year UC Berkeley has partnered with r.World on the use of the r.Cup at all California Memorial Stadium beverage point of sale locations. The r.Cup program significantly reduces single-use plastics and offers a reusable cup that fans purchase, drink and leave on site. Staff then pick up all the cups, have them washed and a new batch arrives the following game. Public transportation is highly recommended on football game days. Game day shuttles offer transportation to Memorial Stadium from the downtown Berkeley BART station and nearby campus locations. The UC Berkeley campus has a limited number of parking spaces available so the school encourages public transportation.",,,text_long
"University of California, Berkeley",IL-10,IL,Bonus,Green Athletics Program,,Notes about the information provided for this credit,"Joshua Hummel, Senior Associate Athletics Director - Facilities, Events and Capital Projects, Trademarks and Licensing Department, Zero Waste Elimination Working Group",,,text
"University of California, Berkeley",IL-10,IL,Bonus,Green Athletics Program,,Additional documentation for this credit,,,,not_reported
"University of California, Berkeley",IL-11,IL,Bonus,Green Events Program,,Does the institution have or participate in a green events certification/recognition program?,Yes,,,boolean
"University of California, Berkeley",IL-11,IL,Bonus,Green Events Program,,Narrative and/or website URL outlining the sustainability criteria or standards by which the institution’s events are assessed,https://serc.berkeley.edu/resources/funding/green-event-certification,,,url
"University of California, Berkeley",IL-11,IL,Bonus,Green Events Program,,Has the institution held one or more qualifying green events within the previous three years?,Yes,,,boolean
"University of California, Berkeley",IL-11,IL,Bonus,Green Events Program,,Narrative and/or website URL providing an overview of at least one qualifying green event,"On October 12, 2024, FEED (Food, Equity, Entrepreneurship, and Development) organized a panel discussion featuring industry professionals from the sustainable food sector. The event's goals are: 1. Discuss sustainable practices in the food industry. 2. Promote environmental justice and equity in food systems. 3. Inspire students to pursue careers in sustainable food entrepreneurship. The funds were allocated specifically towards: 1. Sustainable Catering: Plant-Based Snacks and Beverages: We will source locally produced, organic, plant-based snacks and beverages from vendors who prioritize sustainable and ethical practices. This not only reduces the environmental impact associated with animal agriculture but also supports local businesses committed to sustainability. 2. Reusable and Compostable Utensils and Dishware: Reusable Items: We plan to invest in reusable plates, cups, and utensils for the event. These items will be carefully cleaned and stored for use in future events, promoting a culture of reuse within our organization. If reusable items are not feasible due to logistical constraints, we will opt for compostable alternatives made from sustainable materials like bamboo or sugarcane fiber. 3. Sustainable Outreach Materials: Digital Promotion and Resources: To minimize paper waste, we will allocate funds toward enhancing our digital outreach efforts. This includes creating engaging online promotional materials and utilizing platforms that reduce the need for printed flyers or brochures. At the event, we will use QR codes for agendas, speaker biographies, and feedback forms, encouraging attendees to access information digitally.",,,text_long
"University of California, Berkeley",IL-11,IL,Bonus,Green Events Program,,Notes about the information provided for this credit,TGIF,,,text
"University of California, Berkeley",IL-11,IL,Bonus,Green Events Program,,Additional documentation for this credit,,,,not_reported
"University of California, Berkeley",IL-12,IL,Bonus,Green Laboratory Program,,Percentage of laboratories certified by My Green Lab or an equivalent green laboratory program,1 to 24,,,text
"University of California, Berkeley",IL-12,IL,Bonus,Green Laboratory Program,,Narrative and/or website URL providing information about the institution’s green laboratory certifications,"The Green Labs Program was created to improve sustainable practices within research and teaching labs on campus with the goal to incorporate the use of water reduction, waste elimination and energy saving technology, along with actions and procurement strategies for researchers, instructors, and lab spaces. The Green Labs Certification Program recognizes laboratories for their implementation of sustainability and efficiency practices. Labs are able to achieve credits in the areas of Energy Efficiency, Water Efficiency, Waste Reduction, Chemicals, Purchasing, and Education, and evaluate potential areas of improvement. The new studio certification program encompasses traditional and non-traditional chemical or engineering labs, and may include design studios, architecture programs, electronics, robotics, prototyping, 3D printing and fabrication shops. In May 2020 the campus produced its first Green Labs Action Plan. The Plan identifies short and longer-term initiatives to improve sustainable practices - such as water reduction, waste elimination, energy saving technology, engagement and procurement strategies - in campus lab and research spaces. Participating laboratories will collaborate within the campus labs community to bring innovation and creativity to the certification program, and will support the Chancellor’s Advisory Committee on Sustainability’s (CACS) efforts towards a more sustainable UC Berkeley. CACS (sustainability.berkeley.edu/cacs) has identified a list of sustainable actions that can be implemented by labs to satisfy the requirements for a Green Certified Laboratory. Certification is awarded through a points system. Certification stands for 2 years; criteria and requirements may change over time. Periodic check-ins between the lab and Green Labs Certification student representative will be required. Under energy conservation and efficiency, the program requires labs to use shared freezers and refrigerators as well as freezers that are Energy Star rated. Lab members must also periodically defrost and clean freezer coils. With water, lab staff and students are encouraged to reduce water consumption and be familiar with the process for reporting any water leaks in pipes or sinks to building managers. With chemical use and disposal, labs are asked to minimize chemical waste by routinely inventorying which chemicals are used, stored and created in the lab, as well as to donate surplus chemicals and store and secure chemicals in locations approved by Environmental Health & Safety. Under materials management, labs are required to return, reuse or recycle envelopes, boxes and packaging material whenever possible. Labs are also advised to use rechargeable batteries where possible and reuse disposable plastic and glass items. Finally, labs are required to post a sustainable practices fact sheet, discuss green practices at regular team meetings and assign a lab member to oversee recycling and sash closures.",,,text_long
"University of California, Berkeley",IL-12,IL,Bonus,Green Laboratory Program,,Notes about the information provided for this credit,https://docs.google.com/spreadsheets/d/1EpLqhYNXVHec-iku-E0uzvOSJcnxisdH/edit?usp=sharing&ouid=105826157914045237014&rtpof=true&sd=true,,,url
"University of California, Berkeley",IL-12,IL,Bonus,Green Laboratory Program,,Additional documentation for this credit,,,,not_reported
"University of California, Berkeley",IL-14,IL,Bonus,Addressing Historic Injustices,,"Has the institution taken steps to publicly acknowledge and address its historic involvement in slavery, land theft, and/or other injustices?",Yes,,,boolean
"University of California, Berkeley",IL-14,IL,Bonus,Addressing Historic Injustices,,Narrative and/or website URL outlining the steps take to acknowledge and address the institution’s historic involvement in injustices,https://cejce.berkeley.edu/ohloneland https://nagpra.berkeley.edu/uc-nagpra-policy,,,url
"University of California, Berkeley",IL-14,IL,Bonus,Addressing Historic Injustices,,"Has the institution partnered with the communities impacted by its historic involvement in injustices to develop and implement a program of atonement, reparation, or repatriation?",Yes,,,boolean
"University of California, Berkeley",IL-14,IL,Bonus,Addressing Historic Injustices,,"Narrative and/or website URL outlining the institution’s partnerships to structure a formal atonement, reparation, or repatriation program",https://ucnet.universityofcalifornia.edu/employee-news/uc-people-vincent-medina-louis-trevino-ohlone/,,,url
"University of California, Berkeley",IL-14,IL,Bonus,Addressing Historic Injustices,,Notes about the information provided for this credit,Center for Educationl Justice and Community Engagement,,,text
"University of California, Berkeley",IL-14,IL,Bonus,Addressing Historic Injustices,,Additional documentation for this credit,,,,not_reported
"University of California, Berkeley",IL-22,IL,Bonus,Trademark Licensing Monitoring and Verification,,Is the institution currently a member of a qualifying trademark licensing monitoring and verification organization?,Yes,,,boolean
"University of California, Berkeley",IL-22,IL,Bonus,Trademark Licensing Monitoring and Verification,,Narrative and/or website URL providing information about the institution’s membership of a qualifying trademark licensing monitoring and verification organization,"UC Berkeley is part of the Worker Rights Consortium (WRC), another organization that monitors labor conditions in factories producing university-licensed goods. The WRC focuses on ensuring that factories comply with university codes of conduct, particularly around labor rights. UC Berkeley is a member of the Fair Labor Association (FLA), which qualifies as a trademark licensing monitoring and verification organization. The FLA is an independent nonprofit that promotes fair labor practices in global supply chains, including those related to university-licensed apparel and other products. As a member of the FLA, UC Berkeley works to ensure that the manufacturers producing goods with the university’s trademarks adhere to labor standards, including fair wages, safe working conditions, and the right to unionize. The FLA conducts independent monitoring and verification of factories to ensure compliance with these standards. UC Berkeley requires trademark licensees to be members of the FLA and WRC when applicable. These two organizations give UC Berkeley extra information about supply lines and factory audits. Additionally, UC Berkeley utilizes the Collegiate Licensing Company (CLC) to manage its licensing programs, including marketing, brand protection, and enforcement of labor codes in the production of licensed products.",,,text_long
"University of California, Berkeley",IL-22,IL,Bonus,Trademark Licensing Monitoring and Verification,,Notes about the information provided for this credit,Office of Sustainability,,,text
"University of California, Berkeley",IL-22,IL,Bonus,Trademark Licensing Monitoring and Verification,,Additional documentation for this credit,,,,not_reported
"University of California, Berkeley",IL-24,IL,Bonus,Biodiversity Assessment,,Has the institution conducted a baseline biodiversity assessment that is inclusive of the entire campus?,Yes,,,boolean
"University of California, Berkeley",IL-24,IL,Bonus,Biodiversity Assessment,,Narrative and/or website URL outlining the methodology and results of the institution’s biodiversity assessment,"https://capitalstrategies.berkeley.edu/sites/default/files/uc_berkeley_hill_campus_deir-508.pdf https://capitalstrategies.berkeley.edu/sites/default/files/eir-volume-1.pdf http://cbc.berkeley.edu/ucbfieldstations.htm UC campuses are required to prepare an Environmental Impact Report (EIR) in compliance with the California Environmental Quality Act (CEQA) for their Long Range Development Plans. The Environmental Impact Report methods are extensive, details on the methodology can be found here: https://www.ucop.edu/design-services/resources/ceqa-compliance-planning/index.html The 2021 Long Range Development Plan (LRDP) Environmental Impact Report (EIR) describes its methodology in Section 5.3: Biological resources in the study area were determined through a review of available information, including the 1990 LRDP EIR,1 environmental documents on specific developments on the Campus Park and surrounding areas, and assessments conducted for the Hill Campus. Field reconnaissance surveys were conducted on February 4 and April 22, 2003 for the Campus Park and the two potential development areas in the Hill Campus. The potential impacts of implementation of the 2021 LRDP were then evaluated against this baseline in light of the adequacy of existing programs and proposed LRDP policies intended to protect and enhance sensitive biological resources. https://drive.google.com/file/d/1uADmBUwvjaFtTVIUz9m8k8bPN3Xn53yj/view?usp=sharing",,,url
"University of California, Berkeley",IL-24,IL,Bonus,Biodiversity Assessment,,"List of endangered and vulnerable species with habitats on campus, by level of extinction risk","UC Berkeley's Draft Environmental Impact Report (Draft EIR) for the Wildland Vegetative Fuel Management Plan contains a list of endangered and vulnerable species. - Table 3.5-2 outlines Special-Status Plant Species Known to Occur in the Hill Campus Vicinity and Their Potential for Occurrence in the Plan Area and Identified Treatment Projects. - Table 3.5-3 outlines Special-Status Wildlife Species Known to Occur in the Project Vicinity and Their Potential for Occurrence in the Plan Area https://capitalstrategies.berkeley.edu/sites/default/files/uc_berkeley_hill_campus_deir-508.pdf The Long Range Development Plan (LRDP) Environmental Impact Report (EIR) describes endangered and vulnerable species in Section 5.3 BIOLOGICAL RESOURCES. Biological resources include all flora, fauna and associated habitats (including wetlands) that would be affected by project implementation. https://capitalstrategies.berkeley.edu/sites/default/files/eir-volume-1.pdf",,,text_long
"University of California, Berkeley",IL-24,IL,Bonus,Biodiversity Assessment,,Narrative outlining how the baseline biodiversity assessment is used to protect or positively affect the areas and species identified,"Each of the areas has received repeated assessments to identify endangered and vulnerable species of concern; for example, the Upper Strawberry Creek Watershed is designated habitat for the federally listed Alameda Whipsnake. As mentioned, Codornices Creek is habitat for the threatened Northern California Steelhead and at the Berkeley Global Campus, Richmond, the endangered Ridgeway’s Rail, a marsh bird, continues to sustain a small breeding population under UC Berkeley protective efforts. The Strawberry Creek Restoration Program both protects and restore watershed natural spaces, where guidance and instruction is provided by staff from the Office of Environment, Health & Safety. Over the last two decades, the university has transformed natural areas overwhelmed by invasive plant species back to biodiverse native plant communities, thereby bringing back the basis of unique Northern California ecosystems and food webs. UC Berkeley continues to assess its lands to identify environmentally sensitive areas, as both part of its ongoing planning process as well as in response to changing environmental factors such as prolonged drought and climate change. https://capitalstrategies.berkeley.edu/sites/default/files/uc_berkeley_hill_campus_deir-508.pdf UC Berkeley maintains Long Range Development Plans with an accompanying Environmental Impact Report. These documents lay out the framework by which the university will steward its lands. Both the Office of Environment, Health and Safety and the Department of Facilities Services implement programs to meet the university's goal of protecting environmentally sensitive areas and performing restoration projects where feasible.",,,text_long
"University of California, Berkeley",IL-24,IL,Bonus,Biodiversity Assessment,,Has the institution conducted a less comprehensive biodiversity assessment within the previous three years?,Yes,,,boolean
"University of California, Berkeley",IL-24,IL,Bonus,Biodiversity Assessment,,Description of the institution’s less comprehensive biodiversity assessment,"Frequent visits to these areas by qualified personnel, primarily Campus researchers and staff from the UC Berkeley Office of Environment, Health & Safety (EH&S), are the main means of assessment. However in the course of updating planning documents or complying with the California Environmental Quality Act process for large-scale projects, the university may contract with consulting biologists and other subject matter experts on a particular species of concern. Methodology centers primarily around visual and auditory (bird calls) surveys. The Wildland Vegetative Fuel Management Plan (WVFMP) directs the treatment of vegetation that could become fire fuel within the UC Berkeley Hill Campus (or Plan Area) located east of the Campus Park. It serves as one component of UC Berkeley’s range of actions to substantially reduce wildfire risk and minimize the potential for harmful effects of wildfire on people, property, and natural resources within the Plan Area, as well as on adjacent public and private land and throughout the greater East Bay region. This EIR has been prepared to evaluate the physical environmental effects of the WVFMP, including the Identified Treatment Projects. The Long Range Development Plan has guidelines in place to protect biodiversity. For example, GUIDELINE G.1 PRESERVATION AREAS states: The preservation areas described below and in figure 12 protect the major elements of the campus landscape armature, as well as its most significant historic exterior spaces. No new buildings should intrude into the preservation areas. https://drive.google.com/file/d/1uADmBUwvjaFtTVIUz9m8k8bPN3Xn53yj/view?usp=sharing Table ES-1 of UC Berkeley's Draft Environmental Impact Report (Draft EIR) for the Wildland Vegetative Fuel Management Plan provides a summary of the program-level and project-level environmental impacts potentially resulting from implementation of the overall WVFMP and from implementation of the Identified Treatment Projects, respectively. The table also identifies the level of significance of each impact before mitigation, mitigation measures proposed to reduce impacts, and the level of significance of the impact after implementation of the mitigation measures for the overall WVFMP and the Identified Treatment Projects. https://capitalstrategies.berkeley.edu/sites/default/files/uc_berkeley_hill_campus_deir-508.pdf",,,text_long
"University of California, Berkeley",IL-24,IL,Bonus,Biodiversity Assessment,,Notes about the information provided for this credit,"UC Berkeley's Draft Environmental Impact Report (Draft EIR) for the Wildland Vegetative Fuel Management Plan contains a description of areas of biodiversity importance. Occurrences of sensitive natural communities recorded in the CNDDB and identified during May 2020 surveys are described in Section 3.5, starting on page 19. https://capitalstrategies.berkeley.edu/sites/default/files/uc_berkeley_hill_campus_deir-508.pdf The Long Range Development Plan (LRDP) Environmental Impact Report (EIR) describes areas of biodiversity importance in Section 4.3 BIOLOGICAL RESOURCES. Biological resources include all flora, fauna and associated habitats (including wetlands) that would be affected by project implementation. https://capitalstrategies.berkeley.edu/sites/default/files/eir-volume-1.pdf",,,text_long
"University of California, Berkeley",IL-24,IL,Bonus,Biodiversity Assessment,,Additional documentation for this credit,,,,not_reported
"University of California, Berkeley",IL-25,IL,Bonus,Grounds Certification,,Percentage of managed grounds certified to one or more qualifying organic landscaping or ecological land management standards,75 to 100,,,text
"University of California, Berkeley",IL-25,IL,Bonus,Grounds Certification,,Narrative and/or website URL providing information about the institution’s certified grounds,"UC Berkeley acquired the Gold Level Green Grounds Certification (GOLD) from Re : Wild Your Campus. https://www.rewildyourcampus. org/green-grounds- certification . Re : Wild your campus was formally Herbicide Free CAL and it was started by 2 students and beach volleyball players. They graduated and created a nonprofit that is helping campuses all over the country go organic. Sophia Quinlan Ware, a student worker in the Haas Office of Sustainabiltiy and Climate Change, led the certification initiaitive and completed it in 2024.",,,text_long
"University of California, Berkeley",IL-25,IL,Bonus,Grounds Certification,,Notes about the information provided for this credit,"HAAS School of Business, Facilities Services, Office of Sustainability",,,text
"University of California, Berkeley",IL-25,IL,Bonus,Grounds Certification,,Additional documentation for this credit,,,,not_reported
"University of California, Berkeley",IL-26,IL,Bonus,High Performance Building Certification,,Does the institution have at least one building that is certified at the highest achievable level under a green building rating system?,Yes,,,boolean
"University of California, Berkeley",IL-26,IL,Bonus,High Performance Building Certification,,Narrative and/or website URL providing information about the institution’s certified high performance buildings,https://newsroom.haas.berkeley.edu/chou-hall-earns-trifecta-of-green-building-credentials/,,,url
"University of California, Berkeley",IL-26,IL,Bonus,High Performance Building Certification,,Notes about the information provided for this credit,Office of Sustainability,,,text
"University of California, Berkeley",IL-26,IL,Bonus,High Performance Building Certification,,Additional documentation for this credit,,,,not_reported
"University of California, Berkeley",IL-37,IL,Bonus,Sustainable Dining Recognition,,Percentage of on-site food service establishments formally recognized for leadership in sustainable dining by a qualifying assessment or awards program,75 to 100,,,text
"University of California, Berkeley",IL-37,IL,Bonus,Sustainable Dining Recognition,,Narrative and/or website URL providing information about the formal recognition the institution’s dining services have received for leadership in sustainable dining,https://www.nacufs.org/Membership/Awards/Awards-Gallery#CarbonNeutrality,,,url
"University of California, Berkeley",IL-37,IL,Bonus,Sustainable Dining Recognition,,Notes about the information provided for this credit,Office of Sustainability,,,text
"University of California, Berkeley",IL-37,IL,Bonus,Sustainable Dining Recognition,,Additional documentation for this credit,,,,not_reported
"University of California, Berkeley",IL-43,IL,Bonus,Sustainable Procurement Recognition,,Has the institution been recognized by SPLC for its participation in the SP Assessment program within the previous three years ?,Yes,,,boolean
"University of California, Berkeley",IL-43,IL,Bonus,Sustainable Procurement Recognition,,Narrative and/or website URL providing information about the institution’s recognition by SPLC,UC Berkeley submitted its 2024 SPLC Navigator SP Assessment representing its spend from fiscal year 2024. https://www.sustainablepurchasing.org/splc-navigator Screenshot: https://drive.google.com/file/d/1g4kOFI3TbdErXY4ldNH60eCcS9Q4Tk58/view?usp=drive_link Confirmation Letter from SPLC: https://drive.google.com/file/d/1ir8R6n4yA04zLbi4Sxug7cH4uVCBHYIk/view?usp=sharing UC Berkeley's 2024 Navigator submission has qualified for SPLC's Top 5 Higher Ed sustainable procurement performers!,,,text_long
"University of California, Berkeley",IL-43,IL,Bonus,Sustainable Procurement Recognition,,Notes about the information provided for this credit,Data was provided by the Purchasing Team at UC Berkeley.,,,text
"University of California, Berkeley",IL-43,IL,Bonus,Sustainable Procurement Recognition,,Additional documentation for this credit,,,,not_reported
"University of California, Berkeley",IL-44,IL,Bonus,Zero Waste Certification,,Is the institution zero waste certified under a qualifying program?,Yes,,,boolean
"University of California, Berkeley",IL-44,IL,Bonus,Zero Waste Certification,,"Has the institution earned Bronze-Level badges (or better) in any of the Scope, System, or Program Scores on their Atlas Scorecard?",Yes,,,boolean
"University of California, Berkeley",IL-44,IL,Bonus,Zero Waste Certification,,Narrative and/or website URL providing information about the institution’s zero waste certification or status,"True Zero Waste Certification Chou Hall at the University of California, Berkeley's Haas School of Business is the ifrst academic building in the world to receive the TRUE Zero Waste certifiation at the Platinum level. It also has a LEED Platinum certification for its energy efficient design. Chou Hall achieved this certification by diverting over 90% of its waste from landfills for 12 consecutive months. This was accomplished through waste sorting, composting, and other efforts.",,,text_long
"University of California, Berkeley",IL-44,IL,Bonus,Zero Waste Certification,,Notes about the information provided for this credit,HAAS School of Business,,,text
"University of California, Berkeley",IL-44,IL,Bonus,Zero Waste Certification,,Additional documentation for this credit,,,,not_reported
"University of California, Berkeley",IL-45,IL,Bonus,Bicycle Friendly Recognition,,Is the institution currently recognized for leadership in cycling infrastructure and support by a qualifying program?,Yes,,,boolean
"University of California, Berkeley",IL-45,IL,Bonus,Bicycle Friendly Recognition,,Narrative and/or website URL providing information about the institution’s bicycle friendly recognition,"Gold rating from League of American Bicyclists ""Bicycle Friendly University"". https://news.berkeley.edu/2017/11/13/bike-friendly-campus-award/",,,text
"University of California, Berkeley",IL-45,IL,Bonus,Bicycle Friendly Recognition,,Notes about the information provided for this credit,Office of Sustainability,,,text
"University of California, Berkeley",IL-45,IL,Bonus,Bicycle Friendly Recognition,,Additional documentation for this credit,,,,not_reported
"University of California, Berkeley",IL-48,IL,Bonus,Shared Mobility Program,,Does the institution have a program designed to incentivize the use of public transportation?,Yes,,,boolean
"University of California, Berkeley",IL-48,IL,Bonus,Shared Mobility Program,,Description of the institution’s programs designed to incentivize the use of public transportation,"Student bus pass for all students, $10 and $20 subsidy for employees to ride public transportation. Daily parking option to provide easy option to switch to public transport, payroll deduction for transit.",,,text_long
"University of California, Berkeley",IL-48,IL,Bonus,Shared Mobility Program,,Does the institution have a bicycle or scooter sharing program?,Yes,,,boolean
"University of California, Berkeley",IL-48,IL,Bonus,Shared Mobility Program,,Description of the institution’s bicycle or scooter sharing program,"UC Berkeley is proud to bring bikesharing onto campus. Students, Faculty, and Staff can now utilize one more new option to not only travel around campus (door-to-door), but could also explore the Bay Area. With over 3,000 bikes in 250+ stations, Bay Wheels is the regional BikeShare System designed to connect Berkeley with four other cities (Oakland, Emeryville, San Francisco, and San Jose). Discounted rates are available for staff and students, with an additional discount for EOP students. https://pt.berkeley.edu/Baywheels",,,text_long
"University of California, Berkeley",IL-48,IL,Bonus,Shared Mobility Program,,Does the institution have a car sharing or carpool program?,Yes,,,boolean
"University of California, Berkeley",IL-48,IL,Bonus,Shared Mobility Program,,Description of the institution’s car sharing or carpool program,"UC Berkeley has a variety of car sharing services on, or just adjacent to campus. Each service provides its members with short‐term car rentals where some have dedicated spaces where you must return the vehicles; another is designed for one-way travel. Each car-sharing service offers its own unique fee structure, eligibility requirements and philosophies. UC Berkeley partners with Zipcar for discounted mermbership. Providers offer a program for students ages 18 to 21, to serve a younger population that is sometimes aren’t eligible for rental cars. https://pt.berkeley.edu/carshare",,,text_long
"University of California, Berkeley",IL-48,IL,Bonus,Shared Mobility Program,,Notes about the information provided for this credit,"TGIF, Transportation Office, Office of Sustainabiltiy",,,text
"University of California, Berkeley",IL-48,IL,Bonus,Shared Mobility Program,,Additional documentation for this credit,,,,not_reported
"University of California, Berkeley",IL-51,IL,Bonus,Sustainability Projects Fund,,Does the institution have a dedicated fund to support campus sustainability projects that is ongoing and includes a multi-stakeholder decision-making process to determine which projects receive funding?,Yes,,,boolean
"University of California, Berkeley",IL-51,IL,Bonus,Sustainability Projects Fund,,Name of the institution’s sustainability projects fund,The Green Initiative Fund,,,text
"University of California, Berkeley",IL-51,IL,Bonus,Sustainability Projects Fund,,Which of the following best describes the primary source of funding for the sustainability projects fund?,Student fees,,,text
"University of California, Berkeley",IL-51,IL,Bonus,Sustainability Projects Fund,,Year the institution’s sustainability projects fund was established,2007,,2007.0,year
"University of California, Berkeley",IL-51,IL,Bonus,Sustainability Projects Fund,,Narrative and/or website URL providing an overview of the institution’s sustainability projects fund,"The Green Initiative Fund (TGIF) is UC Berkeley’s Campus Green Fund. TGIF provides funding, via grants, for projects that improve and support UC Berkeley’s campus sustainability efforts. TGIF allocates funds to projects that promote sustainable modes of transportation, increase energy and water efficiency, restore habitat, promote environmental and food justice, and reduce the amount of waste created by UC Berkeley. Portions of the fund also support education & behavior change initiatives, student financial aid (via return to aid), and student internships. Students, faculty, and staff may submit project proposals, which are selected for funding by the annually-appointed TGIF Committee, consisting of students, faculty, and staff, on which the students have the majority vote. https://tgif.berkeley.edu/",,,text_long
"University of California, Berkeley",IL-51,IL,Bonus,Sustainability Projects Fund,,Narrative outlining the multi-stakeholder decision-making process used to determine which projects receive funding through the sustainability projects fund,"TGIF is administered by the TGIF Committee and the TGIF Coordinator. The Committee’s voting members include one student representative each from the ASUC, Graduate Assembly, and 2 application-based at-large representatives, in addition to a representative each from Capital Strategies, Administration, and Faculty. Non-voting members include a representative from the Committee on Student Fees, ex-officios from the Office of Sustainability, Energy Office, and the SERC Director.",,,text_long
"University of California, Berkeley",IL-51,IL,Bonus,Sustainability Projects Fund,,Notes about the information provided for this credit,Office of Sustainabiltiy,,,text
"University of California, Berkeley",IL-51,IL,Bonus,Sustainability Projects Fund,,Additional documentation for this credit,,,,not_reported
"University of California, Berkeley",IL-54,IL,Bonus,Sustainable Retirement Plan,,Does the institution’s employee retirement plan include one or more funds with a sustainability or ESG focus?,Yes,,,boolean
"University of California, Berkeley",IL-54,IL,Bonus,Sustainable Retirement Plan,,Narrative and/or website URL providing an overview of the sustainability or ESG focused funds included in the institution’s employee retirement plan,"The $39 billion UC Retirement Savings Plan (UCRSP) is the second largest in the USA, behind that of the federal government. When investing their defined contribution funds, employees may choose from an investment fund line up of 26 fund options, all of which negatively screen fossil fuel, tobacco, private prisons and firearms companies. The only way for participants to buy securities from these sectors is to opt out of the default options. One of the 26 investment options offered to employees in the UCRSP provides a specific focus on sustainability - the UC Social Equity Fund, which seeks to track the performance of a benchmark index that measures the investment return of socially screened large- and mid-capitalization stocks. Like the other 26 investment options, the UC Social Equity Fund also negatively screens certain sectors, as described above. For information on the UC Social Equity Fund visit: https://fwc.widen.net/s/rzbsk5bgkz/uc-social-equity For information on negative screening on fossil fuel companies see: https://fwc.widen.net/s/5gjfkw7qgm/frequently-asked-questions_final For information on the 26 fund options visit: https://fwc.widen.net/s/mm26lwlbbb/ucfundfactsheetpdf0124 The following Statement on Sustainability is included in all 26 fund options: “As reflected in the UCRSP Investment Policy Statement (IPS) of the UC Board of Regents, UC Investments incorporates “environmental sustainability, social responsibility, and governance (ESG) into the investment evaluation process as part of its overall risk assessment in its investments decision making. ESG factors are considered with the same weight as other material risk factors influencing investment decision making.” In cases in which the Chief Investment Officer finds that investment risks negatively impact investment returns, he may screen out certain companies or sectors. Such companies and sectors, include, for example, companies that manufacture civil firearms; operate private prisons; or own fossil fuel reserves. The UC Chief Investment Officer, in his fiduciary duty, has determined that companies that own fossil fuel reserves face, in the long run, strong secular headwinds for demand, continued price volatility and declining profitability. Removing fossil fuel reserve owning companies from the fund will reduce material risks and therefore have a positive long-term effect. This decision for the fund is consistent with the “de-risking” strategy already undertaken in the UC Pension and Endowment. In selecting and monitoring the type of companies included in the funds, the fund managers are responsible for complying with UC Investments’ screens. Mutual funds and collective investment trusts that include assets from other organizations are not subject to UC Investments' screens.” For more information on the UCRSP IPS visit: https://regents.universityofcalifornia.edu/policies/6111.pdf",,,text_long
"University of California, Berkeley",IL-54,IL,Bonus,Sustainable Retirement Plan,,Notes about the information provided for this credit,"More information about the UC Investment program can be found in the Investment Office’s annual report: https://www.ucop.edu/investment-office/annual-report-240923_ucar24_final.pdf More information on UC’s retirement savings plan can be found at: https://myucretirement.com/resources/articles/0038 All information for this credit was provided by the University of California Office of the Chief Investment Officer in February 2025 based on data from the July 1, 2023-June 30, 2024 fiscal year.",,,text_long
"University of California, Berkeley",IL-54,IL,Bonus,Sustainable Retirement Plan,,Additional documentation for this credit,,,,not_reported
"University of California, Berkeley",IL-56,IL,Bonus,Open and Shared Course Materials,,Does the institution host a peer-to-peer exchange program or lending library that is explicitly designed to ensure that students in financial need have access to required course material?,Yes,,,boolean
"University of California, Berkeley",IL-56,IL,Bonus,Open and Shared Course Materials,,Narrative and/or website URL providing an overview of the peer-to-peer course materials exchange program or lending library,"The Higher Education Opportunity Act (HEOA) has provisions to reduce costs to students while supporting instructors' ability to select high-quality course materials. HEOA requires that course book information be made available to students before they enroll in a course. UC Berkeley complies with HEOA by asking faculty to submit book orders to the Cal Student Store even in cases where faculty place orders with independent bookstores, so they can be listed in the course catalogue. Providing book lists to the Cal Student Store, regardless of where books are ordered, also makes it possible for the store to buy back books at the end of the semester and offer them at a discount in the future. Link to rent textbooks from the Cal Student Store: https://calstudentstore.berkeley.edu/textbooks Library Pilot Programs In cooperation with the Center for Teaching & Learning, Associated Students of the University of California, and Educational Technology Services, the Library launched a pilot for 2017-2018 to explore how we might reduce student costs for assigned course materials. The pilot tested, at limited scale, three Library-led services intended to help reduce the costs of assigned course content for Berkeley students, while also allowing the Library to gauge feasibility and efficiency were those services expanded. - Course Packs: The Library enabled instructors to create free and electronic course readers in lieu of instructors requiring students to purchase print copies from third-party vendors. - eBook Swaps: The Library acquired unlimited user licenses for books that the instructors would otherwise have required students to purchase in print. - Open educational resources (OERs): The Library and Center for Teaching and Learning supported instructors in shifting from traditional textbooks to OERs (online and free to read and reuse). The Library received financial support for our participation in the pilot programs from The Arcadia Fund. Over the course of the three pilot semesters (Fall 2017, Spring 2018, and Fall 2018), the Library supported over 40 courses, representing approximately 2400 students. We have estimated potential student savings of over $200,000 for the pilot period alone! Open Textbook Network The UC Berkeley Library has also strengthened its commitment to making course materials more affordable for students by joining the Open Textbook Network, which supports access to freely available and openly licensed textbooks and course content. Berkeley will work with the Open Textbook Network to advance the use of open practices on campus by offering resources and workshops to explain and expand adoption of open textbooks. Not only do open educational resources reduce student costs, but also they have a positive impact on student success by providing access to assigned course materials from the very start of class. The Open Textbook Network also maintains the Open Textbook Library, a premiere resource for peer-reviewed academic textbooks. All Open Textbook Library textbooks are free and openly licensed for use, adaption or modification. Berkeley Library Guide to Open, Free, & Affordable Course Materials: https://guides.lib.berkeley.edu/c.php?g=623949&p=4347647",,,text_long
"University of California, Berkeley",IL-56,IL,Bonus,Open and Shared Course Materials,,"Does the institution provide incentives for academic employees that explicitly encourage the authorship, peer review, and/or adoption of open educational resources?",Yes,,,boolean
"University of California, Berkeley",IL-56,IL,Bonus,Open and Shared Course Materials,,Narrative and/or website URL that provides an overview of the institution’s incentives for open educational resources,"OA Books We provide support and solutions for UC Berkeley authors to create, publish, host, and find open or affordable course content for use in the classroom and beyond. While many scholars in the humanities and social sciences publish in OA journals, they also publish scholarly books, termed “monographs”. These books become a critical component of professional credentialing, yet their readership is limited by the same kinds of access barriers endemic to subscription-based journals: The scholarly books are quite expensive, and increasingly fewer libraries can afford to purchase them. University presses’ funding models for financing OA books are innovative and evolving. UC Press’ Luminos program (https://www.luminosoa.org/), for instance, is formulated as a partnership in which costs and benefits are shared by member organizations. Many academic publishers also offer a print or print-on-demand version of the book for sale to readers who prefer hard copies, further enabling cost recovery through traditional print sales. At their core, most OA book funding models typically charge academic authors the equivalent of an APC. Given the greater investment needed to create and edit longer and more complex manuscripts, the book processing charges (BPCs) can range upwards of $7000. At UC Berkeley, we can help subsidize those fees through our BRII program so that authors' out-of-pocket is zero or substantially reduced--with the upshot being that the resulting literature is available to all. We can also help you create an open book for free, using platforms like PressbooksEDU. https://www.lib.berkeley.edu/scholarly-communication/open-access-publishing/what-is-open-access Get money for article or book processing charges: The Berkeley Research Impact Initiative (BRII) supports open access book charges. By expanding BRII to also cover the publishing fees for OA books, BRII can help Berkeley authors publish long-form scholarship that can be read by anyone at no cost. BRII covers up to $10,000 of a BPC. These digital editions of peer-reviewed and professionally edited OA books typically offer readers more than just the text itself. Digital monographs can also incorporate multimedia with the text, include annotation and commenting tools, and provide platforms that further encourage the development of innovative scholarship. https://guides.lib.berkeley.edu/brii https://www.lib.berkeley.edu/scholarly-communication/publish-open-access-uc-berkeley Create an open book: The UC Berkeley Open Book Publishing Platform offers the Pressbooks publishing software so that anyone with an active @berkeley.edu email address can create, publish, and host an open textbook or other online works. Pressbooks is a free, easy, and professional self-publishing platform to create an open textbook or any other online resource in minutes. Pressbooks features professionally-designed templates, flexible and customizable licensing, and tools to maximize accessibility. This platform is administered by the UC Berkeley Library’s Office of Scholarly Communication Services. Pressbooks encourages users to share their book freely under an open license. https://berkeley.pressbooks.pub/ Other platforms In addition to piloting Pressbooks, we are working to develop a platform-agnostic space to host and feature UC Berkeley-created open books made with any number of different digital publishing tools, such as GitBooks, Share LaTeX, Overleaf, and Scalar. We are committed to supporting and providing a full suite of publishing options to meet as many disciplinary and technical needs as possible. https://www.lib.berkeley.edu/scholarly-communication/open-access-publishing/create-open-books",,,text_long
"University of California, Berkeley",IL-56,IL,Bonus,Open and Shared Course Materials,,Notes about the information provided for this credit,Office of Sustainability,,,text
"University of California, Berkeley",IL-56,IL,Bonus,Open and Shared Course Materials,,Additional documentation for this credit,,,,not_reported
"University of California, Berkeley",IL-63,IL,Bonus,Wellness Recognition,,Is the institution formally recognized for its leadership in health and wellness by a qualifying assessment or awards program?,Yes,,,boolean
"University of California, Berkeley",IL-63,IL,Bonus,Wellness Recognition,,Narrative and/or website URL providing an overview of the institution’s wellness recognition,2023 American Heart Association Workforce Wellbeing Scorecard Recognition https://myemail.constantcontact.com/December-2023-Wellness-Newsletter.html?soid=1103595218512&aid=ribbGs2WAS4,,,text
"University of California, Berkeley",IL-63,IL,Bonus,Wellness Recognition,,Notes about the information provided for this credit,Office of Sustainability,,,text
"University of California, Berkeley",IL-63,IL,Bonus,Wellness Recognition,,Additional documentation for this credit,,,,not_reported
"University of California, Berkeley",IL-64,IL,Bonus,Workplace Recognition,,Is the institution formally recognized for leadership by a qualifying workplace assessment or awards program?,Yes,,,boolean
"University of California, Berkeley",IL-64,IL,Bonus,Workplace Recognition,,Narrative and/or website URL providing an overview of the institution’s workplace recognition,"Forbes' America’s Best Employers: UC Berkeley has appeared in Forbes' annual list of America’s Best Employers. This recognition is based on employee feedback and workplace assessments, acknowledging organizations that excel in various areas such as diversity, leadership, work-life balance, and employee satisfaction. Diversity Awards: UC Berkeley has received multiple awards for its commitment to diversity and inclusion. For example, the university has been recognized by organizations such as INSIGHT Into Diversity for its leadership in promoting a diverse and inclusive workplace through programs and policies that support equity and access. Sustainability Leadership: UC Berkeley is recognized as a leader in sustainability, both in its academic programs and its operational practices. The university consistently earns Platinum or Gold ratings from the AASHE STARS (Sustainability Tracking, Assessment & Rating System), which evaluates sustainability performance across various sectors, including operations, planning, and employee engagement. Healthy Campus Network: UC Berkeley is part of the University of California Healthy Campus Network, which is recognized for its efforts in promoting health and wellness for students, faculty, and staff. This initiative has received praise for its leadership in fostering a healthy work environment.",,,text_long
"University of California, Berkeley",IL-64,IL,Bonus,Workplace Recognition,,Notes about the information provided for this credit,Office of Sustianabiltiy,,,text
"University of California, Berkeley",IL-64,IL,Bonus,Workplace Recognition,,Additional documentation for this credit,,,,not_reported
