institution,credit_code,category,pillar,credit_name,indicator,section,field,value,units,value_numeric,value_type,links
University College Cork,PRE-1,PRE,Preface,Executive Letter,,,Executive cover letter,03.03.26-STARSProgrammeSubmission.pdf,,,text,https://reports.aashe.org/media/secure/989/9/842/8914/03.03.26-STARSProgrammeSubmission.pdf
University College Cork,PRE-1,PRE,Preface,Executive Letter,,,Notes about the information provided for this credit,,,,not_reported,
University College Cork,PRE-2,PRE,Preface,Points of Distinction,,,"Name of the institution’s featured sustainability program, initiative, or accomplishment",UCC Green Campus Programme,,,text,
University College Cork,PRE-2,PRE,Preface,Points of Distinction,,,"Narrative and/or website URL providing an overview of the institution’s featured program initiative, or accomplishment","In 2010, UCC was the first university in the world to be awarded a Green Flag from the Foundation for Environmental Education. In 2023, we were the first University globally to renew our Green Flag for the 5th time. The combination of bottom-up activism from our student community and top down commitment from University leadership has been key to our success. The programme was started by students that wanted to have a say in environmental management on campus. They made contact with the national operator of the Green Flag programme in Ireland and university management and agreed a pilot Green Campus initiative. The UCC Green Campus committee is co-chaired by a member of the UCC Environmental Society and the Students Union Environmental and Sustainability Rep; it has membership from staff and students and meets regularly throughout the year to design new projects and campaigns. Sustainability is now at the core of UCC’s strategies and values, and the Green Campus programme is seen as an exemplar in driving cultural change.",,,text_long,
University College Cork,PRE-2,PRE,Preface,Points of Distinction,,,"A photograph or document associated with the featured program, initiative, or accomplishment",Protest.jfif,,,text,https://reports.aashe.org/media/secure/989/9/843/8918/Protest.jfif
University College Cork,PRE-2,PRE,Preface,Points of Distinction,,,"Name of a second featured sustainability program, initiative, or accomplishment",UCC ESD Integration,,,text,
University College Cork,PRE-2,PRE,Preface,Points of Distinction,,,"Narrative and/or website URL providing an overview of the second featured program initiative, or accomplishment","At UCC, Education for Sustainable Development presents multiple entry points for staff: some connect naturally with the SDGs, while others work through the lens of competencies such as systems thinking, critical reflection, or normative values. In 2024 the University appointed its first ESD Officer, based within the Office for the Integration of Research, Teaching and Learning. The Officer supports teaching staff to identify opportunities for ESD integration. Their work is complemented by dedicated resources developed at UCC including the SDG teaching toolkit: https://www.ucc.ie/en/sdg-toolkit/ Pedagogically, UCC emphasises transformative learning through the “head, heart, and hands” model—building knowledge, engaging emotions and values, and enabling practical action. This is realised through methods such as case-based learning, project-based learning, cooperative inquiry, and community-based research. Examples including postgraduate modules in community-based participatory research, where students co-design projects with local organisations, and creative approaches in the humanities, such as applying sustainability frameworks to the study of German literature. Mapping exercises reveal that 75% of UCC’s undergraduate programmes now explicitly reference the SDGs, particularly Goals 3, 4, and 5. This stepwise integration—ranging from introductory engagement to full programme design—shows how ESD can be embedded progressively across disciplines. In 2024, UCC also required all Programme Directors to include the SDGs that their courses cover when completing their course details on Courseleaf. A presentation on thesea aspects can be found here: https://pressbooks.oer.ie/hea-esd-spotlight-series-case-studies-compendium/chapter/esd-in-action-practices-and-approaches-at-ucc/",,,text_long,https://www.ucc.ie/en/sdg-toolkit/ https://pressbooks.oer.ie/hea-esd-spotlight-series-case-studies-compendium/chapter/esd-in-action-practices-and-approaches-at-ucc/
University College Cork,PRE-2,PRE,Preface,Points of Distinction,,,"A photograph or document associated with the second featured program, initiative, or accomplishment",,,,not_reported,
University College Cork,PRE-2,PRE,Preface,Points of Distinction,,,"Name of a third featured sustainability program, initiative, or accomplishment",SDSN Ireland,,,text,
University College Cork,PRE-2,PRE,Preface,Points of Distinction,,,"Narrative and/or website URL providing an overview of the third featured program initiative, or accomplishment","In Febraury 2022, UCC together with Queen's University Belfast launched SDSN Ireland, an all island network aimed at leveraging HEIs and NGOs across the island of Ireland to accelerate implementation of the 2030 Agenda and its SDGs. SDSN Ireland members collaborate to co-create and implement integrated solutions that drive SDG progress, with a strong focus on accelerating policy development and tangible impact. This includes fostering cooperation between the North and South of Ireland to maximize outcomes. Three thematic groups have been formed, on the subjects of ""Research and Policy"", ""Arts and Sustainability"" and ""Zero Carbon Campus"". On Tuesday 2 December, SDSN Ireland and University College Cork supported the 2nd National SDG Stakeholder Forum of 2025 under the banner “SDG Localisation – SDGs Working Locally”. This hybrid event, hosted the Government of Ireland’s Department of Climate, Energy and Environment, brought together policymakers, academics, community stakeholders and civil society from across Ireland with a shared focus: how to turn global ambitions into real local impact. The day of presentations, panel discussions and interactive workshops underscored the urgent need to root the 2030 Agenda for Sustainable Development in local communities — putting the “global” into locally meaningful action.",,,text_long,
University College Cork,PRE-2,PRE,Preface,Points of Distinction,,,"A photograph or document associated with the third featured program, initiative, or accomplishment",,,,not_reported,
University College Cork,PRE-2,PRE,Preface,Points of Distinction,,,Notes about the information provided for this credit,,,,not_reported,
University College Cork,PRE-3,PRE,Preface,Institutional Characteristics,,,Institution type,Doctoral/Research,,,text,
University College Cork,PRE-3,PRE,Preface,Institutional Characteristics,,,Institutional control,Public,,,text,
University College Cork,PRE-3,PRE,Preface,Institutional Characteristics,,,Narrative outlining the institutional boundary used to complete this report,"This submission covers all of UCC main campus and satellite campuses that are under the management of UCC Buildings and Estates office. Subsidiary companies are not included in this submission, these include Campus Accommodation, the Mardyke Arena, the Student Centre and the Irish Management Institute (Dublin). As per guidelines, rented multi-tenant buildings are not included.",,,text_long,
University College Cork,PRE-3,PRE,Preface,Institutional Characteristics,,,Which of the following features are included within the institutional boundary?,Medical school Museum Satellite campus(es),,,text,
University College Cork,PRE-3,PRE,Preface,Institutional Characteristics,,,Locale,Mid-size city,,,text,
University College Cork,PRE-3,PRE,Preface,Institutional Characteristics,,,Climate zone,4 - Mixed,,,text,
University College Cork,PRE-3,PRE,Preface,Institutional Characteristics,,,Gross floor area of building space,"282,364",Square meters,282364.0,number,
University College Cork,PRE-3,PRE,Preface,Institutional Characteristics,,,Full-time equivalent student enrollment,"22,137",,22137.0,number,
University College Cork,PRE-3,PRE,Preface,Institutional Characteristics,,,Full-time equivalent of employees,"3,643",,3643.0,number,
University College Cork,PRE-3,PRE,Preface,Institutional Characteristics,,,Percentage of students that live in campus housing,0.07,,0.07,number,
University College Cork,PRE-3,PRE,Preface,Institutional Characteristics,,,Percentage of students enrolled exclusively in distance education,0.01,,0.01,number,
University College Cork,PRE-3,PRE,Preface,Institutional Characteristics,Optional documentation,,Notes about the information provided for this credit,,,,not_reported,
University College Cork,PRE-3,PRE,Preface,Institutional Characteristics,Optional documentation,,Additional documentation for this credit,,,,not_reported,
University College Cork,PRE-4,PRE,Preface,Reporting Methodologies,,,Narrative outlining the data collection process used in the preparation of this report,"As with previous reports an extensive mapping execise was undertaken to identify parties responsible for each credit. Spreadsheets, credit guidance, and definitions were sent to each responsible party and meetings held to ensure the accuracy of data collected. The process was led by the office of Sustainability and Climate Action, with additional support in data collection provided by the University's Data and Instiutional Research Officer. Regular updates on the data collection process were presented to the University Leadership Team Subcommittee on Sustainability and Climate Action.",,,text_long,
University College Cork,PRE-4,PRE,Preface,Reporting Methodologies,,,List of personnel who led the reporting process,"Dr Maria Kirrane, Head of Sustainability and Climate",,,text,
University College Cork,PRE-4,PRE,Preface,Reporting Methodologies,,,List of additional personnel who contributed to the reporting process,,,,not_reported,
University College Cork,PRE-4,PRE,Preface,Reporting Methodologies,,,Were students involved in the data collection process?,No,,,boolean,
University College Cork,PRE-4,PRE,Preface,Reporting Methodologies,,,Narrative outlining how students were involved in the data collection process,,,,not_reported,
University College Cork,PRE-4,PRE,Preface,Reporting Methodologies,,,Description of the internal data quality controls used in the preparation of this report,"Regular updates on data collection were presented at the University Leadership Team Subcommittee on Sustainability and Climate Action, which is chaired by the University President. Regular meetings were also held with the University's Data and Instiutional Research Officer.",,,text_long,
University College Cork,PRE-4,PRE,Preface,Reporting Methodologies,,,Were any independent audits or external assurance processes used in the preparation of this report?,Yes,,,boolean,
University College Cork,PRE-4,PRE,Preface,Reporting Methodologies,,,Narrative outlining the independent audits or external assurance processes used in the preparation of this report,"Emissions figures were verified by the University's contracted carbon footprint provider, Sustineo.",,,text,
University College Cork,PRE-4,PRE,Preface,Reporting Methodologies,,,Notes about the information provided for this credit,,,,not_reported,
University College Cork,PRE-4,PRE,Preface,Reporting Methodologies,,,Additional documentation for this credit,,,,not_reported,
University College Cork,AC-1,AC,Context,Sustainability Course Offerings,1.1 Percentage of academic departments with sustainability course offerings,,Total number of academic departments that offer courses that may be taken for credit,24,,24.0,number,
University College Cork,AC-1,AC,Context,Sustainability Course Offerings,1.1 Percentage of academic departments with sustainability course offerings,,Number of academic departments with at least one sustainability course offering,24,,24.0,number,
University College Cork,AC-1,AC,Context,Sustainability Course Offerings,1.1 Percentage of academic departments with sustainability course offerings,,Annotated list or inventory of the institution’s sustainability course offerings by department,STARS_Modules.pdf,,,text,https://reports.aashe.org/media/secure/989/9/846/8950/STARS_Modules.pdf
University College Cork,AC-1,AC,Context,Sustainability Course Offerings,1.1 Percentage of academic departments with sustainability course offerings,,Description of the process used to identify the institution’s sustainability course offerings by department,"A keyword search was undertaken using the UCC book of modules and the STARS recommended keywords (as per guidance). The inventory built on previous inventories submitted in earlier STARS applications. A manual check was then undertaken to ensure accuracy. There are 27 distinct ""Schools"" within UCC's 4 main colleges and three of these schools were omitted as they are practice focused i.e. Film and Theatre Studies, School of Clinical Therapies and The Dental School.",,,text_long,
University College Cork,AC-1,AC,Context,Sustainability Course Offerings,1.1 Percentage of academic departments with sustainability course offerings,,Percentage of departments with sustainability course offerings,100,,100.0,number,
University College Cork,AC-1,AC,Context,Sustainability Course Offerings,1.1 Percentage of academic departments with sustainability course offerings,,Points earned for indicator AC 1.1,8,,8.0,number,
University College Cork,AC-1,AC,Context,Sustainability Course Offerings,1.2 Published sustainability course listings,,Does the institution maintain a public multidisciplinary listing of its sustainability course offerings as a resource for current and prospective students?,Yes,,,boolean,
University College Cork,AC-1,AC,Context,Sustainability Course Offerings,1.2 Published sustainability course listings,,Online location where the institution’s sustainability course listings are maintained,https://www.ucc.ie/en/sustainability-climate-action/sdgs/#stars-modules-related-to-sustainability,,,url,https://www.ucc.ie/en/sustainability-climate-action/sdgs/#stars-modules-related-to-sustainability
University College Cork,AC-1,AC,Context,Sustainability Course Offerings,1.2 Published sustainability course listings,,Publication where the institution’s sustainability course listings are maintained,,,,not_reported,
University College Cork,AC-1,AC,Context,Sustainability Course Offerings,1.2 Published sustainability course listings,,Description of the process used to create and maintain the institution’s sustainability course listings,"A keyword search was undertaken using the UCC book of modules and the STARS recommended keywords (as per guidance). The inventory built on previous inventories submitted in earlier STARS applications. A manual check was then undertaken to ensure accuracy. There are 27 distinct ""Schools"" within UCC's 4 main colleges and three of these schools were omitted as they are practice focused i.e. Film and Theatre Studies, School of Clinical Therapies and The Dental School.",,,text_long,
University College Cork,AC-1,AC,Context,Sustainability Course Offerings,1.2 Published sustainability course listings,,Points earned for indicator AC 1.2,3,,3.0,number,
University College Cork,AC-1,AC,Context,Sustainability Course Offerings,1.3 Support for academic staff to integrate sustainability into the curriculum,,Does the institution provide incentives for individual academic staff working to integrate sustainability into the curriculum to pursue relevant professional development and/or training?,Yes,,,boolean,
University College Cork,AC-1,AC,Context,Sustainability Course Offerings,1.3 Support for academic staff to integrate sustainability into the curriculum,,Narrative and/or website URL providing an overview of the incentives provided for individual academic staff to integrate sustainability into the curriculum,"Over the last number of years, the Centre for the integration of teaching and learning have offered financial support through the Strategic Alignment of Teaching and Learning in Higher Education call. Projects are expected to align with one or more of the following themes: Inclusive Learning, Teaching and Assessment Digitally enabled Learning, Teaching and Assessment Education for Sustainable Development Academic Integrity Delivering the Connected Curriculum – connecting students with research, SDGs, employers, entrepreneurship, and the world Applicants are invited to apply for: Smaller ‘seed-funding’ grants of up to €2,000 maximum per application. Larger grant applications for proposals of up to €15,000 maximum per application.",,,text_long,
University College Cork,AC-1,AC,Context,Sustainability Course Offerings,1.3 Support for academic staff to integrate sustainability into the curriculum,,"Does the institution host an ongoing multidisciplinary community of practice, sustainability across the curriculum training program, or equivalent support program for academic staff who are working to integrate sustainability into the curriculum?",Yes,,,boolean,
University College Cork,AC-1,AC,Context,Sustainability Course Offerings,1.3 Support for academic staff to integrate sustainability into the curriculum,,"Narrative and/or website URL providing an overview the institution’s sustainability-focused community of practice, sustainability across the curriculum training program, or equivalent support program","Support for integrating sustainability in the curriculum in UCC has taken a number of form: Desk-based research and consultations with students and staff to shape the design and subsequent development of an online SDG Toolkit for Teaching and Learning and related 90-minute workshop. Consultations with staff and students through the 52 further and higher education partners that comprise the Irish Green Campus network to surface the challenges and opportunities that exist in our current teaching and learning system in relation to integrating a comprehensive Education for Sustainable Development (ESD) curriculum across all third-level education institutes in Ireland Development of a self-paced, flexible professional development offering to support staff to think reflectively, to learn with peers and craft curricula to support the participatory modes of engagement required to effectively integrate the SDGs into assessment, teaching and learning and establish action-oriented approaches. Recruitment of an Education for Sustainable Development Officer to develop and implement a series of initiatives with staff and students to embed education for sustainable development across the curriculum in UCC.",,,text_long,
University College Cork,AC-1,AC,Context,Sustainability Course Offerings,1.3 Support for academic staff to integrate sustainability into the curriculum,,Points earned for indicator AC 1.3,3,,3.0,number,
University College Cork,AC-1,AC,Context,Sustainability Course Offerings,Optional documentation,,Notes about the information provided for this credit,,,,not_reported,
University College Cork,AC-1,AC,Context,Sustainability Course Offerings,Optional documentation,,Additional documentation for this credit,,,,not_reported,
University College Cork,AC-2,AC,Context,Undergraduate Programs,2.1 Institutional sustainability learning outcomes for undergraduate students,,Has the institution established institutional learning outcomes for its undergraduate students?,Yes,,,boolean,
University College Cork,AC-2,AC,Context,Undergraduate Programs,2.1 Institutional sustainability learning outcomes for undergraduate students,,Online resource detailing the institutional learning outcomes for undergraduate students,https://www.ucc.ie/en/graduateattributes/,,,url,https://www.ucc.ie/en/graduateattributes/
University College Cork,AC-2,AC,Context,Undergraduate Programs,2.1 Institutional sustainability learning outcomes for undergraduate students,,Publication detailing the institutional learning outcomes for undergraduate students,,,,not_reported,
University College Cork,AC-2,AC,Context,Undergraduate Programs,2.1 Institutional sustainability learning outcomes for undergraduate students,,Are one or more of the institutional learning outcomes for undergraduate students sustainability-focused?,Yes,,,boolean,
University College Cork,AC-2,AC,Context,Undergraduate Programs,2.1 Institutional sustainability learning outcomes for undergraduate students,,Text of each institutional learning outcome for undergraduate students that qualifies as sustainability-focused,"UCC's Graduate Attributes have been created to allow each college, school and discipline to adopt them and embed them explicitly into the curriculum, and for each Student Experience Unit to encompass and embed within extra-curricular and co-curricular activities. Based on extensive consultation with stakeholders, the following core graduate attributes have been prioritised in UCC: Creators, evaluators and communicators of knowledge Independent and creative thinkers Digitally Fluent Socially Responsible Effective global citizens, who recognise and challenge inequality The last two of these attributes can be defined as sustainability focused. As evidenced in the descriptions on this page https://www.ucc.ie/en/graduateattributes/staff/embeddinggraduateattributes/"", the Socially Responsible attribute helps students to understand that that: ""UCC promotes a focus on creating awareness of how individual disciplines and fields of study all play a role in shaping future outcomes: social, health, environmental, and economic. As a socially responsible graduate, you are able to look at broader issues, community contexts and potential impacts of your field of practice and understand how your actions can enhance the wellbeing of others to make a valuable and sustainable contribution to society. As a socially responsible person, you embrace opportunities to identify, devise and implement just and sustainable solutions to real-life problems in your communities and at a global level."" A number of resources have been provided for students that help them better understand these attributes and an example has been added to the files section. The UCC Office of Sustainability and Climate Action also worked with the Graduate Attributes Programme to develop a GAP for Goals Learning Experience, which specifically outlines how the GAP programme and student experience in UCC can contribute to each of the Sustainable Development Goals. More information on this programme can be found here: https://www.ucc.ie/en/sustainability-climate-action/sdgs/sdgsandgraduateattributes/",,,text_long,https://www.ucc.ie/en/sustainability-climate-action/sdgs/sdgsandgraduateattributes/
University College Cork,AC-2,AC,Context,Undergraduate Programs,2.1 Institutional sustainability learning outcomes for undergraduate students,,Are one or more of the institutional learning outcomes for undergraduate students sustainability-supportive?,Yes,,,boolean,
University College Cork,AC-2,AC,Context,Undergraduate Programs,2.1 Institutional sustainability learning outcomes for undergraduate students,,Text of each institutional learning outcome for undergraduate students that qualifies as sustainability-supportive,"The ""Effective Global Citizen"" attribute helps students to understand that: ""UCC provides opportunities for you to be ethical, acting with integrity in intellectual, professional, community and global pursuits. You will nurture personal integrity, values, beliefs and your own moral code. You critically consider the values and understandings that influence all decision making processes and are able to recognise and challenge inequality in all areas of life. As an effective global citizen who recognises and challenges inequality, you display an ethical approach in your intellectual, professional and personal pursuits.""",,,text_long,
University College Cork,AC-2,AC,Context,Undergraduate Programs,2.1 Institutional sustainability learning outcomes for undergraduate students,,Points earned for indicator AC 2.1,4,,4.0,number,
University College Cork,AC-2,AC,Context,Undergraduate Programs,2.2 Undergraduate programs with sustainability-focused learning requirements,,"Does the institution offer at least one sustainability-focused degree, certificate, or major for undergraduate students?",Yes,,,boolean,
University College Cork,AC-2,AC,Context,Undergraduate Programs,2.2 Undergraduate programs with sustainability-focused learning requirements,,"List and description of the institution’s sustainability-focused degrees, certificates, and majors for undergraduate students","The following degree programmes are available for Undergraduate students. Please also see document uploaded under ""optional documentation"" where a full description of the insitutions programme mapping work is presented. College Programme Qual code Description SEFS Applied Plant Biology BSCRBL Applied Plant Biology (APB) addresses important environmental issues including climate change, biodiversity decline, dwindling natural resources and food insecurity. It also involves using plants to generate new products, such as foods, pharmaceuticals, or biofuels. Ecology and Environmental Biology BSCREB This degree addresses such questions as; what controls animal and plant distribution, abundance and biodiversity? How do energy and nutrients move around ecosystems? How do species interact with each other? It also examines the biology of various habitats from marine and freshwater to terrestrial habitats and the soil. It uses the understanding of basic ecological principles and concepts to predict and manage the environmental change caused by the human impact on natural ecosystems. Environmental Science BSCRES The course covers environmental issues such as climate change, conserving biodiversity, management of waste and natural resources, production of energy and protecting human health are now high on the agenda of all governments, resulting in stringent regulations and standards, but also new directions for research, focussed on improving the sustainability of all human activities. Geoscience BSCRGC Includes sourcing information on current geoscience issues and critically appraise it for scientific credibility and relevance particularly in the context of geohazards (e.g., earthquakes, flooding, landslides), their monitoring and mitigation, synthesise and apply published information and data from the Earth sciences to the analysis of geoscience and environmental problems; Zoology BSCRZY Students will learn about all animal biology, from microscopic, single-celled forms to complex forms such as fish, reptiles, birds and mammals. At UCC we focus on many different aspects of animals in marine, freshwater and terrestrial habitats, including conservation and management, animal behaviour (in the wild and at the nearby Fota wildlife park), evolution, health and disease, physiology, anatomy, climate change and of course biodiversity. COBL BSc International Development CK214 Learning outcomes include Demonstrate understanding of social and economic development in a global context, Demonstrate ability to engage with key global issues from an inter-disciplinary perspective. BSc Government and Political Science CK122 This degree combines political science with a range of subjects in business, law, modern languages, social sciences and information technology. It also offers a work placement in Year 3, including prestigious internships in the New York State Legislature and the New York State Senate, as well as other highly prized placements in international and national institutions. CACSSS BA Sociology CK101 Sociology is concerned with identity and multiculturalism; sexuality and intimacy; media and popular culture; environment and sustainability; law and justice; crime and deviance; conflict and violence; anthropology, civilisation and religion; art, culture and literature; health and well-being; politics and community; economy and society. COMH BSc Public Health CK706 Assessing the health and well-being of populations; Investigating complex public health problems such as obesity, HIV/AIDS and the impact of COVID-19; Assessing the health impact of policy at local, national, and global levels; Communicating effectively with colleagues in public health and the wider health system, as well as with society at large",,,text_long,
University College Cork,AC-2,AC,Context,Undergraduate Programs,2.2 Undergraduate programs with sustainability-focused learning requirements,,Does the institution offer at least one sustainability-focused concentration or minor for undergraduate students?,Yes,,,boolean,
University College Cork,AC-2,AC,Context,Undergraduate Programs,2.2 Undergraduate programs with sustainability-focused learning requirements,,List and description of the institution’s sustainability-focused concentrations and minors for undergraduate students,"Degree Concentration Description CK101 Arts Geography Geography offers a powerful lens to explore the complex relationship between people and planet. It reveals the vast diversity of human activity across the Earth's surface and uncovers the intricate ways in which we interact with natural systems. Through this perspective, students engage with the most urgent global challenges of our time—land use and environmental policy, climate change, environmental justice, global migration, urban inequalities, geopolitics, and questions of place, culture, identity, gender, and inclusion. Religions and Global Diversity Religions and Global Diversity is a course that reflects on the critical study of religions and cultures around the world aligning with UCC's tradition of independent thinking. Unlike traditional theology courses; Religions and Global Diversity does not assume you are a believer and is not about promoting religion. It’s a fascinating subject for anyone with an interest in the power of religion, whether or not you follow a religion. BE Engineering Energy Engineering Through a combination of solid engineering fundamentals covered in the first two years of the course (e.g. thermodynamics, fluids, and electrical systems) and advanced energy engineering topics covered in the final two years (including power electronics, control systems, wind, solar photovoltaic and ocean energy, biomass energy demand management and energy policy), graduates of the Energy Engineering course will be well-equipped to source, design, convert, transmit and supply useful energy to meet the world's present and long-term needs. Civil Structural and Environmental Engineering Civil, Structural and Environmental engineering is the application of science to planning, design, and construction for the benefit of society while minimising environmental impact. Engineers are curious about how the world works. They enjoy solving problems and are creative and inventive people.",,,text_long,
University College Cork,AC-2,AC,Context,Undergraduate Programs,2.2 Undergraduate programs with sustainability-focused learning requirements,,Does the institution offer at least one undergraduate qualification focused on a subject other than sustainability that has a sustainability-focused learning requirement?,Yes,,,boolean,
University College Cork,AC-2,AC,Context,Undergraduate Programs,2.2 Undergraduate programs with sustainability-focused learning requirements,,List and description of the institution’s undergraduate qualifications focused on subjects other than sustainability that have sustainability-focused learning requirements,"College Programme Description COMH BSc Nursing (General) Includes the module NU4115 (Healthcare and the UN Sustainable Development Goals) which covers topics such as: Waste management in clinical settings, Aprons and Gloves: usage and overuse, Food Waste in hospitals, Energy and Water usage in healthcare, Single Use plastics in healthcare BSc (Midwifery) Includes the module NU4115 (Healthcare and the UN Sustainable Development Goals) which covers topics such as: Waste management in clinical settings, Aprons and Gloves: usage and overuse, Food Waste in hospitals, Energy and Water usage in healthcare, Single Use plastics in healthcare CACSSS BSocSc Social Science The first year of the course provides a foundation in a range of social science disciplines, including Social Policy, Sociology, Philosophy, Psychology and Economics. It covers topics such as the migration and climate crises, intensifying global inequalities, fluctuating public trust in science, and the rise of authoritarianism BA (Geographical and Archaeological Sciences) Geography and Archaeology are closely related disciplines, concerned with concepts of time and space in relation to human culture and landscape. This BA offers a broad foundation in both, with relevant teaching in the areas of computer science, earth science and environmental science. BA (World Languages) The programme aims to produce graduates with sought-after language skills, as well as an understanding of language as a system and of the cultures of the languages studied. BEd (Science Education) UCC’s Science Education programme is an example of the concurrent model of teacher training which means that you study both science and education over the duration of the programme. Modules covered include ""Habitats and Ecosystems"" and ""Microbiology in Society"". BA Irish Cultural Studies UCC’s Science Education programme is an example of the concurrent model of teacher training which means that you study both science and education over the duration of the programme. BA Economics (International) Students are exposed to a range of topics critical to our understanding of the modern world including Environmental Economics and Sustainability, Financial Economics, Health Economics, Regional and Urban Economics and Sports Economics. BA Folklore Ireland has one of the world's largest folklore archives. Folklore has been a vital aspect of Irish identity for hundreds of years, contributing to its literature, history and culture. Folklore, however, is not just in the past or in the countryside, it’s also in the contemporary world and in cities. It remains a significant element in the ongoing cultural process of popular traditions and expressions. Folklore at UCC introduces the main areas of the discipline, such as narratives, stories, festivals, rituals, tools, technologies and material culture, before developing the theories, ideas and methods of Folklore, including the theories of fieldwork, original research, archives and community identity. BA Philosophy Philosophy at UCC has particular strengths in moral and political philosophy, as well as in philosophy of mind, body and action. Its greatest strength, however, is its commitment to pluralism and interdisciplinarity, which combines these fields with research and teaching in Aesthetics; Comparative Continental European and Asian Philosophy; Philosophy of Science; Philosophy of Economics; and Metaphysics and Epistemology. BA Politics Includes modules on topics such as Citizen Participation, Conflict and Conflict Resolution, Feminist Philosophy, Global Political Economy,Institutions of the EU, Model European Union, Philosophy of Knowledge, The European Union and the International System, USA Politics; Violence and War Women, Gender and Politics BSC (Architecture) This degree explores new ways of living, investigates new technologies and materials, and strives to ensure that new buildings, towns and landscapes are environmentally sustainable. It combines art, science and technology in the design and construction of buildings and their surroundings within a sociocultural context. Architects are engaged in all aspects and creating the built environment from feasibility studies, outline and detailed design, through planning, to construction and management. COBL BSc Applied Economics Students are exposed to a range of topics critical to our understanding of the modern world including Environmental Economics and Sustainability, Financial Economics, Health Economics, Regional and Urban Economics and Sports Economics. BSc Food Marketing and Entrepreneurship Includes modules such as Introduction to Sustainable Food Marketing Channels and Supply Chains, Public Health Nutrition, Global Food Policy, Global Food Supply Chain Management and Circular Economy. BSc International Business with languages Modules include the following: International Business; the International Economy; Analytics for International Business; Sustainability in International Businesses; Responsible Leadership and Communication. SEFS BAgrSc (Hons) - Bachelor of Agricultural Science An interdisciplinary degree that includes a number of modules in environmental sciences and food policy. BE (Hons) (Process and Chemical) Engineering Process and Chemical engineering helps provide a pathway towards meeting societal requirements around health and wellbeing, energy provision, food production, water supply, waste management and consumer goods. BSc Nutritional Science Learning outcomes include the ability to identify and critically evaluate emerging knowledge in nutrition and use this as a basis for developing novel approaches to solving challenges in industry, research/academia, government agencies, healthcare and other sectors; BSc Food Science Includes macro level issues such as developing new food products in order to meet the demands of society for high quality, safe, and nutritious food. Emerging challenges in food science include the nutritional needs and food preferences of health conscious consumers, elite athletes, and aging populations; the sustainability and environmental impact of food production; and the development of innovative technologies with potential applications in foods.",,,text_long,
University College Cork,AC-2,AC,Context,Undergraduate Programs,2.2 Undergraduate programs with sustainability-focused learning requirements,,Points earned for indicator AC 2.2,4,,4.0,number,
University College Cork,AC-2,AC,Context,Undergraduate Programs,2.3 Percentage of undergraduate qualifications awarded that have sustainability-focused learning requirements,,Performance year for undergraduate qualifications,2024,,2024.0,year,
University College Cork,AC-2,AC,Context,Undergraduate Programs,2.3 Percentage of undergraduate qualifications awarded that have sustainability-focused learning requirements,,Total number of undergraduate qualifications awarded,"2,298",,2298.0,number,
University College Cork,AC-2,AC,Context,Undergraduate Programs,2.3 Percentage of undergraduate qualifications awarded that have sustainability-focused learning requirements,,Number of undergraduate qualifications awarded that are sustainability-focused,944,,944.0,number,
University College Cork,AC-2,AC,Context,Undergraduate Programs,2.3 Percentage of undergraduate qualifications awarded that have sustainability-focused learning requirements,,Number of undergraduate qualifications awarded that are focused on subjects other than sustainability but have sustainability-focused learning requirements,"1,253",,1253.0,number,
University College Cork,AC-2,AC,Context,Undergraduate Programs,2.3 Percentage of undergraduate qualifications awarded that have sustainability-focused learning requirements,,Total number of undergraduate qualifications awarded that have sustainability-focused learning requirements,"2,197",,2197.0,number,
University College Cork,AC-2,AC,Context,Undergraduate Programs,2.3 Percentage of undergraduate qualifications awarded that have sustainability-focused learning requirements,,Percentage of undergraduate qualifications awarded that have sustainability-focused learning requirements,95.60,,95.6,number,
University College Cork,AC-2,AC,Context,Undergraduate Programs,2.3 Percentage of undergraduate qualifications awarded that have sustainability-focused learning requirements,,Points earned for indicator AC 2.3,6.69,,6.69,number,
University College Cork,AC-2,AC,Context,Undergraduate Programs,Optional documentation,,Notes about the information provided for this credit,"The percentage of undergraduate qualifications was determined using the number of students that graduated from the programmes that were mapped as being focussed on sustainability. The high number of "" qualifications awarded that are focused on subjects other than sustainability but have sustainability-focused learning requirements"" is because all students graduating from Cork University Business School are required to have taken the Schools ""Planet"" module. “Planet - Preparing Leaders for a Sustainable World” was created to equip students with a high level of knowledge about environmental aspects of sustainability, complimenting the learning students undertake in their chosen programme of study. The module has been designed to provide students with an understanding of the main environmental challenges facing our planet and the key drivers behind them​. As part of the learning outcomes, participants will recognise the impacts of our economic activities on our earth systems, natural environment, and human society, particularly the most vulnerable.​ With an opportunity to explore responses and solutions to mitigate and adapt to environmental and sustainability issues,​ students are encouraged to reflect on why sustainability in now a key risk and opportunity for business​.",,,text_long,
University College Cork,AC-2,AC,Context,Undergraduate Programs,Optional documentation,,Additional documentation for this credit,UCC_SDGs_MAPPING_DRAFT_REPORT12.docx,,,text,https://reports.aashe.org/media/secure/989/9/847/8981/UCC_SDGs_MAPPING_DRAFT_REPORT12.docx
University College Cork,AC-3,AC,Context,Graduate Programs,3.1 Graduate programs with sustainability-focused learning requirements,,Does the institution offer at least one sustainability-focused degree or major for graduate students?,Yes,,,boolean,
University College Cork,AC-3,AC,Context,Graduate Programs,3.1 Graduate programs with sustainability-focused learning requirements,,List and description of the institution’s sustainability-focused degrees and majors for graduate students,"College School Program Level Description CACSSS Human Environment Anthropology MA The central premise of the programme is to bring the insights of the anthropological study of culture, society and politics to bear on contemporary global and local challenges. From the richness & diversity of human forms of life both historically and cross-culturally, to the contemporary social, cultural and political problems and issues facing the world. CACSSS Human Environment Applied Costal and Maritime management Msc A dynamic, interdisciplinary programme that equips students with the scientific knowledge, technical expertise, and policy insight needed to lead in the sustainable management of coastal and marine environments. CACSSS Applied Social Studies Voluntary and Community Sector Management MsocSc Providing the necessary management training and skills to organisations that may provide vital services in care, welfare, health, education, housing, poverty alleviation, social inclusion, and the promotion of rights. They may also enhance democracy and participation in society through empowerment and capacity-building, lobbying, and campaigning. CACSSS Human Enviroment Geographical Information Systems MSc Students learn how to apply knowledge of these technologies in a variety of sectors (e.g. local and national government, industry, commerce, the public sector, resource management) and at scales from the local to the global. CACSSS Society,Politics and Ethics Health and Society MA This course is about health, but not exclusively healthcare, as health is both a medical and a social issue. We ask you to explore health from a variety of different angles and to this end bring together health experts from a vast range of disciplines and colleges, including medicine, epidemiology, philosophy, economics, sociology, social policy, and law. CACSSS Languages, Literatures and Cultures Migration, Mobility and Culture MA This cutting-edge Master’s in Migration, Mobility and Culture (MMC) will form graduates with a multi-focal and transnational understanding of the global grand challenge of migration and its relationship to culture, politics and the social sciences. In this one-year degree, you will engage with experts on migration from a range of disciplines, including Sociology, Languages, Literatures, Geography, Law, Applied Social Studies and Public Health. CACSSS Human Environment Planning and Sustainable Development MPlan This is an internationally-recognised, professionally-accredited master’s course in spatial planning and development for cities, regions, towns, rural areas, and neighbourhoods. CACSSS Education Professional master’s in education MEd Develops student teachers’ requisite professional knowledge, skills, understanding and competence. You are introduced to best practices in teaching, learning, and educational research with special emphasis on meeting the diverse needs of learners, on the curriculum and on current issues in education. You will be encouraged to integrate educational theory and practice through extensive reflection on your own professional classroom practice. CACSSS Society. Politics and Ethics Sociology of Sustainability and Global Challenges MA This innovative MA Sociology of Sustainability and Global Challenges analyses the globalisation of poverty and inequality and explores alternative strategies of development. CACSSS CACSSS Women Studies MA The course covers a range of themes including representations of women in history, philosophy, literature and popular culture (music and film); (contemporary critical theories and philosophies of) gender and sexuality, including their intersections with race/ethnicity, ablebodiedness, sexual orientation, class and others; women and politics; women, work and family; and gender violence. B&L Law Enviromental and natural Law Msc The LLM programme at UCC offers you a wide variety of legal topics ranging across traditional areas of environmental law, policy regulation, and governance, as well as planning and land-use law, heritage protection, international environmental law, marine environmental law, natural resources law, and human rights law. It aims to prepare our graduates for a variety of careers in the broader environmental regulatory space, including in the legal professions, governmental and regulatory agencies, environmental NGOs, compliance and sustainability roles in industry, academia, and environmental consultancy. B&L Business International Sustainable Business Msc Designed to equip you with the skills to be a positive force within business and society to contribute to a resilient and inclusive future for all and to align business strategies with ethical responsibilities, including Environmental, Social and Governance (ESG) goals, and the United Nations’ Sustainable Development Goals (SDG). We achieve this by examining, formulating, and shaping global business solutions for a sustainable future. B&L Law International Human Rights and Public Law LLM It includes interdisciplinary teaching and a unique International Human Rights clinical module which focuses on essential human rights lawyering skills, including oral and written advocacy (legal and policy), strategic litigation, fact-finding and development. B&L Law Marine and Maritime Law LLM The programme integrates theoretical and practical learning of relevant law modules with marine and maritime activities taking place in Cork, such as marine environmental research, marine renewables, law enforcement at sea, fisheries management, shipping and port activities. B&L Business Sustainable Development, Agri-Food and Cooperatives Msc This is the only course of its kind in Ireland that fully integrates co-operative approaches into the study of sustainable development and agri-food. The course was recently recognised by The Education Awards 2024 where we were voted the 'Best Masters Programme' in Ireland. CSEFS Biological, Earth and environmental Science Applied Environmental Geoscience Msc This multidisciplinary vocational programme equips graduates for careers in scientific, engineering, and environmental consultancies, water resources management, raw materials, regulatory agencies, as well as research in Ireland and further afield. CSEFS Biological, Earth and environmental Sciences Environmental Science MRes Research topics should fall within the following broad areas: water and air pollution, human health and the environment, biomimetic and sustainable materials research, climate change and ocean acidification, water and waste water treatment, marine and freshwater resources management, sustainable water use, environmental risk assessment ofemerging pollutants, nanomaterials and the environment. CSEFS Engineering and Architecture Electrical and Electronic Engineering MengSc Includes modules for example Energy Systems, Power Electronics and Drives CSEFS Engineering and Architecture Energy Engineering ME Design components and systems to the standard required of a professional engineer demonstrating logical thinking and imaginative skills to provide the most appropriate solution; Critically evaluate the engineering, economic, environmental and societal impacts of proposed solutions; CSEFS Food and Nutritional Sciences Food Science Msc Includes modules for example: Advances in Sustainable Food Processing Technologies CSEFS Biological, Earth and Environmental Science Freshwater quality monitoring and assessment Msc The programme is offered in a part-time, online format that facilitates study in your own time. It is useful to those already working in the water sector, including government agencies, and to staff in higher-level education institutes who wish to gain a specialised postgraduate qualification in surface and groundwater monitoring, quality assurance and control, and data analysis and presentation. CSEFS Biological, Earth and Environmental Sciences Marine biology MSc This popular course includes modules in fisheries and aquaculture, genetics, marine ecology and conservation, marine mammals, and ecological aspects of Geographical Information Systems (GIS). In addition, the course has a significant fieldwork component including ship work as well as survey and sampling techniques training. CSEFS Biological, Earth and Environmental Sciences Plant Biology MRes Modules include BL4006 Food Production (5 credits), PS6001 Plant Genetic Engineering (5 credits), PS4024 Crop, Physiology and Climate Change (5 credits), PS4021 Environmentally Protective Management of Plant Pests and Pathogens (5 credits) CSEFS Engineering and Architecture Redesigning Post-Industrial City MSc Redesigning the Post-Industrial City (RePIC) is a two-year, English-taught Master's programme jointly designed and delivered by the UNIC alliance – where the ambition is to build a vibrant knowledge and innovation community committed to the rethinking of more sustainable urban futures. RePIC fosters transformative modes of teaching, research, and learning - responding to the specific challenges and characteristics of post-industrial cities and their increasingly super-diverse populations. CSEFS Engineering and Architecture Sustainability in Enterprise Msc Focuses on real systems change across enterprise and industry including how business can play a part in the transition to a sustainable society CSEFS Engineering and Architecture Sustainable Energy MEngSc Considers firstly how to reduce human impact on the climate through innovative low-carbon energy supply systems and secondly, how to provide a better standard of living for the world’s growing population through access to sustainable and secure energy supplies.",,,text_long,
University College Cork,AC-3,AC,Context,Graduate Programs,3.1 Graduate programs with sustainability-focused learning requirements,,"Does the institution offer at least one sustainability-focused certificate, concentration, or minor for graduate students?",Yes,,,boolean,
University College Cork,AC-3,AC,Context,Graduate Programs,3.1 Graduate programs with sustainability-focused learning requirements,,"List and description of the institution’s sustainability-focused certificates, concentrations, and minors for graduate students","College School Program Level Description CACSSS Human Environment Anthropology MA Explores cultural, social and political dimensions of human life, applying anthropological perspectives to contemporary global challenges including inequality, identity, migration and sustainability. CACSSS Human Environment Applied Costal and Maritime management Msc Provides interdisciplinary knowledge of coastal and marine systems, combining science, policy and management skills for sustainable development and protection of marine environments. CACSSS Applied Social Studies Applied Social Research Pdip Develops advanced research skills for analysing social issues, using qualitative and quantitative methods to inform policy, practice and evidence-based decision-making. CACSSS Applied Social Studies Voluntary and Community Sector Management Pdip Builds leadership and management capabilities for organisations addressing social inclusion, welfare, education and community development through strategic planning, governance and advocacy. CACSSS Human Enviroment Geographical Information Systems Pdip Teaches spatial data analysis and mapping technologies applied across sectors including planning, environmental management, government and industry, supporting evidence-based decision-making. CACSSS Society,Politics and Ethics Government and Politics PrDip Examines political systems, public policy and governance, developing analytical skills to understand national and global political issues, institutions and decision-making processes. CACSSS Society,Politics and Ethics Health and Society Pdip Explores health as a social and medical issue, examining determinants of health, inequalities, policy and interdisciplinary approaches to improving wellbeing in diverse populations. CACSSS Languages, Literatures and Cultures Migration, Mobility and Culture PDip Analyses global migration through cultural, political and social perspectives, addressing mobility, identity and integration challenges in an increasingly interconnected world. CACSSS CIRTL Professional Practice in Leadership Education PCert Enhances leadership skills in higher education, focusing on teaching excellence, innovation, reflective practice and strategic approaches to curriculum development and student engagement. CACSSS Human Environment Planning and Sustainable Development Pdip Prepares graduates for spatial planning careers, focusing on sustainable development of cities, regions and communities through policy, environmental management and design. CACSSS Society, Politics and Ethics Sociology of Sustainability and Global Challenges Pcert Examines global inequalities, environmental crises and development challenges, exploring sociological perspectives and alternative pathways toward sustainable and equitable futures. CACSSS CACSSS Women Studies Pdip Investigates gender, feminism and social justice, analysing inequalities across culture, politics and society and exploring intersections with race, class, sexuality and identity. B&L Business International Sustainable Business Pdip Develops skills to align business strategy with sustainability, focusing on ESG principles, ethical leadership and innovative solutions for global economic and environmental challenges. B&L Law International Law Pcert Introduces principles of international legal systems, including governance, human rights and global regulation, preparing students for careers in international institutions and policy. B&L Law International Human Rights and Public Law Pdip Explores legal frameworks protecting human rights, developing advocacy, litigation and policy skills relevant to international, governmental and non-governmental organisations. B&L Law Marine and Maritime Law Pdip Covers legal aspects of marine activities including shipping, fisheries, environmental protection and maritime governance, integrating theory with real-world applications. B&L Business Sustainable Change and Transformation PrDip Focuses on organisational transformation for sustainability, equipping professionals to lead change initiatives addressing environmental, social and economic challenges. B&L Business Sustainable Development, Agri-Food and Cooperatives? Pdip Examines sustainable agriculture and cooperative models, integrating food systems, rural development and environmental sustainability within global and local contexts. CMH Public Health Health Protection(online) Pcert Provides skills in disease prevention, health promotion and risk management, focusing on protecting populations through policy, surveillance and public health interventions. CSEFS Biological, Earth and environmental Science Applied Environmental Geoscience Pdip Develops expertise in environmental processes, geoscience data and resource management, preparing graduates for careers in environmental consultancy and regulation. CSEFS Biological, Earth and environmental Sciences Environmental and Geological Science Dip Introduces environmental and earth science concepts, focusing on natural processes, resource management and human impacts on geological systems. CSEFS Engineering and Architecture Energy Innovation for Zero Carbon PDip Explores low-carbon energy technologies and systems, focusing on innovation, policy and engineering solutions to achieve net-zero climate goals. CSEFS Food and Nutritional Sciences Food and Agri-food CertCPD Provides insight into food systems, production and sustainability challenges, supporting innovation in agri-food industries and policy development. CSEFS Food and Nutritional Sciences Food Studies Dip Examines food systems from production to consumption, addressing cultural, economic and sustainability dimensions of food in society. CSEFS Biological, Earth and Environmental Science Freshwater quality monitoring and assessment DIp Focuses on monitoring and analysing water quality, supporting environmental management, regulatory compliance and sustainable water resource protection. CSEFS Biological, Earth and Environmental Sciences Marine biology Pdip Covers marine ecosystems, biodiversity and conservation, combining theory and fieldwork to address challenges in marine resource management. CSEFS Engineering and Architecture Offshore Renewable Energy Pcert Introduces technologies and systems for offshore energy generation, including wind and marine energy, supporting transition to sustainable energy systems. CSEFS Engineering and Architecture Sustainability in Enterprise Pdip Focuses on integrating sustainability into business operations, driving organisational change and innovation towards environmentally responsible practices. CSEFS Engineering and Architecture Sustainability and Climate Change for Enterprise HDip Examines climate change impacts on business, equipping professionals with strategies for mitigation, adaptation and sustainable organisational transformation. CSEFS Engineering and Architecture Sustainable Energy PDip Explores energy systems, technologies and policy to support sustainable and secure energy supply, addressing climate change and global energy demand. ACE Society, Politics and Ethics Climate Crisis and Local Government CertCPD Examines local government responses to climate change, focusing on policy, planning and community engagement for climate action. ACE Applied Social Studies Enviroment, Sustainability, and Climate Change Dip ACE CSEFS Introduction to Sustainable Agriculture CertCPD Introduces sustainable farming practices, addressing food security, environmental protection and resource management in agricultural systems.",,,text_long,
University College Cork,AC-3,AC,Context,Graduate Programs,3.1 Graduate programs with sustainability-focused learning requirements,,Does the institution offer at least one graduate qualification focused on a subject other than sustainability that has a sustainability-focused learning requirement?,Yes,,,boolean,
University College Cork,AC-3,AC,Context,Graduate Programs,3.1 Graduate programs with sustainability-focused learning requirements,,List and description of the institution’s graduate qualifications focused on subjects other than sustainability that have sustainability-focused learning requirements,"College School Program Level Descriptions CACSSS Education Innovation Through Design Thinking MA Develops creative problem-solving skills using design thinking methodologies to address complex societal, educational and organisational challenges through innovation, collaboration and human-centred approaches. CACSSS Human Environment Museum Studies MA Provides theoretical and practical training in museum practice, heritage management and curation, preparing graduates for professional roles in cultural institutions and public engagement. CACSSS Human Environment Museum Studies Pdip Provides theoretical and practical training in museum practice, heritage management and curation, preparing graduates for professional roles in cultural institutions and public engagement. CACSSS Society, Politics and Ethics Sociology MA Explores social structures, inequality and global change, developing critical sociological perspectives to analyse contemporary social, political and environmental challenges. CACSSS Applied Social Studies Social Policy HDip Examines social welfare systems, inequality and public policy, equipping students to analyse and shape evidence-based responses to social and economic challenges. CACSSS Applied Social Studies Social Policy and Justice (online) MSocSC Focuses on social justice, inequality and policy responses through flexible online learning, supporting professionals working in public, community and voluntary sectors. CACSSS Applied Social Studies Social Studies Dip Provides interdisciplinary grounding in social analysis, policy and practice, supporting careers in education, community development and public service. B&L Business Business Economics MSc Applies economic theory and quantitative analysis to business decision-making, policy evaluation and sustainability challenges in global and regional markets. B&L Business Food Security Policy and Management/ succesor of Pdip in Food SP andM MSc Addresses global food security challenges through policy, governance and management perspectives, integrating sustainability, agriculture and development studies. B&L Business Management and Marketing Msc Develops strategic management and marketing expertise, focusing on ethical leadership, consumer behaviour and sustainable organisational performance. B&L Business Supply Chain Management( Lean SCM Black Belt) Msc Equips professionals with advanced supply chain and lean management skills to improve efficiency, resilience and sustainability across global operations. CMH Medicine Active Ageing and Age- Friendly Society MSc Explores ageing, health and social inclusion, preparing graduates to support age-friendly policies, services and communities in Ireland and internationally. CMH Medicine Health Profession's Education Msc Prepares health professionals for teaching and educational leadership roles, focusing on curriculum design, assessment and evidence-based educational practice. CMH Nursing and Midwifery Health Studies(General) Dip Provides foundational knowledge of health, wellbeing and healthcare systems, supporting professional development across health and social care settings. CMH Nursing and Midwifery Health Studies( Childrens' and General Intergrated) Dip Examines child and general health across care settings, supporting professional practice in nursing, midwifery and allied health disciplines. CMH Nursing and Midwifery Health Studies (Intellectual Disability) Dip Focuses on health and wellbeing of individuals with intellectual disabilities, emphasising inclusive, ethical and person-centred care approaches. CMH Medicine Health and Well-being PDip Explores determinants of health and wellbeing, integrating policy, practice and research to support population and individual health improvement. CMH Nursing and Midwifery Health Studies ( Mental Health) Dip Provides insight into mental health theory and practice, supporting professional development in mental health and community care contexts. CMH Nursing and Midwifery Health Studies( Women Health) Dip Examines women’s health across the life course, addressing policy, clinical practice and social determinants of health. CMH Nursing and Mid-wifery Midwifery Msc Advances professional midwifery knowledge and practice, focusing on evidence-based care, leadership and maternal and infant wellbeing. CMH Nursing and Mid-wifery Nursing Studies Msc Enhances nursing practice through advanced study of leadership, research and evidence-based approaches to patient-centred care. CSEFS Engineering and Architecture Architecture MArch Develops advanced architectural design and research skills, focusing on sustainable, socially responsive and environmentally responsible built environments. CSEFS Biological, Earth and environmental Science Biological Sciences Dip Provides foundational postgraduate training in biological sciences, supporting progression into research, education and applied scientific careers. CSEFS Engineering and Architecture Pharmaceutical and Biopharmaceutical Engineering Pdip Focuses on pharmaceutical manufacturing and bioprocessing, integrating engineering principles with regulatory and quality systems. CSEFS Engineering and Architecture Process and Chemical Engineering ProfMEd Develops advanced engineering expertise to address challenges in energy, materials, sustainability and industrial process design. CSEFS Chemistry Environmental Analytical Chemistry Msc Trains graduates in chemical analysis of environmental systems, supporting monitoring, regulation and protection of natural resources.",,,text_long,
University College Cork,AC-3,AC,Context,Graduate Programs,3.1 Graduate programs with sustainability-focused learning requirements,,Points earned for indicator AC 3.1,4,,4.0,number,
University College Cork,AC-3,AC,Context,Graduate Programs,3.2 Percentage of graduate qualifications awarded that have sustainability-focused learning requirements,,Performance year for graduate qualifications,2024,,2024.0,year,
University College Cork,AC-3,AC,Context,Graduate Programs,3.2 Percentage of graduate qualifications awarded that have sustainability-focused learning requirements,,Total number of graduate qualifications awarded,"3,088",,3088.0,number,
University College Cork,AC-3,AC,Context,Graduate Programs,3.2 Percentage of graduate qualifications awarded that have sustainability-focused learning requirements,,Number of graduate qualifications awarded that are sustainability-focused,575,,575.0,number,
University College Cork,AC-3,AC,Context,Graduate Programs,3.2 Percentage of graduate qualifications awarded that have sustainability-focused learning requirements,,Number of graduate qualifications awarded that are focused on subjects other than sustainability but have sustainability-focused learning requirements,619,,619.0,number,
University College Cork,AC-3,AC,Context,Graduate Programs,3.2 Percentage of graduate qualifications awarded that have sustainability-focused learning requirements,,Total number of graduate qualifications awarded that have sustainability-focused learning requirements,"1,194",,1194.0,number,
University College Cork,AC-3,AC,Context,Graduate Programs,3.2 Percentage of graduate qualifications awarded that have sustainability-focused learning requirements,,Percentage of graduate qualifications awarded that have sustainability-focused learning requirements,38.67,,38.67,number,
University College Cork,AC-3,AC,Context,Graduate Programs,3.2 Percentage of graduate qualifications awarded that have sustainability-focused learning requirements,,Points earned for indicator AC 3.2,3.09,,3.09,number,
University College Cork,AC-3,AC,Context,Graduate Programs,Optional documentation,,Notes about the information provided for this credit,,,,not_reported,
University College Cork,AC-3,AC,Context,Graduate Programs,Optional documentation,,Additional documentation for this credit,,,,not_reported,
University College Cork,AC-4,AC,Context,Applied Learning,4.1 Applied learning for sustainability program,,Does the institution make available solutions-focused applied learning or living laboratory experiences for students that address sustainability challenges?,Yes,,,boolean,
University College Cork,AC-4,AC,Context,Applied Learning,4.1 Applied learning for sustainability program,,List or sample of currently active/available applied learning or living laboratory experiences for students that address sustainability challenges,"UCC Green Campus established the Living Laboratory Seed Fund to research and address real-life problems, using UCC itself as a testbed. The first call for proposals was in 2019, our second took place in November 2021, and in July 2023 we launched a third funding round in support of the University's new Sustainability and Climate Action Plan (2023-28). A list of projects funded through these calls can be found here https://www.ucc.ie/en/sustainability-climate-action/livinglab/ In addition, UCC as part of the UNIC alliance ran a funding call for Engaged Research Seed Fund projects. 9 projects were supported, each one linked to a specific Sustainable Development Goal. For more information on these projects see https://www.ucc.ie/en/unic/centre-for-city-futures/",,,text_long,https://www.ucc.ie/en/sustainability-climate-action/livinglab/ https://www.ucc.ie/en/unic/centre-for-city-futures/
University College Cork,AC-4,AC,Context,Applied Learning,4.1 Applied learning for sustainability program,,Are three or more institutional departments or units currently supporting solutions-focused applied learning or living laboratory experiences for students?,Yes,,,boolean,
University College Cork,AC-4,AC,Context,Applied Learning,4.1 Applied learning for sustainability program,,Are there processes or tools in place to assess the success of the applied learning projects?,Yes,,,boolean,
University College Cork,AC-4,AC,Context,Applied Learning,4.1 Applied learning for sustainability program,,Description of the processes or tools used to assess the success of the applied learning projects,"Green Campus Living Lab projects are assessed depending on the format in which they take, for example MSc. research projects are assessed through the normal academic process. Demonstration projects are assessed based on a number of criteria listed below: Impact on Campus Sustainability Goals Does this support the sustainability goals outlined in UCC’s Sustainability and Climate Action Plan (2023-28) ? Does this project lower UCC’s greenhouse gas emissions? Feasibility Given the application and the project team, is this project feasible? Have all of the required stakeholders been contacted, and the necessary steps been taken to ensure the successful completion of the project? Has a clear timeline with SMART (Specific, Measurable, Achievable, Relevant, Timebound) goals been identified in the proposal? What are the long- and short-term impacts on facilities and maintenance staff? How much additional work is required for other university departments? Interdisciplinary or Cross-Disciplinary Interaction Does the project focus on one area or discipline or does it bring in a wide audience fostering cross-university collaboration? Project Visibility Will this project be visible by the campus community? Will the greater community be impacted by the project? If it is not visible, does the project have paybacks attached to it? Longevity and Potential for Future Funding Is this a project that will have a long term impact on the campus and/or community? Is there potential for the project to sustain itself after funding ends? Are there other partner organisations that will assist in the implementation of the project during and/or after funding? Are there plans to secure additional grant funding from other sources and in the future?",,,text_long,https://www.ucc.ie/en/sustainability-climate-action/action-plan/
University College Cork,AC-4,AC,Context,Applied Learning,4.1 Applied learning for sustainability program,,"Is there an online portal or equivalent vehicle that documents completed, current, and/or prospective applied learning projects that address sustainability challenges?",Yes,,,boolean,
University College Cork,AC-4,AC,Context,Applied Learning,4.1 Applied learning for sustainability program,,"Description of and/or website URL for the online portal or equivalent vehicle that documents completed, current, and/or prospective applied learning projects",Green Campus Living Lab projects: https://www.ucc.ie/en/sustainability-climate-action/livinglab/ UNIC City lab projects: https://www.ucc.ie/en/unic/centre-for-city-futures/,,,text,https://www.ucc.ie/en/sustainability-climate-action/livinglab/ https://www.ucc.ie/en/unic/centre-for-city-futures/
University College Cork,AC-4,AC,Context,Applied Learning,4.1 Applied learning for sustainability program,,Points earned for indicator AC 4.1,4,,4.0,number,
University College Cork,AC-4,AC,Context,Applied Learning,Optional documentation,,Notes about the information provided for this credit,,,,not_reported,
University College Cork,AC-4,AC,Context,Applied Learning,Optional documentation,,Additional documentation for this credit,,,,not_reported,
University College Cork,AC-5,AC,Context,Sustainability Literacy Assessment,5.1 Sustainability literacy assessment design and administration,,Has the institution conducted one or more assessments of the sustainability literacy of its students during the previous three years?,Yes,,,boolean,
University College Cork,AC-5,AC,Context,Sustainability Literacy Assessment,5.1 Sustainability literacy assessment design and administration,,Narrative overview of of the instruments/tools used to assess sustainability literacy,"From 2023 to 2026 UCC partnered with several other Universities across Europe on the SDG4U project. More information on the project is available here: SDG4U – SDG4U As part of this project each partner conducted an awareness survey to assess knowledge, beliefs, and practices of university students, faculty, and staff. The survey questions were designed by the consortium partners who comprised researchers, professors, and heads of sustainability. The survey was administered in 2024, with plans to repeat the survey in 2026 in order to understand changes and trends over time. The survey consists of multiple-choice questions that are aimed at assessing the level of awareness on general sustainability issues, attitudes and perceptions as well as to provide a prioritization in the implementation of the SDGs in each university.",,,text_long,https://www.sdg4uproject.eu/
University College Cork,AC-5,AC,Context,Sustainability Literacy Assessment,5.1 Sustainability literacy assessment design and administration,,Description of the institution’s recent sustainability literacy assessment findings and any notable trends,"The assessment showed that students had a strong understanding of the basic definition of sustainability and tended to find the environmental dimension more important. Students exhibited a strong foundational knowledge of sustainability principles and expressed a high interest in sustainable development, significant gaps exist in translating this awareness into deeper comprehension of systemic issues, institutional action, and personal behavioral change. The majority of respondents correctly identify sustainability's core premise (living within environmental limits) and recognize the interconnected pillars of environmental, social, and economic development. However, understanding appears fragmented when examining specific mechanisms. A more detailed analysis and overview is available here: https://www.sdg4uproject.eu/resources/",,,text_long,https://www.sdg4uproject.eu/resources/
University College Cork,AC-5,AC,Context,Sustainability Literacy Assessment,5.1 Sustainability literacy assessment design and administration,,Were academic staff engaged in sustainability education at the institution involved in developing and/or adopting the methodologies used to assess sustainability literacy?,Yes,,,boolean,
University College Cork,AC-5,AC,Context,Sustainability Literacy Assessment,5.1 Sustainability literacy assessment design and administration,,Description of the process through which academic staff were involved in developing and/or adopting the methodologies used to assess sustainability literacy,"The Questionnaire was designed by the project partner, American College of Greece, and shared with all partners. Feedback was provided by the project team at UCC, which included the Head of Sustainability and ESD Officer. The first pilot application of the questionnaire took place at the American College of Greece in December 2024. The responses to this questionnaire were also used as means to improve the questions.",,,text_long,
University College Cork,AC-5,AC,Context,Sustainability Literacy Assessment,5.1 Sustainability literacy assessment design and administration,,Are the literacy assessments designed and administered in such a way that the results can be used to evaluate the success of the institution’s sustainability education initiatives?,Yes,,,boolean,
University College Cork,AC-5,AC,Context,Sustainability Literacy Assessment,5.1 Sustainability literacy assessment design and administration,,Description of how the design and administration of the sustainability literacy assessments supports the evaluation of the success of the institution’s sustainability education initiatives,"As part of this project a post awareness survey was also designed by the project partners. The survey consists of multiple-choice questions, some of which are generic on the SDGs and questions aligned with specific SDGs (1 question per SDG). For the latter group of questions, a single correct answer is defined. The questions are designed so that there is balanced coverage of environmental, social, and governance dimensions, while common misconceptions have been included in the identified options as distractors in order to assess the depth of knowledge and the existing perceptions on the 17 SDGs. The survey is designed in such a way as to allow for statistical analysis.",,,text_long,
University College Cork,AC-5,AC,Context,Sustainability Literacy Assessment,5.1 Sustainability literacy assessment design and administration,,Points earned for indicator AC 5.1,2,,2.0,number,
University College Cork,AC-5,AC,Context,Sustainability Literacy Assessment,5.2 Percentage of students assessed for sustainability literacy,,"Percentage of students assessed for sustainability literacy, either directly or by representative sample",1 to 24,,,text,
University College Cork,AC-5,AC,Context,Sustainability Literacy Assessment,5.2 Percentage of students assessed for sustainability literacy,,Description of the process used to measure or estimate the percentage of students assessed for sustainability literacy,The total number of survey respondents was divided by the total student population.,,,text,
University College Cork,AC-5,AC,Context,Sustainability Literacy Assessment,5.2 Percentage of students assessed for sustainability literacy,,Points earned for indicator AC 5.2,0.25,,0.25,number,
University College Cork,AC-5,AC,Context,Sustainability Literacy Assessment,Optional documentation,,Notes about the information provided for this credit,,,,not_reported,
University College Cork,AC-5,AC,Context,Sustainability Literacy Assessment,Optional documentation,,Additional documentation for this credit,WP4_Survey_SDG4U.docx,,,text,https://reports.aashe.org/media/secure/989/9/850/9017/WP4_Survey_SDG4U.docx
University College Cork,AC-6,AC,Context,Sustainability Research,6.1 Percentage of academic departments engaged in sustainability research,,Total number of academic departments engaged in research,27,,27.0,number,
University College Cork,AC-6,AC,Context,Sustainability Research,6.1 Percentage of academic departments engaged in sustainability research,,Number of academic departments engaged in sustainability research,27,,27.0,number,
University College Cork,AC-6,AC,Context,Sustainability Research,6.1 Percentage of academic departments engaged in sustainability research,,Annotated list or inventory of the institution’s sustainability research by department,UCC_Research_SDGs.xlsx,,,text,https://reports.aashe.org/media/secure/989/9/851/9020/UCC_Research_SDGs.xlsx
University College Cork,AC-6,AC,Context,Sustainability Research,6.1 Percentage of academic departments engaged in sustainability research,,Description of the process used to identify the institution’s sustainability research,"All UCC research was mapped to the SDGs at the end of 2022 and the research office continually updates this inventory. In 2025, UCC moved to the IRIS research profile database so that now all UCC researchers can assign the primary SDG that their research relates to when updating their profile. This inventory was carried out by identifying each of the schools (academic subunits in UCC) that are represented in the University's Sustainability Insititute researchers list. The primary SDG associated with each school was found by visiting the researcher's IRIS profiles.",,,text_long,
University College Cork,AC-6,AC,Context,Sustainability Research,6.1 Percentage of academic departments engaged in sustainability research,,Percentage of academic departments engaged in sustainability research,100,,100.0,number,
University College Cork,AC-6,AC,Context,Sustainability Research,6.1 Percentage of academic departments engaged in sustainability research,,Points earned for indicator AC 6.1,8,,8.0,number,
University College Cork,AC-6,AC,Context,Sustainability Research,6.2 Incentives for sustainability research,,Does the institution provide incentives for academic staff to conduct sustainability research?,Yes,,,boolean,
University College Cork,AC-6,AC,Context,Sustainability Research,6.2 Incentives for sustainability research,,Description of the sustainability research incentives for academic staff,"UCC Green Campus Living Laboratory Seed Fund is an annual call for research and demonstration projects that promote the use of UCC as a living laboratory. The call is for projects that utilise the knowledge and research capabilities of the Institution’s students and staff to solve issues relating to its infrastructure and practices. A Living Laboratory project should aim to: - Solve a real-life problem - Be based on a partnership among key stakeholders, often crossing disciplinary and/or sectoral boundaries - Trial and test ideas in real life settings in order to further refine solutions proposed - Share data and findings generated openly. The fund finances Research Masters projects (€28,000), and demonstration projects (up to €10,000). Research masters projects should be interdisciplinary in nature and be supervised by one or more of UCC’s academic staff. Demonstration projects must include an element of learning and research. For either project type, proposals must support the sustainability goals outlined in UCC’s Sustainability Strategy 2016, the key recommendations outlined in the UCC Climate Assembly Report, and the priorities of UCC’s Academic Strategy. Projects that advance our Green Labs and Plastic Free UCC programmes, that aim to reduce carbon emissions, or that embed sustainability within the Connected Curriculum, are particularly welcome. https://www.ucc.ie/en/greencampus/research/seed-fund/",,,text_long,
University College Cork,AC-6,AC,Context,Sustainability Research,6.2 Incentives for sustainability research,,Does the institution provide incentives for students to conduct sustainability research?,Yes,,,boolean,
University College Cork,AC-6,AC,Context,Sustainability Research,6.2 Incentives for sustainability research,,Description of the sustainability research incentives for students,"- The UCC Green Campus Living Laboratory Seed Fund offers a full financial scholarship to cover the fees and stipend of a Masters by Research student, one scholarship is available per funding round. Research proposals must support the sustainability goals outlined in UCC’s Sustainability and Climate Action Plan. https://www.ucc.ie/en/sustainability-climate-action/livinglab/ - The School of Biological, Earth & Environmental Sciences offers the ‘Delap Prize for Postgraduate Research’ annually. The prize is awarded to the best peer-reviewed academic paper (including review papers) accepted for publication in a given academic year by a registered/recently graduated postgraduate student. https://www.ucc.ie/en/bees/currentstudents/studentprizes/#delap-prize-for-postgraduate-research",,,text_long,
University College Cork,AC-6,AC,Context,Sustainability Research,6.2 Incentives for sustainability research,,Points earned for indicator AC 6.2,2,,2.0,number,
University College Cork,AC-6,AC,Context,Sustainability Research,Optional documentation,,Notes about the information provided for this credit,"The Sustainability Institute is UCC's primary institute for sustainability research. it uses a global challenge-based approach to respond to, and find research solutions for, the three core environmental challenges of Climate Action, Circular Economy, and Healthy Environment. The ERI brings together over 400 researchers (Staff & students) from different disciplines with expertise in the five broad research platforms of Environment, Sustainable Energy, Marine, Sustainable Agri-Food, and Sustainable Materials.",,,text_long,
University College Cork,AC-6,AC,Context,Sustainability Research,Optional documentation,,Additional documentation for this credit,,,,not_reported,
University College Cork,AC-7,AC,Context,Center for Sustainability Research,"7.1 Organized sustainability research center, institute, or unit",,"Does the institution have at least one organized research center, institute, or equivalent unit that is focused on sustainability and/or integrated approaches to address sustainability challenges?",Yes,,,boolean,
University College Cork,AC-7,AC,Context,Center for Sustainability Research,"7.1 Organized sustainability research center, institute, or unit",,List and description of the institution’s sustainability research units,"The Sustainability Institute uses a global challenge-based approach to respond to, and find research solutions for, the three core environmental challenges of Climate Action, Circular Economy, and Healthy Environment. The Environmental Research Institute (ERI) was established in 2000 by University College Cork as a flagship institute to integrate researchers from over 20 different disciplines addressing the multi-faceted nature of sustainability. In 2025, the Environmental Research Institute became the Sustainability Institute , and with this change comes a renewed ambition to tackle the complex, interconnected challenges of climate change, biodiversity loss, and resource scarcity through transformative research, innovation, and education that drive real-world impact. The Sustainability Institute harnesses the University’s strengths in interdisciplinarity, research excellence, impactful scholarship, and leadership to tackle the complexity of today’s global sustainability challenges. These challenges demand more than “research-as-usual” - they require deep collaboration across disciplines and sectors to create usable knowledge and robust solutions. We are committed to actionable, solutions-focused research; the formation of interdisciplinary teams spanning the natural and social sciences, business, law, and humanities; and the development of long-term partnerships with stakeholders in government, industry, NGOs, and communities. The Institute fosters a dynamic research environment where diverse expertise is integrated to address environmental challenges in a truly collaborative and synergistic way. From fundamental discovery to applied solutions, our work is driven by the goal of delivering real-world impact—advancing environmental, social, and economic sustainability. The Insitute is home to 480 research staff representing 23 schools, with 120 PhD students.",,,text_long,
University College Cork,AC-7,AC,Context,Center for Sustainability Research,"7.1 Organized sustainability research center, institute, or unit",,"Does the institution have at least one organized research center, institute, or equivalent unit focused on a subject other than sustainability that produces sustainability research?",Yes,,,boolean,
University College Cork,AC-7,AC,Context,Center for Sustainability Research,"7.1 Organized sustainability research center, institute, or unit",,List and description of the institution’s research units focused on subjects other than sustainability that produce sustainability research,"The Institute for Social Science in the 21st Century (ISS21) at UCC promoteS interdisciplinary research through research clusters, affiliated projects, events and cross-university collaborations. These research clusters include ""Research for Civil Society, Environment and Social Action (REACT)"", which brings together researchers with interests in civil society, from disciplines such as Applied Social Studies, Cooperative Studies, Geography and Law. Cluster researchers are members of the Irish Civil Society Research Network. Aims and Objectives: To bring together researchers from different disciplines with an interest in civil society research To undertake interdisciplinary research and activity in the broad area of civil society To encourage engagement and dissemination of knowledge between researchers and civil society and To facilitate and enable civil society engagement with research and with the University. An overview of cluster events, research projects and membership can be found here: https://www.ucc.ie/en/iss21/clusters/civil-society/",,,text_long,
University College Cork,AC-7,AC,Context,Center for Sustainability Research,"7.1 Organized sustainability research center, institute, or unit",,Points earned for indicator AC 7.1,6,,6.0,number,
University College Cork,AC-7,AC,Context,Center for Sustainability Research,Optional documentation,,Notes about the information provided for this credit,,,,not_reported,
University College Cork,AC-7,AC,Context,Center for Sustainability Research,Optional documentation,,Additional documentation for this credit,,,,not_reported,
University College Cork,AC-8,AC,Context,Responsible Research and Innovation,8.1 Published ethical code of conduct for research,,Does the institution have a published ethical code of conduct for research?,Yes,,,boolean,
University College Cork,AC-8,AC,Context,Responsible Research and Innovation,8.1 Published ethical code of conduct for research,,Online location of the institution’s ethical code of conduct for research,https://www.ucc.ie/en/media/research/researchatucc/researchculture/policiesproceduresandguidelines/CodeofResearchConduct.pdf,,,url,https://www.ucc.ie/en/media/research/researchatucc/researchculture/policiesproceduresandguidelines/CodeofResearchConduct.pdf
University College Cork,AC-8,AC,Context,Responsible Research and Innovation,8.1 Published ethical code of conduct for research,,Copy of the institution’s ethical code of conduct for research,,,,not_reported,
University College Cork,AC-8,AC,Context,Responsible Research and Innovation,8.1 Published ethical code of conduct for research,,Points earned for indicator AC 8.1,1,,1.0,number,
University College Cork,AC-8,AC,Context,Responsible Research and Innovation,"8.2 Recognition of integrated, community-based, and extra-academic research",,Does the institution have published promotion or tenure guidelines or policies that give explicit positive recognition to integrated research?,Yes,,,boolean,
University College Cork,AC-8,AC,Context,Responsible Research and Innovation,"8.2 Recognition of integrated, community-based, and extra-academic research",,Description or text of the promotion/tenure guidelines or policies that explicitly recognize integrated research,"The University's criteria fro promotion to senior lecturer (2024) can be found at this link: https://www.ucc.ie/en/media/support/hr/RubricPromotionLecturertoSnrLecturerApril24.pdf They include: ""Demonstrated highly successful cross/multi/transdisciplina ry collaborative research activity"" as well as: ""Commendable utilisation of the knowledge, learning, research and practice capabilities of the University’s staff, students and networks to promote and bring about change that has impact on the environment, society or matters ranging of local to global societal importance.""",,,text_long,https://www.ucc.ie/en/media/support/hr/RubricPromotionLecturertoSnrLecturerApril24.pdf
University College Cork,AC-8,AC,Context,Responsible Research and Innovation,"8.2 Recognition of integrated, community-based, and extra-academic research",,Do the promotion/tenure guidelines or policies that recognize integrated research cover all of the institution’s research-producing academic divisions?,Yes,,,boolean,
University College Cork,AC-8,AC,Context,Responsible Research and Innovation,"8.2 Recognition of integrated, community-based, and extra-academic research",,Does the institution have published promotion or tenure guidelines or policies that give explicit positive recognition to community-based research?,Yes,,,boolean,
University College Cork,AC-8,AC,Context,Responsible Research and Innovation,"8.2 Recognition of integrated, community-based, and extra-academic research",,Description or text of the promotion/tenure guidelines or policies that explicitly recognize community-based research,"The previously mentioned promotion guidelines also give specific mention to: ""Significant and consistent contribution to the community, profession, industry and public service at local, regional, national and international level evidenced e.g. neighbourhood, community and regional development and regeneration, lifelong learning, accessto education, volunteering and supporting civil society organisations"" as well as: ""Highly Impactful application of research informed practices, experience and expertise to addressing societal challenges at a local, regional, national or global level e.g. contribution to collaborative projects and initiatives under the UN Sustainable Development Goals.""",,,text_long,
University College Cork,AC-8,AC,Context,Responsible Research and Innovation,"8.2 Recognition of integrated, community-based, and extra-academic research",,Do the promotion/tenure guidelines or policies that recognize community-based research cover all of the institution’s research-producing academic divisions?,Yes,,,boolean,
University College Cork,AC-8,AC,Context,Responsible Research and Innovation,"8.2 Recognition of integrated, community-based, and extra-academic research",,Does the institution have published promotion or tenure guidelines or policies that give explicit positive recognition to research impact or reach outside of academic journals?,Yes,,,boolean,
University College Cork,AC-8,AC,Context,Responsible Research and Innovation,"8.2 Recognition of integrated, community-based, and extra-academic research",,Description or text of the promotion/tenure guidelines or policies that explicitly recognize research impact or reach outside of academic journals,"See page 25 of the Regulation for promotion to Professor Scale 2 C2: ""including but not limited to public output on local, national and international media gaining local, national or international recognition for the discipline and University."" https://www.ucc.ie/en/media/support/ocla/statutesregulations/documents/RegulationonAcademicPromotiontoProfessorScale2v1.3.pdf",,,text_long,https://www.ucc.ie/en/media/support/ocla/statutesregulations/documents/RegulationonAcademicPromotiontoProfessorScale2v1.3.pdf
University College Cork,AC-8,AC,Context,Responsible Research and Innovation,"8.2 Recognition of integrated, community-based, and extra-academic research",,Do the promotion/tenure guidelines or policies that recognize research impact or reach outside of academic journals cover all of the institution’s research-producing academic divisions?,Yes,,,boolean,
University College Cork,AC-8,AC,Context,Responsible Research and Innovation,"8.2 Recognition of integrated, community-based, and extra-academic research",,Online location of the institution’s promotion/tenure guidelines or policies,https://www.ucc.ie/en/media/support/hr/RubricPromotionLecturertoSnrLecturerApril24.pdf,,,url,https://www.ucc.ie/en/media/support/hr/RubricPromotionLecturertoSnrLecturerApril24.pdf
University College Cork,AC-8,AC,Context,Responsible Research and Innovation,"8.2 Recognition of integrated, community-based, and extra-academic research",,Copy of the institution’s promotion/tenure guidelines or policies,,,,not_reported,
University College Cork,AC-8,AC,Context,Responsible Research and Innovation,"8.2 Recognition of integrated, community-based, and extra-academic research",,Points earned for indicator AC 8.2,3,,3.0,number,
University College Cork,AC-8,AC,Context,Responsible Research and Innovation,8.3 Inter-campus collaboration for responsible research and innovation,,Does the institution participate in one or more inter-campus research collaboratives that have an explicit mission to promote responsible research and innovation?,Yes,,,boolean,
University College Cork,AC-8,AC,Context,Responsible Research and Innovation,8.3 Inter-campus collaboration for responsible research and innovation,,Description of the institution’s inter-campus collaborations for responsible research and innovation,"The National Forum on Research Integrity (NRIF) was established in June 2015. It is coordinated by the Irish Universities Association (IUA) and the Technological Higher Education Association (THEA). In 2022, the NRIF was re-structured into two element including a focused Steering Group where strategic issues related to Conduct of Research and Research Integrity are discussed among key senior stakeholders. The group is chaired by Professor Anita Maguire from University College Cork. UCC is leading the development of an Engaged & Inclusive Research Culture Alliance (ERICA) through its Wellcome Trust funded project aimed at positively enculturating Early Career Researchers into a healthy research environment that is inclusive in design and practice, ethical and engaged. https://wellcome.org/research-funding/funding-portfolio/funded-grants/external-voice-defining-engaged-and-inclusive In addition, UCC's Dr Siobhán Cusack (Director of Research Strategy and Projects) is a member of the national Research and Innovation Policy Advisory Forum, which was established to advise the Minister for Further and Higher Education on implementation of Ireland's Research 2030 strategy. Research Culture is a key element of the Strategy as detailed in pages 28 and 29 of this document - https://assets.gov.ie/static/documents/impact-2030-irelands-research-and-innovation-strategy.pdf Other relevant networks that UCC is a member of include: - CoARA National Chapter ( https://coara.eu/ ) - Irish University Association ( https://www.iua.ie/ourwork/research-innovation/ ) pursuing and implementing common policies and actions, including Policy development for supporting research, Specific Operations to support access to funding, Supporting Researchers Careers - https://unic.eu/fr/opensciencecampus",,,text_long,https://wellcome.org/research-funding/funding-portfolio/funded-grants/external-voice-defining-engaged-and-inclusive https://assets.gov.ie/static/documents/impact-2030-irelands-research-and-innovation-strategy.pdf https://coara.eu/ https://www.iua.ie/ourwork/research-innovation/
University College Cork,AC-8,AC,Context,Responsible Research and Innovation,8.3 Inter-campus collaboration for responsible research and innovation,,Points earned for indicator AC 8.3,1,,1.0,number,
University College Cork,AC-8,AC,Context,Responsible Research and Innovation,8.4 Support for open access publishing,,"Does the institution offer repository hosting that makes versions of journal articles, book chapters, and other peer-reviewed scholarly works by its employees freely available on the public internet?",Yes,,,boolean,
University College Cork,AC-8,AC,Context,Responsible Research and Innovation,8.4 Support for open access publishing,,Narrative and/or website URL providing an overview of the open access repository,Cork Open Research Archive (CORA) is UCC’s Open Access institutional repository which enables UCC researchers to make their research outputs freely available and accessible. https://cora.ucc.ie/home,,,text,https://cora.ucc.ie/home
University College Cork,AC-8,AC,Context,Responsible Research and Innovation,8.4 Support for open access publishing,,Does the institution have one or more published policies that require its employees to publish scholarly works open access or archive final post-peer reviewed versions of scholarly works in an open access repository?,Yes,,,boolean,
University College Cork,AC-8,AC,Context,Responsible Research and Innovation,8.4 Support for open access publishing,,Do the open access policies cover all of the institution’s research-producing academic divisions?,Yes,,,boolean,
University College Cork,AC-8,AC,Context,Responsible Research and Innovation,8.4 Support for open access publishing,,Text or online location of the institution’s open access policies,"The UCC Open Access to Publications Policy was devised by Information Services and the Office of the VP for Research and Innovation working with the Academic Council Research and Innovation Committee. https://libguides.ucc.ie/openaccess/uccpublicationspolicy Authors of peer-reviewed articles and peer-reviewed conference papers resulting from research carried out at University College Cork will deposit a copy in the CORA (Cork Open Research Archive) repository. In order to comply with the policy, you should 'act on acceptance'. When your journal article or conference paper has been accepted for publication, you should either upload the accepted version through your IRIS profile or e-mail the file to cora@ucc.ie. UCC Library will make deposit as easy as possible by checking copyright and adhering to the publisher's terms and conditions.",,,text_long,
University College Cork,AC-8,AC,Context,Responsible Research and Innovation,8.4 Support for open access publishing,,Copy of the institution’s open access policies,OpenAccessPublicationsPolicy.docx,,,text,https://reports.aashe.org/media/secure/989/8/734/6519/OpenAccessPublicationsPolicy.docx
University College Cork,AC-8,AC,Context,Responsible Research and Innovation,8.4 Support for open access publishing,,Does the institution provide an open access article processing charge (APC) fund for employees?,Yes,,,boolean,
University College Cork,AC-8,AC,Context,Responsible Research and Innovation,8.4 Support for open access publishing,,Narrative and/or website URL providing an overview of the open access APC fund,"Open Access Publishing information: https://libguides.ucc.ie/OAagreements APC can be funded via research funding and/or through the IReL consortium. UCC is a member of IReL (Irish Research eLibrary; https://libguides.ucc.ie/c.php?g=689384&p=5267387 ), and through this membership, we have publication agreements with many of the larger publishers.",,,text_long,https://libguides.ucc.ie/OAagreements https://libguides.ucc.ie/c.php?g=689384&p=5267387
University College Cork,AC-8,AC,Context,Responsible Research and Innovation,8.4 Support for open access publishing,,Does the institution negotiate or participate in transformative open access agreements that are consistent with ESAC guidelines?,Yes,,,boolean,
University College Cork,AC-8,AC,Context,Responsible Research and Innovation,8.4 Support for open access publishing,,Narrative and/or website URL providing an overview of the institution’s transformative open access agreements with publishers,IRel is a member of the ESAC transformative research registry and UCC is a member of IRel. https://esac-initiative.org/about/transformative-agreements/agreement-registry/ https://libguides.ucc.ie/OAagreements,,,text_long,https://esac-initiative.org/about/transformative-agreements/agreement-registry/ https://libguides.ucc.ie/OAagreements
University College Cork,AC-8,AC,Context,Responsible Research and Innovation,8.4 Support for open access publishing,,Points earned for indicator AC 8.4,2,,2.0,number,
University College Cork,AC-8,AC,Context,Responsible Research and Innovation,Optional documentation,,Notes about the information provided for this credit,,,,not_reported,
University College Cork,AC-8,AC,Context,Responsible Research and Innovation,Optional documentation,,Additional documentation for this credit,,,,not_reported,
University College Cork,EN-1,EN,Context,Outreach and Communications,1.1 Sustainability outreach and communications,,Does the institution have a central sustainability website that consolidates information about its sustainability efforts?,Yes,,,boolean,
University College Cork,EN-1,EN,Context,Outreach and Communications,1.1 Sustainability outreach and communications,,Website URL of the institution’s central sustainability website,https://www.ucc.ie/en/sustainability/,,,url,https://www.ucc.ie/en/sustainability/
University College Cork,EN-1,EN,Context,Outreach and Communications,1.1 Sustainability outreach and communications,,Does the institution integrate sustainability information into the educational offerings or materials provided during new student orientation or the equivalent?,Yes,,,boolean,
University College Cork,EN-1,EN,Context,Outreach and Communications,1.1 Sustainability outreach and communications,,Narrative outlining how sustainability information is integrated into new student orientation or the equivalent,"All new students entering UCC receive a full programme of orientation. The Student's Union and Greenshoots coordinator speak to each and every incoming student at this time, and specifically introduce them to the Green Campus programme at UCC. All incoming students are given an orientation pack, outlining the prominent aspects of ""student life"" in UCC, this orientation pack contains a page detailing the activities of Green Campus and the sustainability ethos of the university. All incoming first year students are also taken on a tour of UCC by the UCC Peer Support Leaders. The sustainability office speaks at the Peer Support Leader training day, to ensure that all are aware of the sustainability features of the campus and highlight these on the tour.",,,text_long,
University College Cork,EN-1,EN,Context,Outreach and Communications,1.1 Sustainability outreach and communications,,Does the institution integrate sustainability information into the educational offerings or materials provided during new employee orientation or the equivalent?,Yes,,,boolean,
University College Cork,EN-1,EN,Context,Outreach and Communications,1.1 Sustainability outreach and communications,,Narrative outlining how sustainability information is integrated into new employee orientation of the equivalent,"Every new employee to UCC undertakes an induction training session with the HR department. A slide on Green Campus is included in this session. Before a new employee even begins their role in the University they are provided with an introduction pack, which includes details on how the University is prioritising sustainability and a leader in Green Universities globally.",,,text_long,
University College Cork,EN-1,EN,Context,Outreach and Communications,1.1 Sustainability outreach and communications,,Does the institution have dashboards and/or signage highlighting the institution’s sustainability features or performance?,Yes,,,boolean,
University College Cork,EN-1,EN,Context,Outreach and Communications,1.1 Sustainability outreach and communications,,Description of the institution’s sustainability dashboards and/or signage,"Interactive screens are available across campus, where upcoming green campus and sustainability initiatives and events are advertised. At the Student Hub building, which is one of the busiest on campus, a large mural of the SDGs is displayed with the caption ""UCC Commites to Leave No One Behind"". A photo of the mural can be seen here- https://www.ucc.ie/en/research/sdgs/sdgsbyschoolcentre/",,,text_long,
University College Cork,EN-1,EN,Context,Outreach and Communications,1.1 Sustainability outreach and communications,,"Does the institution manage a sustainability-focused social media account, newsletter, blog, online community, podcast, video series, or equivalent communications medium or platform?",Yes,,,boolean,
University College Cork,EN-1,EN,Context,Outreach and Communications,1.1 Sustainability outreach and communications,,Description of and/or website URL for at least one sustainability-focused communication medium or platform,UCC Green Campus is active across all social media platforms and the website is available here: https://www.ucc.ie/en/greencampus/ Other information on sustainability inistiatives can also be found on the Office of Sustainability and Climate Action webpage: https://www.ucc.ie/en/sustainability-climate-action/about/,,,text_long,https://www.ucc.ie/en/greencampus/ https://www.ucc.ie/en/sustainability-climate-action/about/
University College Cork,EN-1,EN,Context,Outreach and Communications,1.1 Sustainability outreach and communications,,Has the institution coordinated one or more sustainability-focused outreach campaigns during the previous three years?,Yes,,,boolean,
University College Cork,EN-1,EN,Context,Outreach and Communications,1.1 Sustainability outreach and communications,,Description of sustainability-focused outreach campaigns from the previous three years,"UCC's Building and Estates team runs an annual ""Reduce your Use"" campaign, which is in conjuntion with the Office of Public Works national campaign across the civil and public service. There are weekly thematic communications rolled out on email and social media, focused on encouraging the campus community to reduce our energy consumption.",,,text_long,
University College Cork,EN-1,EN,Context,Outreach and Communications,1.1 Sustainability outreach and communications,,Points earned for indicator EN 1.1,3,,3.0,number,
University College Cork,EN-1,EN,Context,Outreach and Communications,1.2 Percentage of campus stakeholders reached through sustainability outreach and communications,,Does the institution collect data on the reach of its sustainability outreach and communications efforts and/or stakeholder awareness of its sustainability initiatives?,Yes,,,boolean,
University College Cork,EN-1,EN,Context,Outreach and Communications,1.2 Percentage of campus stakeholders reached through sustainability outreach and communications,,Percentage of campus stakeholders reached annually through sustainability outreach and communications,80 to 100,,,text,
University College Cork,EN-1,EN,Context,Outreach and Communications,1.2 Percentage of campus stakeholders reached through sustainability outreach and communications,,Approach used to determine the percentage of campus stakeholders reached annually,Communication analytics,,,text,
University College Cork,EN-1,EN,Context,Outreach and Communications,1.2 Percentage of campus stakeholders reached through sustainability outreach and communications,,Description of the methodology used to determine the reach of the institution’s sustainability outreach and communications,UCC's committment to sustainability is highlighted throughout many of the key documents and communications that all staff and students would recieve on entering the University. All new student and staff orientation events and documents reference the Green Campus programme and highlight UCC's strength in sustainability. News items on Sustainability are sent to the staff and student body regulalry through the President's Quarterly message as well as the Office of Sustainability and Climate Action Newsletter which are published on the University's Workvivo site.,,,text_long,
University College Cork,EN-1,EN,Context,Outreach and Communications,1.2 Percentage of campus stakeholders reached through sustainability outreach and communications,,Points earned for indicator EN 1.2,2,,2.0,number,
University College Cork,EN-1,EN,Context,Outreach and Communications,Optional documentation,,Notes about the information provided for this credit,,,,not_reported,
University College Cork,EN-1,EN,Context,Outreach and Communications,Optional documentation,,Additional documentation for this credit,,,,not_reported,
University College Cork,EN-2,EN,Context,Co-Curricular Activities,2.1 Student sustainability organization,,Does the institution formally recognize at least one student organization that is sustainability-focused?,Yes,,,boolean,
University College Cork,EN-2,EN,Context,Co-Curricular Activities,2.1 Student sustainability organization,,Narrative and/or website URL providing an overview of the sustainability-focused student organization(s),"Student organisations related to sustainability and the environment in UCC include the student led Green campus committee, the Students Union and a variety of student clubs and societies. The Green Campus Committee is the core student representation for sustainability activity at UCC. The university is home to 105 student societies and 49 clubs. These clubs and societies bring together students with common interests and encourage active participations, activism and social activities under the organisation theme. Details of organisations with activities directly and indirectly related to sustainability and environment are described here : 1- UCC Green Campus Programme is “Student Led, Research Informed, Practise Focussed”. The Green Campus Committee is co chaired by the Deputy President of the Student’s Union and the Chair of the Environmental Society. The committee is composed or students and staff, who collaborate on sustainability activities across the institute. 3- UCC Environmental Society: Envirosoc are primarily concerned with student activism, appreciation and conservation of the environment, through the promotion of sustainability. 4 - Animal Welfare Society: For UCC students interested in the area of animal welfare and/or people who want to get involved in the area of animal welfare. Promotes animal welfare in agriculture, and meat reduced diets. 5 - Archaeology Society: Includes themes of society, culture, built and human environments and natural heritage. 6 - Community Garden: A student group that run a community garden on campus, the garden houses three polytunnels, courses and training events on growing your own food. 7 - Co-Operative Society: A society for students interested in promoting the use of Co-Operatives, in tackling social and environmental issues. 8 - Enactus Society: Enactus is the social entrepreneurship society where students use entrepreneurial skills to do societal good - developing projects, ideas and businesses that directly impact humanity. 9 - Engineers without Borders: Aims to educate students about and contribute to sustainable development globally. Engineers Without Borders (EWB) is an international organisation attempting to bridge the gap between academia, industry and NGOs. 10 - Failte Refugees: Dedicated to welcoming refugees and asylum seekers to UCC, Cork and Ireland, working on ensuring understanding, solidarity and basic human rights in our communities 11 - Friends of MSF: International humanitarian organisation that aid to people affected by armed conflict, epidemics, natural and man-made disasters or exclusion from health care. 12 - Geological Society: Physical geography, earth science, geology and the processes that shape the natural world. 13 - International Development Society: Works closely with the Centre for Global Development in UCC to run campaigns around global sustainability. 14 - Planning Society The UCC Planning Society is a society dedicated to the issues of spatial planning and its associated fields including sustainable development. 15 - Vegan Society: Provide a social and educational environment for students who are vegan, or curious about veganism,",,,text_long,
University College Cork,EN-2,EN,Context,Co-Curricular Activities,2.1 Student sustainability organization,,"Does the institution formally recognize at least one student organization that is focused on a topic other than sustainability, but is advancing ecological integrity or racial equity and social justice?",Yes,,,boolean,
University College Cork,EN-2,EN,Context,Co-Curricular Activities,2.1 Student sustainability organization,,Narrative and/or website URL providing an overview of the student organizations that are advancing ecological integrity or racial equity and social justice,"UCC Students’ Union (SU) is the democratically elected, representative body for students in UCC. The SU’s main functions are to provide academic assistance to students, to provide support to students in need, to lobby the University and the government on issues affecting students, and to provide entertainment on campus. UCC's student's Union places a strong emphasis on ecological integrity, racial equity and social justice. The students union executive includes a welfare officer, campaigns officer and an environmental officer. In 2025 it voted to make the environmental officer position a full time sabbatical one.",,,text_long,
University College Cork,EN-2,EN,Context,Co-Curricular Activities,2.1 Student sustainability organization,,Points earned for indicator EN 2.1,2,,2.0,number,
University College Cork,EN-2,EN,Context,Co-Curricular Activities,2.2 Sustainability-focused co-curricular activities,,Has the institution hosted a major sustainability-focused event or series of events during the previous three years targeted to students?,Yes,,,boolean,
University College Cork,EN-2,EN,Context,Co-Curricular Activities,2.2 Sustainability-focused co-curricular activities,,Description of and/or website URL for at least one major sustainability-focused event or series of events,https://www.ucc.ie/en/sustainability-climate-action/news/schedule-for-climate-action-week-2025.html https://www.ucc.ie/en/sustainability-climate-action/news/green-week-2025-.html,,,url,https://www.ucc.ie/en/sustainability-climate-action/news/schedule-for-climate-action-week-2025.html https://www.ucc.ie/en/sustainability-climate-action/news/green-week-2025-.html
University College Cork,EN-2,EN,Context,Co-Curricular Activities,2.2 Sustainability-focused co-curricular activities,,Does the institution have a sustainability-focused peer-to-peer education program in which student educators are selected and trained to help catalyze change among their peers?,Yes,,,boolean,
University College Cork,EN-2,EN,Context,Co-Curricular Activities,2.2 Sustainability-focused co-curricular activities,,Description of and/or website URL for at least one sustainability-focused peer-to-peer education programs for students,https://www.ucc.ie/en/sustainability-climate-action/greenshoots-green-campus-coordinator/,,,url,https://www.ucc.ie/en/sustainability-climate-action/greenshoots-green-campus-coordinator/
University College Cork,EN-2,EN,Context,Co-Curricular Activities,2.2 Sustainability-focused co-curricular activities,,Does the institution regularly provide sustainability-focused employment opportunities for students on at least an annual basis?,Yes,,,boolean,
University College Cork,EN-2,EN,Context,Co-Curricular Activities,2.2 Sustainability-focused co-curricular activities,,Description of and/or website URL for at least one sustainability-focused employment opportunity for students,"UCC Green Campus Programme offers both paid and accredited internships through the “UCC EmployAgility” (Formerly known as ""UCC Works"") programme. The Office of Sustainability and Climate Action employs interns to work on Green Campus activities. The UCC Works interns work a minimum of 40 hours on the programme, while paid interns work longer term, undertaking projects in the areas of transportation, carbon footprinting, behavioural change projects, engagement and communications. The students produce a reflective report at the end of the internship and receive a certificate as part of the overall Employagility end of year ceremony.",,,text_long,
University College Cork,EN-2,EN,Context,Co-Curricular Activities,2.2 Sustainability-focused co-curricular activities,,Does the institution have at least one student-managed enterprise that is sustainability-focused?,Yes,,,boolean,
University College Cork,EN-2,EN,Context,Co-Curricular Activities,2.2 Sustainability-focused co-curricular activities,,Description of and/or website URL for at least one student-managed enterprise that is sustainability-focused,"UCC’s Students’ Union (UCCSU) launched its Food Pantry in 2025, a sustainability initiative designed to reduce food waste and support students experiencing food insecurity. This is a partnership with FoodCloud, an Irish social enterprise dedicated to reducing food waste through the redistribution of surplus food from businesses to charities nationwide, and is supported by the UCC Alumni Fund which awards grants to projects that enrich the UCC student experience beyond the scope of government funding. The pantry will operate weekly throughout the academic year and complements the existing UCCSU Food Bank, which provides food vouchers to students. The pantry will provide students with essential ambient and fresh food items recovered through FoodCloud’s redistribution network.",,,text_long,
University College Cork,EN-2,EN,Context,Co-Curricular Activities,2.2 Sustainability-focused co-curricular activities,,Description of additional sustainability-focused co-curricular activities for students,"Run by the UCC Business School, The SDG-Driven Entrepreneurship Simulation Game delivers an innovative, unique coffee shop simulation game that integrates sustainability with business decisions and strategies. https://www.ucc.ie/en/innovation/whatwedo/sdgs/",,,text_long,https://www.ucc.ie/en/innovation/whatwedo/sdgs/
University College Cork,EN-2,EN,Context,Co-Curricular Activities,2.2 Sustainability-focused co-curricular activities,,Points earned for indicator EN 2.2,2,,2.0,number,
University College Cork,EN-2,EN,Context,Co-Curricular Activities,2.3 Percentage of students that participate in sustainability activities,,Does the institution collect data on the extent of student participation in its sustainability activities?,Yes,,,boolean,
University College Cork,EN-2,EN,Context,Co-Curricular Activities,2.3 Percentage of students that participate in sustainability activities,,Percentage of students that participate in sustainability activities annually,50 to 100,,,text,
University College Cork,EN-2,EN,Context,Co-Curricular Activities,2.3 Percentage of students that participate in sustainability activities,,Approach used to determine the percentage of students that participate in the institution’s sustainability activities annually,Conservative estimate based on mixed/limited data sources,,,text,
University College Cork,EN-2,EN,Context,Co-Curricular Activities,2.3 Percentage of students that participate in sustainability activities,,Narrative outlining how student participation in the institution’s sustainability activities was determined,"There are 13,000 active members of over 100 societies in UCC https://www.ucc.ie/en/societies/ (representing 52% of the entire student population), a large proportion of these are dedicated to SDG relevant topics such as LGBT society, Environmental Society, Engineers without borders. Regardless of their thematic focus, many of the societies organise collaborations with the Green Campus Team during Green Week and Climate Action Week. See for example the 2026 Green Week schedule which includes collaborations with the UCC Chemical Society, the Pop Culture Society, the European and Slavac Society and Folklore Society: https://www.ucc.ie/en/media/support/sustainabilityandclimateaction/2026GreenWeek.pdf, This is just a sample of the types of innovative collaborations that are undertaken throughout the year with these groups. Aside from participation in Societies, UCC students also engage with sustainability activities through the UCC Graduate Attributes Programme, one example of this is the ""Your Compass"" resource - Your Compass | University College Cork, programme, which over 2,000 students have actively engaged in. Within their relevent schools students are also encouraged to engage with sustainability activities through initiatives like CUBS Leaders of Tomorrow Programme- https://www.ucc.ie/en/business-school/newsandevents/2026/cubs-leaders-of-tomorrow-2026-.html . The programme is a student-centric school-wide initiative to recognise the substantial impact of students beyond the classroom and academic grades. In its fourth year of operation, the initiative recognises students who showcase their many capabilities and talents, which align with the school’s vision to ‘Shape Leaders for a Sustainable Future For All’. A large number of students also engage with the UCC Student Union Food Pantry, which is run in collaboration with FoodCloud and places a strong emphasis on reducing food waste. https://www.uccsu.ie/news/food-pantry-uccsu-2026",,,text_long,https://www.ucc.ie/en/societies/ https://www.ucc.ie/en/media/support/sustainabilityandclimateaction/2026GreenWeek.pdf https://www.ucc.ie/en/graduateattributes/yourcompass/ https://www.ucc.ie/en/business-school/newsandevents/2026/cubs-leaders-of-tomorrow-2026-.html
University College Cork,EN-2,EN,Context,Co-Curricular Activities,2.3 Percentage of students that participate in sustainability activities,,Points earned for indicator EN 2.3,5,,5.0,number,
University College Cork,EN-2,EN,Context,Co-Curricular Activities,Optional documentation,,Notes about the information provided for this credit,,,,not_reported,
University College Cork,EN-2,EN,Context,Co-Curricular Activities,Optional documentation,,Additional documentation for this credit,,,,not_reported,
University College Cork,EN-3,EN,Context,Staff Engagement and Training,3.1 Staff sustainability network or engagement program,,Does the institution have at least one voluntary network or engagement program open to non-academic staff that is sustainability-focused?,Yes,,,boolean,
University College Cork,EN-3,EN,Context,Staff Engagement and Training,3.1 Staff sustainability network or engagement program,,Narrative and/or website URL providing an overview of the sustainability-focused staff networks and engagement programs,"The Green Campus Committee, chaired by the Student’s Union Deputy President, is open to all staff and studetns of UCC and meets regularly to discuss ideas and campaigns to improve our campus. These meetings feed into biannual meetings of the Green Campus Forum, which takes its membership from across all functions within the University. The forum ensures continuity and strategic oversight throughout the academic cycle.",,,text_long,
University College Cork,EN-3,EN,Context,Staff Engagement and Training,3.1 Staff sustainability network or engagement program,,Does the institution have at least one voluntary staff network or engagement program open to non-academic staff that is focused on a topic other than sustainability that is advancing ecological integrity and/or racial equity and social justice?,Yes,,,boolean,
University College Cork,EN-3,EN,Context,Staff Engagement and Training,3.1 Staff sustainability network or engagement program,,Narrative or website URL providing an overview of the staff networks and engagement programs that are advancing ecological integrity and/or racial equity and social justice,"In 2023, UCC launched the UCC Race equality Network , with co-chairs Dr Sanaa Khabbar and Dr Jatin Nagpal. It was launched as part of UCC's annual Equality Week. The foundational work for the Network began in 2019 with the establishment of the Race Equality Forum in UCC. This transition continues to highlight UCC's commitment to anti-racism as established by the Higher Education Authority's (HEA) Anti-Racism Principles. The Race Equality Network supports, strengthens and nurtures our minority ethnic staff and students in solidarity with our allies.",,,text_long,http://www.ucc.ie/en/race-equality
University College Cork,EN-3,EN,Context,Staff Engagement and Training,3.1 Staff sustainability network or engagement program,,Points earned for indicator EN 3.1,2,,2.0,number,
University College Cork,EN-3,EN,Context,Staff Engagement and Training,3.2 Sustainability-focused staff training,,Does the institution make available sustainability-focused training opportunities to non-academic staff on at least an annual basis?,Yes,,,boolean,
University College Cork,EN-3,EN,Context,Staff Engagement and Training,3.2 Sustainability-focused staff training,,Description of and/or website URL for at least one of the institution’s sustainability-focused staff training opportunities,"In 2024, UCC's Office of Sustainability and Climate Action in collaboration with the Sustainability Institute and Academy developed a 4-hour Climate Leadership Training Course which was delivered to all members of the University's Leadership team. In 2025 the course was also delivered to the Executive Management Committees of each of the four academic colleges in UCC and made available to all managers in the University through the Manager's Insights Hub. This training is complemented by the University's Climate Literacy Training course which is available to all staff and students - https://www.ucc.ie/en/sustainability-climate-action/education/carbon-literacy/",,,text_long,https://www.ucc.ie/en/sustainability-climate-action/education/carbon-literacy/
University College Cork,EN-3,EN,Context,Staff Engagement and Training,3.2 Sustainability-focused staff training,,Points earned for indicator EN 3.2,2,,2.0,number,
University College Cork,EN-3,EN,Context,Staff Engagement and Training,3.3 Percentage of employees that participate in sustainability activities,,Does the institution collect data on the extent of employee participation in its sustainability activities?,Yes,,,boolean,
University College Cork,EN-3,EN,Context,Staff Engagement and Training,3.3 Percentage of employees that participate in sustainability activities,,Percentage of employees that participate in sustainability activities annually,50 to 100,,,text,
University College Cork,EN-3,EN,Context,Staff Engagement and Training,3.3 Percentage of employees that participate in sustainability activities,,Approach used to determine the percentage of employees that participate in the institution’s sustainability activities annually,Conservative estimate based on mixed/limited data sources,,,text,
University College Cork,EN-3,EN,Context,Staff Engagement and Training,3.3 Percentage of employees that participate in sustainability activities,,Narrative outlining how employee participation in the institution’s sustainability activities was determined,"All staff are welcome to attend Green Campus and Green Forum meetings as well as the events run by the Green Campus committee. The entire staff population is reached through numerous means for example: - All programme directors are required to participate in SDG mapping of their programmes as part of the rollout of the new programme management software. This represents a significant propoprtion of academic staff within the institution. - All management level staff from two of the 4 Colleges within the University, as well as the University Leadership Team have undertaken Climate Leadership Training, which involves a significant element of interactive workshopping to determine actions that can be undertaken within individual schools and colleges. - As part of the ISO50001 certification of the University, the Energy Mangager works with Green Teams composed of management and technical staff within 13 of the most energy inefficient buildings in the University through the Saver Saves scheme, this involves significant engagement in developing action plans around their energy consumption as well as broader sustainability activities. - The entire community actively engages with our Zero Waste ambitions through the rolling out of plastic free UCC initiative and the requirement for everyone to bring their own cups and bottles to cafes and restaurants across campus.",,,text_long,
University College Cork,EN-3,EN,Context,Staff Engagement and Training,3.3 Percentage of employees that participate in sustainability activities,,Points earned for indicator EN 3.3,4,,4.0,number,
University College Cork,EN-3,EN,Context,Staff Engagement and Training,Optional documentation,,Notes about the information provided for this credit,,,,not_reported,
University College Cork,EN-3,EN,Context,Staff Engagement and Training,Optional documentation,,Additional documentation for this credit,,,,not_reported,
University College Cork,EN-4,EN,Context,Sustainability Culture Assessment,4.1 Sustainability culture assessment design and administration,,Has the institution conducted an assessment of its sustainability culture during the previous three years?,Yes,,,boolean,
University College Cork,EN-4,EN,Context,Sustainability Culture Assessment,4.1 Sustainability culture assessment design and administration,,Narrative and/or website URL providing an overview of the instruments/tools used to assess sustainability culture,"From 2023 to 2026 UCC partnered with several other Universities across Europe on the SDG4U project. More information on the project is available here: SDG4U – SDG4U As part of this project each partner conducted an awareness survey to assess knowledge, beliefs, and practices of university students, faculty, and staff. The survey questions were designed by the consortium partners who comprised researchers, professors, and heads of sustainability. The survey was administered in 2024, with plans to repeat the survey in 2026 in order to understand changes and trends over time. The survey consists of multiple-choice questions that are aimed at assessing the level of awareness on general sustainability issues, attitudes and perceptions as well as to provide a prioritization in the implementation of the SDGs in each university.",,,text_long,https://www.sdg4uproject.eu/
University College Cork,EN-4,EN,Context,Sustainability Culture Assessment,4.1 Sustainability culture assessment design and administration,,Description of the institution’s recent sustainability culture assessment findings and any notable trends,"An interesting finding was that while participants cited waste reduction activites as the ones that thye engage with most frequently, SDG 12 (Sustainable Consumption and Production) still came out as the SDG that they thought required the most action by the insitution. This reflect a trend that has long been noted, that waste as an aspect that is particularly visable tends to get a lot of attention. SDG 13 was the second most cited as requiring further action from the University. An interesting finding was that, alongside environmental aspects of sustainability, many particpants viewed fair working conditions for staff as being equally important, demonstrating a need for the University to perhaps become more alinged in terms of its actions on environmental and social sustainability. The main barriers to action highlighted were resistance to change and a lack of awareness and concern.",,,text_long,
University College Cork,EN-4,EN,Context,Sustainability Culture Assessment,4.1 Sustainability culture assessment design and administration,,Is the culture assessment designed and administered in such a way that the results can be used to measure change over time?,Yes,,,boolean,
University College Cork,EN-4,EN,Context,Sustainability Culture Assessment,4.1 Sustainability culture assessment design and administration,,Description of how the design and administration of the sustainability culture assessments supports the measurement of change over time,"As part of this project a post awareness survey was also designed by the project partners. The survey consists of multiple-choice questions, a selection of which relate specifically to University actions on sustainability, including what particpiants engage with most actively and what actions they think the University should prioritise.",,,text_long,
University College Cork,EN-4,EN,Context,Sustainability Culture Assessment,4.1 Sustainability culture assessment design and administration,,Points earned for indicator EN 4.1,1,,1.0,number,
University College Cork,EN-4,EN,Context,Sustainability Culture Assessment,4.2 Percentage of students assessed for sustainability culture,,"Percentage of students assessed for sustainability culture, either directly or by representative sample",1 to 24,,,text,
University College Cork,EN-4,EN,Context,Sustainability Culture Assessment,4.2 Percentage of students assessed for sustainability culture,,Description of the process used to measure or estimate the percentage of students assessed for sustainability culture,The total number of survey respondents was divided by the total student population.,,,text,
University College Cork,EN-4,EN,Context,Sustainability Culture Assessment,4.2 Percentage of students assessed for sustainability culture,,Points earned for indicator EN 4.2,0.25,,0.25,number,
University College Cork,EN-4,EN,Context,Sustainability Culture Assessment,4.3 Percentage of employees assessed for sustainability culture,,"Percentage of employees assessed for sustainability culture, either directly or by representative sample",1 to 24,,,text,
University College Cork,EN-4,EN,Context,Sustainability Culture Assessment,4.3 Percentage of employees assessed for sustainability culture,,Description of the process used to measure or estimate the percentage of employees assessed for sustainability culture,The total number of survey respondents was divided by the total staffpopulation.,,,text,
University College Cork,EN-4,EN,Context,Sustainability Culture Assessment,4.3 Percentage of employees assessed for sustainability culture,,Points earned for indicator EN 4.3,0.25,,0.25,number,
University College Cork,EN-4,EN,Context,Sustainability Culture Assessment,Optional documentation,,Notes about the information provided for this credit,,,,not_reported,
University College Cork,EN-4,EN,Context,Sustainability Culture Assessment,Optional documentation,,Additional documentation for this credit,WP4_Survey_SDG4U.docx,,,text,https://reports.aashe.org/media/secure/989/9/857/9122/WP4_Survey_SDG4U.docx
University College Cork,EN-5,EN,Context,Civic Engagement,5.1 Percentage of students that participate in civic engagement programs,,Does the institution have one or more programs to support student civic engagement?,Yes,,,boolean,
University College Cork,EN-5,EN,Context,Civic Engagement,5.1 Percentage of students that participate in civic engagement programs,,Narrative and/or website URL providing an overview of the institution’s civic engagement programs for students,"UCC students are accredited for curriculum based volunteer hours through a Volunteering Pathway as part of our EmployAgility Awards. UCC research evidence shows 46% of students surveyed say they have volunteered in the previous six month. We track student volunteer hours via an online system: https://www.studentvolunteer.ie/ Students are required to dedicate a minimum of twenty hours of their time to a community based organisation and complete a reflective report. UCCs Academic Strategy, known as the 'Connected Curriculum' includes Civic and Community Engagement as a required aspect of all new modules and academic programmes, https://www.ucc.ie/en/registrar/theconnecteduniversity/academicstrategy/curriculum/ , embedding community engaged modalities such as service learning in our formal curriculum. UCC has a dedicated toolkit to support community engaged teaching https://www.ucc.ie/en/cirtl/resources/cetoolkit/ and a wide range of European partnerships that mobilise and support student service learning including UNICORN https://www.ucc.ie/en/civic/initiatives/unicorn/ ; RePIC https://www.ucc.ie/en/repic/ ; SPACE https://community-engagement.eu/space/ and UNIC CityLabs https://www.ucc.ie/en/unic/centre-for-city-futures/ UCC's student service learning is a recipient of the The MacJannet Prize for Global Citizenship from the Talloires Network.",,,text_long,https://eur01.safelinks.protection.outlook.com/?url=https%3A%2F%2Fwww.studentvolunteer.ie%2F&data=05%7C02%7Cm.kirrane%40ucc.ie%7C31192aa588d84ca2d56908de69804a11%7C46fe5ca5866f4e4292e9ed8786245545%7C0%7C0%7C639064196879717914%7CUnknown%7CTWFpbGZsb3d8eyJFbXB0eU1hcGkiOnRydWUsIlYiOiIwLjAuMDAwMCIsIlAiOiJXaW4zMiIsIkFOIjoiTWFpbCIsIldUIjoyfQ%3D%3D%7C0%7C%7C%7C&sdata=7SDOxpXGCJy8PK907SSKWu%2FUeLkRDPbf7f8slwGgsvY%3D&reserved=0 https://eur01.safelinks.protection.outlook.com/?url=https%3A%2F%2Fwww.ucc.ie%2Fen%2Fregistrar%2Ftheconnecteduniversity%2Facademicstrategy%2Fcurriculum%2F&data=05%7C02%7Cm.kirrane%40ucc.ie%7C31192aa588d84ca2d56908de69804a11%7C46fe5ca5866f4e4292e9ed8786245545%7C0%7C0%7C639064196879732528%7CUnknown%7CTWFpbGZsb3d8eyJFbXB0eU1hcGkiOnRydWUsIlYiOiIwLjAuMDAwMCIsIlAiOiJXaW4zMiIsIkFOIjoiTWFpbCIsIldUIjoyfQ%3D%3D%7C0%7C%7C%7C&sdata=VWnstcErx2YQC6ffRMJB7HptQ8Sg9NZFyFX4VjQaqF4%3D&reserved=0 https://eur01.safelinks.protection.outlook.com/?url=https%3A%2F%2Fwww.ucc.ie%2Fen%2Fcirtl%2Fresources%2Fcetoolkit%2F&data=05%7C02%7Cm.kirrane%40ucc.ie%7C31192aa588d84ca2d56908de69804a11%7C46fe5ca5866f4e4292e9ed8786245545%7C0%7C0%7C639064196879741110%7CUnknown%7CTWFpbGZsb3d8eyJFbXB0eU1hcGkiOnRydWUsIlYiOiIwLjAuMDAwMCIsIlAiOiJXaW4zMiIsIkFOIjoiTWFpbCIsIldUIjoyfQ%3D%3D%7C0%7C%7C%7C&sdata=DhMmz7GH5dWqZ9nJM2ct8cKkZdVELY1lWwqOePQXcc8%3D&reserved=0 https://eur01.safelinks.protection.outlook.com/?url=https%3A%2F%2Fwww.ucc.ie%2Fen%2Fcivic%2Finitiatives%2Funicorn%2F&data=05%7C02%7Cm.kirrane%40ucc.ie%7C31192aa588d84ca2d56908de69804a11%7C46fe5ca5866f4e4292e9ed8786245545%7C0%7C0%7C639064196879749009%7CUnknown%7CTWFpbGZsb3d8eyJFbXB0eU1hcGkiOnRydWUsIlYiOiIwLjAuMDAwMCIsIlAiOiJXaW4zMiIsIkFOIjoiTWFpbCIsIldUIjoyfQ%3D%3D%7C0%7C%7C%7C&sdata=%2BP07IyPl4hWCyAvfS1kZHtt8Joxh6t6b4mfWXG7IfVU%3D&reserved=0 https://eur01.safelinks.protection.outlook.com/?url=https%3A%2F%2Fwww.ucc.ie%2Fen%2Frepic%2F&data=05%7C02%7Cm.kirrane%40ucc.ie%7C31192aa588d84ca2d56908de69804a11%7C46fe5ca5866f4e4292e9ed8786245545%7C0%7C0%7C639064196879756662%7CUnknown%7CTWFpbGZsb3d8eyJFbXB0eU1hcGkiOnRydWUsIlYiOiIwLjAuMDAwMCIsIlAiOiJXaW4zMiIsIkFOIjoiTWFpbCIsIldUIjoyfQ%3D%3D%7C0%7C%7C%7C&sdata=x34t1MBs2oXDpC%2BfA%2FmH4wjUgQf7phYXooGtK%2FsjGTc%3D&reserved=0 https://eur01.safelinks.protection.outlook.com/?url=https%3A%2F%2Fcommunity-engagement.eu%2Fspace%2F&data=05%7C02%7Cm.kirrane%40ucc.ie%7C31192aa588d84ca2d56908de69804a11%7C46fe5ca5866f4e4292e9ed8786245545%7C0%7C0%7C639064196879764144%7CUnknown%7CTWFpbGZsb3d8eyJFbXB0eU1hcGkiOnRydWUsIlYiOiIwLjAuMDAwMCIsIlAiOiJXaW4zMiIsIkFOIjoiTWFpbCIsIldUIjoyfQ%3D%3D%7C0%7C%7C%7C&sdata=RINkhdXwFxOQUbFKCYIVXHBYoD0ix4s1NRYSfUnwe9k%3D&reserved=0 https://eur01.safelinks.protection.outlook.com/?url=https%3A%2F%2Fwww.ucc.ie%2Fen%2Funic%2Fcentre-for-city-futures%2F&data=05%7C02%7Cm.kirrane%40ucc.ie%7C31192aa588d84ca2d56908de69804a11%7C46fe5ca5866f4e4292e9ed8786245545%7C0%7C0%7C639064196879773856%7CUnknown%7CTWFpbGZsb3d8eyJFbXB0eU1hcGkiOnRydWUsIlYiOiIwLjAuMDAwMCIsIlAiOiJXaW4zMiIsIkFOIjoiTWFpbCIsIldUIjoyfQ%3D%3D%7C0%7C%7C%7C&sdata=zwRd4CzAIzzm7FUBZLbAOEIBbHG4WwHCUDT23z%2Fuyg8%3D&reserved=0
University College Cork,EN-5,EN,Context,Civic Engagement,5.1 Percentage of students that participate in civic engagement programs,,Percentage of students that participate in community service and/or other civic engagement programs annually,50 to 100,,,text,
University College Cork,EN-5,EN,Context,Civic Engagement,5.1 Percentage of students that participate in civic engagement programs,,Approach used to determine the percentage of students that participate in civic engagement programs annually,Direct tracking of participation,,,text,
University College Cork,EN-5,EN,Context,Civic Engagement,5.1 Percentage of students that participate in civic engagement programs,,Narrative outlining how student participation in civic engagement programs was determined,Student volunteer hours via an online system: https://www.studentvolunteer.ie/ Students are required to dedicate a minimum of twenty hours of their time to a community based organisation and complete a reflective report.,,,text_long,https://eur01.safelinks.protection.outlook.com/?url=https%3A%2F%2Fwww.studentvolunteer.ie%2F&data=05%7C02%7Cm.kirrane%40ucc.ie%7C31192aa588d84ca2d56908de69804a11%7C46fe5ca5866f4e4292e9ed8786245545%7C0%7C0%7C639064196879717914%7CUnknown%7CTWFpbGZsb3d8eyJFbXB0eU1hcGkiOnRydWUsIlYiOiIwLjAuMDAwMCIsIlAiOiJXaW4zMiIsIkFOIjoiTWFpbCIsIldUIjoyfQ%3D%3D%7C0%7C%7C%7C&sdata=7SDOxpXGCJy8PK907SSKWu%2FUeLkRDPbf7f8slwGgsvY%3D&reserved=0
University College Cork,EN-5,EN,Context,Civic Engagement,5.1 Percentage of students that participate in civic engagement programs,,Points earned for indicator EN 5.1,4,,4.0,number,
University College Cork,EN-5,EN,Context,Civic Engagement,5.2 Employee community service program,,Does the institution have one or more programs designed to support employee community service?,No,,,boolean,
University College Cork,EN-5,EN,Context,Civic Engagement,5.2 Employee community service program,,Narrative and/or website URL providing an overview of the institution’s programs to support employee community service,,,,not_reported,
University College Cork,EN-5,EN,Context,Civic Engagement,5.2 Employee community service program,,Does the institution support employees volunteering for community organizations during regular work hours?,No,,,boolean,
University College Cork,EN-5,EN,Context,Civic Engagement,5.2 Employee community service program,,Narrative and/or website URL providing an overview of the institution’s support for community volunteering during regular work hours,,,,not_reported,
University College Cork,EN-5,EN,Context,Civic Engagement,5.2 Employee community service program,,Points earned for indicator EN 5.2,0,,0.0,number,
University College Cork,EN-5,EN,Context,Civic Engagement,5.3 Support for public policies to advance sustainability,,Have one or more individuals affiliated with the institution helped develop public policies that address sustainability challenges within the previous three years?,Yes,,,boolean,
University College Cork,EN-5,EN,Context,Civic Engagement,5.3 Support for public policies to advance sustainability,,Narrative outlining how individuals affiliated with the institution have helped develop local or regional public policies that address sustainability challenges,"UCC academics have been key supporters of Cork City Council's Mission City initiative, which aims to see the city become net zero emissions by 2030. The ‘Modelling and Spatial Mapping of Cork City Baseline Emissions’ study, completed by UCC’s School of Engineering and Architecture, MaREI and ERI, gathered data on emissions from homes, vehicles and businesses. It calculated energy demand and modelled CO2 emissions across transport, residential, commercial/industry, public, agriculture & fishing and waste while mapping energy and CO2 emissions and comparing them against national emissions models. The research, led by Dr Marguerite Nyhan, found that Cork City is releasing nearly 1 million tonnes of greenhouse gases into the air every year. The finings were used to inform the city's action plan and assemssment of financial need to acheive it's ambitious target. In addition, through the UNIC programme, UCC has established the Urban Climate Collab, a research project aiming to investigate and strengthen collaborations between universities and municipalities when working together to achieve climate action in cities. City contexts have a key role to play in addressing sustainability challenges. For many urban residents, climate action and sustainability can act as a vehicle to achieve their own local objectives in relation to health, equity, wellbeing, safety, and resilience. City-University partnerships can help to support such objectives whilst also working towards meeting the international and national policy targets which are in place. While taking an international approach to investigate city-university partnerships, Urban Climate Collab will also work directly within our local context, partnering with Cork City Council. Providing relevant findings in relation to achieving action and impact hold importance in the context of Cork City, with the city acting as an EU Mission: Climate-Neutral and Smart City , seeking to achieve decarbonisation by 2030. More information can be found here: https://www.ucc.ie/en/urban-climate-collab/",,,text_long,https://www.ucc.ie/en/urban-climate-collab/
University College Cork,EN-5,EN,Context,Civic Engagement,5.3 Support for public policies to advance sustainability,,Narrative outlining how individuals affiliated with the institution have helped develop national or international public policies that address sustainability challenges,"In 2023, UCC entered into a contract with Ireland's Department of Environment, Climate and Communications todevelop energy and climate analysis for the national government over five years. Government Departments will have direct access UCC’s expertise to increase the evidence base underpinning energy and climate mitigation policies. As Ireland faces the twin challenges of a climate and energy crisis, €3.5m in funding has been awarded today by the Department of Environment, Climate and Communications (DECC) to University College Cork (UCC) to provide energy modelling analysis over the next five years. Minister for the Environment, Climate and Communications, Eamon Ryan, said, ""I am delighted that UCC has been selected as one of our Climate Action Modelling Group (CAMG) partners. Ireland’s climate ambition and emission reduction commitments are challenging but attainable. To find the most effective and feasible pathways to meet our goals will require robust and up to date modelling and analysis. The work undertaken by UCC, as part of the CAMG, will be essential to inform policy."" Under the funding agreement Government Departments will be able to directly access UCC’s expertise, in a bid to ensure future decisions on Ireland’s energy and climate policy are evidence-based. UCC is Ireland’s scientific leader in energy systems modelling with a specific research base and detailed modelling tools developed over 20 years. Energy system models are detailed computer representations of Ireland’s entire energy system (electricity, heat & transport) that enable researchers to explore future pathways and solutions to Ireland’s complex energy challenges. https://www.ucc.ie/en/research/news/2023/ucc-awarded-35m-to-deliver-energy-modelling-for-ireland.html",,,text_long,
University College Cork,EN-5,EN,Context,Civic Engagement,5.3 Support for public policies to advance sustainability,,Has the institution advocated for public policies to advance sustainability during the previous three years?,Yes,,,boolean,
University College Cork,EN-5,EN,Context,Civic Engagement,5.3 Support for public policies to advance sustainability,,Narrative and/or website URL providing an overview of the institution’s advocacy for public policies to advance sustainability,"In 2023, University College Cork (UCC) became the first Irish University to formally support the call for a Fossil Fuel Non-Proliferation Treaty, a global initiative that aims to accelerate and manage the end of the fossil fuel industry by expediting an equitable phase-out of oil, gas and coal, and a just transition towards safer and cleaner energy sources. The initiative was launched by a group of Pacific island nations and calls for a binding global plan to end new expansion of fossil fuel production, the phase out of existing production of fossil fuels in a manner that is fair and equitable and to support fossil fuel-dependent economies to diversify away from fossil fuels in a just transition. It has gained support from the World Health Organization , the European Parliament , 101 Nobel Laureates , 600+ parliamentarians in 83 countries, 2,100 civil society organisations , 3,000 scientists and academics and 100 cities and subnational government s, and 9 Peruvian Indigenous Nations . UCC’s call for a Fossil Fuel Non-Proliferation Treaty was proposed from UCC's student body, and President of UCC, Professor John O’Halloran. “We cannot let yet another opportunity slip by and today we lend our voice to the call for a global plan to ensure a phasing out of fossil fuels in a fair and equitable just transition.”",,,text_long,"https://fossilfueltreaty.org/ http://fossilfueltreaty.org/health-letter http://fossilfueltreaty.org/european-parliament https://fossilfueltreaty.org/nobel-letter http://fossilfuelfreefuture.org/ http://fossilfueltreaty.org/endorsements https://fossilfueltreaty.org/open-letter http://fossilfueltreaty.org/cities https://fossilfueltreaty.org/9-indigenous-nations#:~:text=A%20Fossil%20Fuel%20Non%2DProliferation%20Treaty%20would%20guarantee%20the%20protection,environment%20and%20the%20global%20climate."
University College Cork,EN-5,EN,Context,Civic Engagement,5.3 Support for public policies to advance sustainability,,Documentary evidence of the institution’s advocacy for public policies to advance sustainability,,,,not_reported,
University College Cork,EN-5,EN,Context,Civic Engagement,5.3 Support for public policies to advance sustainability,,Online resource that provides evidence of the institution’s advocacy for public policies to advance sustainability,https://www.ucc.ie/en/news/2023/ucc-formally-calls-for-a-fossil-fuel-non-proliferation-treaty-.html,,,url,https://www.ucc.ie/en/news/2023/ucc-formally-calls-for-a-fossil-fuel-non-proliferation-treaty-.html
University College Cork,EN-5,EN,Context,Civic Engagement,5.3 Support for public policies to advance sustainability,,Points earned for indicator EN 5.3,3,,3.0,number,
University College Cork,EN-5,EN,Context,Civic Engagement,Optional documentation,,Notes about the information provided for this credit,,,,not_reported,
University College Cork,EN-5,EN,Context,Civic Engagement,Optional documentation,,Additional documentation for this credit,,,,not_reported,
University College Cork,EN-6,EN,Context,Community Partnerships,6.1 Sustainability-focused community partnerships,,Does the institution have at least one community partnership that is sustainability-focused?,Yes,,,boolean,
University College Cork,EN-6,EN,Context,Community Partnerships,6.1 Sustainability-focused community partnerships,,Narrative and/or website URL providing an overview of the institution’s sustainability-focused community partnerships,"UCC has signed a Local Green Deal with Cork City Council. These partnerships represent public commitments by local stakeholders across the business, private, community and voluntary sector, to take impactful climate actions in their own areas, and will be supported by Cork City Council. More information can be found here: https://www.corkcity.ie/en/climate-action/local-green-deals/ In addition, Urban Climate Collab is a research project aiming to investigate and strengthen collaborations between universities and municipalities when working together to achieve climate action in cities. City contexts have a key role to play in addressing sustainability challenges. For many urban residents, climate action and sustainability can act as a vehicle to achieve their own local objectives in relation to health, equity, wellbeing, safety, and resilience. City-University partnerships can help to support such objectives whilst also working towards meeting the international and national policy targets which are in place. While taking an international approach to investigate city-university partnerships, Urban Climate Collab will also work directly within our local context, partnering with Cork City Council. Providing relevant findings in relation to achieving action and impact hold importance in the context of Cork City, with the city acting as an EU Mission: Climate-Neutral and Smart City , seeking to achieve decarbonisation by 2030.",,,text_long,https://www.corkcity.ie/en/climate-action/local-green-deals/
University College Cork,EN-6,EN,Context,Community Partnerships,6.1 Sustainability-focused community partnerships,,Points earned for indicator EN 6.1,3,,3.0,number,
University College Cork,EN-6,EN,Context,Community Partnerships,6.2 Partnerships to support underrepresented groups and vulnerable populations,,Does the institution have at least one community partnership that explicitly aims to support underrepresented groups and/or vulnerable populations in addressing the sustainability challenges they have identified?,Yes,,,boolean,
University College Cork,EN-6,EN,Context,Community Partnerships,6.2 Partnerships to support underrepresented groups and vulnerable populations,,Description of the institution’s community partnerships to support underrepresented groups and/or vulnerable populations in addressing sustainability challenges,"UCC is a key partner in the Cork Learning Neighbourhoods Initiative, which is part of the city's designation as a UNESCO Learning City. Through this project the University works with a variety of groups and communities, many of whom are from the more disadvantaged parts of the city. The initiative includes short courses, training events and conversation cafes, some more examples can be seen at this link: https://www.corklearningcity.ie/media/k1djwxe4/cork-learning-neighbourhoods-2024-v2.pdf The overall aim is to bring learning to everyone and support them in improving their local neighbourhoods for the better.",,,text_long,https://www.corklearningcity.ie/media/k1djwxe4/cork-learning-neighbourhoods-2024-v2.pdf
University College Cork,EN-6,EN,Context,Community Partnerships,6.2 Partnerships to support underrepresented groups and vulnerable populations,,Points earned for indicator EN 6.2,3,,3.0,number,
University College Cork,EN-6,EN,Context,Community Partnerships,6.3 Community partnership assessment,,Does the institution follow published guidelines for creating and maintaining community partnerships that are reciprocal and mutually beneficial?,No,,,boolean,
University College Cork,EN-6,EN,Context,Community Partnerships,6.3 Community partnership assessment,,Publication that includes the community partnership guidelines,,,,not_reported,
University College Cork,EN-6,EN,Context,Community Partnerships,6.3 Community partnership assessment,,Online resource that includes the institution’s community partnership guidelines,,,,not_reported,
University College Cork,EN-6,EN,Context,Community Partnerships,6.3 Community partnership assessment,,Are all of the institution’s community partnerships for sustainability subject to an assessment process that includes joint evaluation by the institution and its community partners?,Yes,,,boolean,
University College Cork,EN-6,EN,Context,Community Partnerships,6.3 Community partnership assessment,,Description of the institution’s approach to community partnership assessment and how the results are used to improve reciprocity and mutual benefit,"UCC has developed numerous guidelines and resources around community engagement, including a Civic Engagement Toolkit ( https://www.ucc.ie/en/cirtl/resources/cetoolkit/howtolearnwithcommunities/ ) and science shop guidelines through the Community Academic Research Links programme ( https://www.ucc.ie/en/scishop/resources/ ). All of these resources guide participants to follow the national Campus Engage guidelines ( https://www.iua.ie/wp-content/uploads/2023/12/Guide-IUA-Engaged-Research-Framework-2022_V7-11.pdf) . Campus Engage was a collaborative effort across all HEIs in Ireland to build national capacity and excellence in community engagement and partnership. It was facilitated and managed by the Irish Universities Association and involved participation from all member HEI's including UCC. These national guidelines guidelines include a section on Impact Assessment which discusses the use of impact assessment to deepen ongoing engagement and how project partners can evaluate impact. At present, UCC's community partnerships for sustainability principally fall under the remit of the UNIC programme and the Centre for City Futures. One of the flagship initiatives is our engagement with Cork City Council on it's Mission City programme (where it aims to reach Net Zero by 2030). An MOU with Cork City Council is reviewed periodically, and roadmaps detailing civic engaged learning and research partnerships are maintained via our Centre for City Futures . See also the UNIC declaration on engaged research https://www.ucc.ie/en/unic/centre-for-city-futures/ which is embedded within the work of UCC's centre for City Futures and the broader work of UCC's research office in promoting engaged research: https://www.ucc.ie/en/research/culture/engagedresearch/ At the operational level the University uses the TEFCE tool to capture and measure partnerships https://community-engagement.eu/toolbox/ . UCC partnerships have also been successfully reviewed by the Carnegie Elective Classification for Community Engagement. Stage 5 of this process involves participative dialogue with community partners. A research project currently being undertaken at UCC is reviewing and assessing the relationship between the University and the City in relation to it's Climate policies and action - https://www.ucc.ie/en/urban-climate-collab/",,,text_long,https://www.ucc.ie/en/cirtl/resources/cetoolkit/howtolearnwithcommunities/ https://www.ucc.ie/en/scishop/resources/ https://www.iua.ie/wp-content/uploads/2023/12/Guide-IUA-Engaged-Research-Framework-2022_V7-11.pdf https://www.ucc.ie/en/unic/centre-for-city-futures/ https://www.ucc.ie/en/research/culture/engagedresearch/ https://eur01.safelinks.protection.outlook.com/?url=https%3A%2F%2Fcommunity-engagement.eu%2Ftoolbox%2F&data=05%7C02%7Cm.kirrane%40ucc.ie%7C31192aa588d84ca2d56908de69804a11%7C46fe5ca5866f4e4292e9ed8786245545%7C0%7C0%7C639064196879781693%7CUnknown%7CTWFpbGZsb3d8eyJFbXB0eU1hcGkiOnRydWUsIlYiOiIwLjAuMDAwMCIsIlAiOiJXaW4zMiIsIkFOIjoiTWFpbCIsIldUIjoyfQ%3D%3D%7C0%7C%7C%7C&sdata=1bpXCMxZZsr2YU5Ev17CHL5MW06MzU0LfHeV%2BZZqwHw%3D&reserved=0 https://www.ucc.ie/en/urban-climate-collab/
University College Cork,EN-6,EN,Context,Community Partnerships,6.3 Community partnership assessment,,Points earned for indicator EN 6.3,2,,2.0,number,
University College Cork,EN-6,EN,Context,Community Partnerships,Optional documentation,,Notes about the information provided for this credit,,,,not_reported,
University College Cork,EN-6,EN,Context,Community Partnerships,Optional documentation,,Additional documentation for this credit,,,,not_reported,
University College Cork,EN-7,EN,Context,Continuing Education,7.1 Continuing education offerings in sustainability,,Does the institution have at least one continuing education course or program that is sustainability-focused?,Yes,,,boolean,
University College Cork,EN-7,EN,Context,Continuing Education,7.1 Continuing education offerings in sustainability,,Narrative and/or website URL providing an overview of the sustainability-focused continuing education course offerings,"UCC's Centre for Adult and Continuing Education offers the Diploma in Environment, Sustainability and Climate. The course introduces students to key theories and skills related to the environment and related sustainable and societal issues within their own organisations. Course Details This is an interdisciplinary programme across both science and social studies and links the UN SDGs across all its teaching. Students will complete 30 credits as follows in Year 1: AD1084 Introduction to Earth Science (10 credits) AD1085 Perspectives on Climate Change and Sustainable Development (10 credits) AD1086 Environmental Monitoring, Assessment and Social Impact (10 Credits) Students will complete 30 credits as follows in Year 2: AD2031 Ecology and Applied Geographical Information Systems (GIS) (10 credits) AD2032 Environmental Protection and Eco-Social Policy (10 credits) AD2033 Practical Environmental Management (10 credits)",,,text_long,https://ucc-ie-public.courseleaf.com/modules/?details&srcdb=2023&code=AD1084 https://ucc-ie-public.courseleaf.com/modules/?details&srcdb=2023&code=AD1085 https://ucc-ie-public.courseleaf.com/modules/?details&srcdb=2023&code=AD1086 https://ucc-ie-public.courseleaf.com/modules/?details&srcdb=2023&code=AD2031 https://ucc-ie-public.courseleaf.com/modules/?details&srcdb=2023&code=AD2032 https://ucc-ie-public.courseleaf.com/modules/?details&srcdb=2023&code=AD2033
University College Cork,EN-7,EN,Context,Continuing Education,7.1 Continuing education offerings in sustainability,,"Does the institution have at least one continuing education offering that is focused on a topic other than sustainability, but incorporates sustainability content or addresses a sustainability challenge?",Yes,,,boolean,
University College Cork,EN-7,EN,Context,Continuing Education,7.1 Continuing education offerings in sustainability,,Narrative and/or website URL providing an overview of the institution’s continuing education offerings that incorporate sustainability content or address sustainability challenges,"UCC's Centre for Adult and Continuing Education also offers The Diploma in Food Studies and Irish Foodways offers candidates a unique opportunity to study Irish food culture in a holistic matter. It will enable students to distinguish between food facts and food myths and it will foster from candidates a respect and a love for research in the area of food studies and Irish foodways. The course covers food systems transparency; sustainable food practices, and social responsibility; ethical and responsible production practices and purchase and consumption choices; product and economic development based on heritage of place, nostalgia, regionality, and seasonality. In year two students take the module PS6801 Food, the Environment and Sustainability.",,,text_long,https://ucc-ie-public.courseleaf.com/modules/?details&srcdb=2023&code=PS6801
University College Cork,EN-7,EN,Context,Continuing Education,7.1 Continuing education offerings in sustainability,,Points earned for indicator EN 7.1,3,,3.0,number,
University College Cork,EN-7,EN,Context,Continuing Education,Optional documentation,,Notes about the information provided for this credit,,,,not_reported,
University College Cork,EN-7,EN,Context,Continuing Education,Optional documentation,,Additional documentation for this credit,,,,not_reported,
University College Cork,EN-8,EN,Context,Shared Facilities,8.1 Publicly shared facilities,,Does the institution have on-site space for meetings or events that is publicly accessible?,Yes,,,boolean,
University College Cork,EN-8,EN,Context,Shared Facilities,8.1 Publicly shared facilities,,Does the institution provide free or low cost access to the meeting or event space?,Yes,,,boolean,
University College Cork,EN-8,EN,Context,Shared Facilities,8.1 Publicly shared facilities,,"Description of the institution’s publicly accessible space for meetings or events, including any free or low cost access options","UCC campus is situated in an urban part of Cork City. Across the University a wide variety of spaces are available for use by the public. These can be viewed here: https://www.ucc.ie/en/build/roombookings/bookroom/ UCC places a strong emphasis on supporting the local community and regulalry hosts events for local community groups on campus, see for example the local Magazine Road resident Summer Party which was hosted in the Student Hub - https://magazineroadresidents.com/",,,text_long,https://www.ucc.ie/en/build/roombookings/bookroom/ https://magazineroadresidents.com/
University College Cork,EN-8,EN,Context,Shared Facilities,8.1 Publicly shared facilities,,Does the institution have at least one on-site facility with services or programs to help people meet their basic needs and is publicly accessible?,Yes,,,boolean,
University College Cork,EN-8,EN,Context,Shared Facilities,8.1 Publicly shared facilities,,Does the institution provide free or low cost access to the basic needs facilities?,Yes,,,boolean,
University College Cork,EN-8,EN,Context,Shared Facilities,8.1 Publicly shared facilities,,"Description of the institution’s publicly accessible facilities that help people meet their basic needs, including any free or low cost access options","The Dental School & Hospital is a teaching hospital which provides care by both its student dentists, student hygienists as well as by specialist staff. Students provide the best possible dental care under supervision. The cost of dental care provided by students is significantly discounted in consideration of the patients' participation in the educational process. https://www.ucc.ie/en/dentalschool/patients/",,,text_long,https://www.ucc.ie/en/dentalschool/patients/
University College Cork,EN-8,EN,Context,Shared Facilities,8.1 Publicly shared facilities,,Does the institution have at least one on-site facility that provides cultural services and is publicly accessible?,Yes,,,boolean,
University College Cork,EN-8,EN,Context,Shared Facilities,8.1 Publicly shared facilities,,Does the institution provide free or low cost access to the cultural service facilities?,Yes,,,boolean,
University College Cork,EN-8,EN,Context,Shared Facilities,8.1 Publicly shared facilities,,"Description of the institution’s publicly accessible facilities that provide cultural services, including any free or low cost access options","University College Cork recognises the importance of the creative spirit and the value of the Glucksman as an internationally significant space for the exploration, understanding and enjoyment of contemporary art on our historic campus. We are a university in the community, of the community and for the community, committed to delivering value in a trustworthy and transparent fashion. The Glucksman creates a welcoming space for future,current and graduate students of UCC to learn from art, and enriches the campus environment through the care and presentation of the UCC art collection . The Glucksman aims to make contemporary art and creative practice accessible to all. https://www.glucksman.org/about",,,text_long,https://www.glucksman.org/visit/university-college-cork https://www.glucksman.org/collection
University College Cork,EN-8,EN,Context,Shared Facilities,8.1 Publicly shared facilities,,Does the institution have at least one on-site facility that provides recreational services and is publicly accessible?,Yes,,,boolean,
University College Cork,EN-8,EN,Context,Shared Facilities,8.1 Publicly shared facilities,,Does the institution provide free or low cost access to the recreational service facilities?,Yes,,,boolean,
University College Cork,EN-8,EN,Context,Shared Facilities,8.1 Publicly shared facilities,,"Description of the institution’s publicly accessible facilities that provide recreational services, including any free or low cost access options","UCC's campus itself provides an ample recreational opportunity for the local community, the green spaces are regularly utilised for recreational activities. UCC has created an engaging biodiversity walk along the River Lee which runs through the campus and is open to all - https://www.ucc.ie/en/sustainability-climate-action/biodiversity-trail/ The tree collection at UCC has joined some of the leading arboreta in the world after being accredited internationally by Arbnet in 2020. The UCC Arboretum has a collection of approximately 2,500 trees across the campus (c. 42 acres). There are approximately 120 different tree species in the collection. The collection is diverse, ranging from native Irish and British trees to American, Asian, Australian and European specimens. Some of the highlights of the collection include a pair of c. 150-year-old Giant Redwoods (Sequoia sempervirens giganteum), the Strawberry Tree (Arbutos unedo), an Irish native, an Irish champion Wing Nut (Pterocarya fraxinifolia); and a variety of mature pine trees, including Scots, Monteray and Bhutan pines. One of the most recent additions to the collection is an iconic Wollemia (Wollemia nobilis). https://www.ucc.ie/en/arboretum/tour/",,,text_long,https://www.ucc.ie/en/sustainability-climate-action/biodiversity-trail/ http://www.arbnet.org/ https://www.ucc.ie/en/arboretum/tour/
University College Cork,EN-8,EN,Context,Shared Facilities,8.1 Publicly shared facilities,,Points earned for indicator EN 8.1,2,,2.0,number,
University College Cork,EN-8,EN,Context,Shared Facilities,Optional documentation,,Notes about the information provided for this credit,,,,not_reported,
University College Cork,EN-8,EN,Context,Shared Facilities,Optional documentation,,Additional documentation for this credit,,,,not_reported,
University College Cork,EN-9,EN,Context,Inter-Campus Collaboration,9.1 Inter-campus collaboration for sustainability,,Does the institution participate in one or more sustainability-focused networks for educational institutions?,Yes,,,boolean,
University College Cork,EN-9,EN,Context,Inter-Campus Collaboration,9.1 Inter-campus collaboration for sustainability,,Description of the institution’s participation in sustainability-focused networks for educational institutions,"UCC together with Queen's University Belfast co-hosts the All Island Sustainable Development Solutions Network. With 16 member insitutions SDSN Ireland is dedicated to fostering cross-sector partnerships amongst universities, NGOs, businesses, local authorities, and national governments. The goal of the Network is to create impactful, practical solutions that drive progress toward social, economic, environmental, and cultural sustainability. More information can be found on the Network website: https://www.sdsnireland.org/",,,text_long,
University College Cork,EN-9,EN,Context,Inter-Campus Collaboration,9.1 Inter-campus collaboration for sustainability,,Has the institution formally shared its sustainability experiences and lessons learned with other institutions during the previous three years?,Yes,,,boolean,
University College Cork,EN-9,EN,Context,Inter-Campus Collaboration,9.1 Inter-campus collaboration for sustainability,,Narrative outlining how the institution formally shares its sustainability experiences and lessons learned with other institutions,"UCC regulalry shares its experiences with other insitutions through multiple different means. One example is the sharing of our expereince with integrating ESD into the Curriculum, UCC's SDG toolkit was made opening available to any institution and the team have delivered multiple workshops and events focused on its use and rollout. See for example https://www.teachingandlearning.ie/event/hea-education-for-sustainable-development-esd-spotlight-series-university-college-cork/",,,text_long,https://www.teachingandlearning.ie/event/hea-education-for-sustainable-development-esd-spotlight-series-university-college-cork/
University College Cork,EN-9,EN,Context,Inter-Campus Collaboration,9.1 Inter-campus collaboration for sustainability,,Does the institution have a sustainability-focused articulation/transfer agreement that provides students who are studying sustainability at one institution with a formal pathway to another institution?,No,,,boolean,
University College Cork,EN-9,EN,Context,Inter-Campus Collaboration,9.1 Inter-campus collaboration for sustainability,,Description of institution’s sustainability-focused articulation/transfer agreements,,,,not_reported,
University College Cork,EN-9,EN,Context,Inter-Campus Collaboration,9.1 Inter-campus collaboration for sustainability,,Has at least one individual with formal sustainability responsibilities at the institution served as a mentor or been mentored by a colleague with sustainability responsibilities at another institution during the previous three years?,Yes,,,boolean,
University College Cork,EN-9,EN,Context,Inter-Campus Collaboration,9.1 Inter-campus collaboration for sustainability,,Description of the institution’s sustainability mentoring activities,University College Cork have strong collaborations with the University of Massechusetts at Lowell and UCC's Head of Sustainability and Climate Action has received mentorship support from the Director of their Rist Institute.,,,text_long,
University College Cork,EN-9,EN,Context,Inter-Campus Collaboration,9.1 Inter-campus collaboration for sustainability,,"Has at least one individual affiliated with the institution served in a leadership role for a sustainability-related inter-campus sustainability network, conference, or community of practice during the previous three years?",Yes,,,boolean,
University College Cork,EN-9,EN,Context,Inter-Campus Collaboration,9.1 Inter-campus collaboration for sustainability,,Description of the institution’s leadership roles in inter-campus collaboration,The President of UCC is co-chair of SDSN Ireland - https://www.sdsnireland.org/leadership-council,,,text,
University College Cork,EN-9,EN,Context,Inter-Campus Collaboration,9.1 Inter-campus collaboration for sustainability,,Has at least one individual affiliated with the institution served as a peer reviewer for another institution’s sustainability report or data during the previous three years?,Yes,,,boolean,
University College Cork,EN-9,EN,Context,Inter-Campus Collaboration,9.1 Inter-campus collaboration for sustainability,,Description of the institution’s peer review activities,"University College Cork collaborates with UMASS Lowell on their STARS submission. Teams from both campuses work collaboratively to review credits, identify shared approaches and outcomes, and learn from each other's sustainability work.",,,text_long,
University College Cork,EN-9,EN,Context,Inter-Campus Collaboration,9.1 Inter-campus collaboration for sustainability,,Points earned for indicator EN 9.1,3,,3.0,number,
University College Cork,EN-9,EN,Context,Inter-Campus Collaboration,Optional documentation,,Notes about the information provided for this credit,,,,not_reported,
University College Cork,EN-9,EN,Context,Inter-Campus Collaboration,Optional documentation,,Additional documentation for this credit,,,,not_reported,
University College Cork,OP-1,OP,Environmental,Building Design and Construction,1.1 Percentage of new floor area designed and constructed to green building standards,,Total floor area of newly constructed or renovated building space,"9,084",Square meters,9084.0,number,
University College Cork,OP-1,OP,Environmental,Building Design and Construction,1.1 Percentage of new floor area designed and constructed to green building standards,,Floor area of new building space third party certified to a comprehensive green building standard,"8,664",Square meters,8664.0,number,
University College Cork,OP-1,OP,Environmental,Building Design and Construction,1.1 Percentage of new floor area designed and constructed to green building standards,,Floor area of new building space third party certified to a less comprehensive green building standard,420,Square meters,420.0,number,
University College Cork,OP-1,OP,Environmental,Building Design and Construction,1.1 Percentage of new floor area designed and constructed to green building standards,,"Floor area of new building space built to green building standards, but not third party certified",0,Square meters,0.0,number,
University College Cork,OP-1,OP,Environmental,Building Design and Construction,1.1 Percentage of new floor area designed and constructed to green building standards,,List and description of building and renovation projects completed within the previous five years,"The Crow’s Nest site is a well-known landmark in Cork, the site of a famous public house of the same name located at the junction of city and hinterland where Wilton Road meets the Lee valley at Carrigrohane Road. The new Crow’s Nest development takes the form of 5 slender vertical elements rising from a plinth or podium containing a students’ garden, set over an entrance and reception zone at street level, open and welcoming to the public as well as to the student population. The building varies in height from ten storeys to seven storeys, with a smaller gateway element sheltering a lift and generous staircase linking entrance to podium level and mediating the scale between two storey houses on Wilton Road and the new building. The accommodation includes 255 student bed-spaces, ancillary student facilities, a new university health centre and a café opening onto the Carrigrohane Road. Extensive student common facilities and amenities are incorporated including student common areas, laundry, study rooms, music rooms and private external spaces. The project has been designed to exemplary sustainability standards in line with UCC’s ISO 50001 accreditation, (the first third level institution in the world to reach this standard). The building achieves an A3 rating under the Building Energy Rating scheme and has been designed to the BREEAM “Excellent” rating and compliant with the Nearly Zero Energy Building (NZEB) standard. To achieve these standards the building’s fabric has been designed to achieve exceptionally high levels of thermal performance, far in excess of current building regulations. Extensive photo-voltaic solar panels on the roof of each block lower the building's requirement to draw energy from the grid and high efficiency heat recovery ventilation is utilized where natural ventilation is not possible. High efficiency LED lighting is used throughout, together with intelligent lighting controls to reduce power consumption. The building incorporates a rainwater harvesting system to provide grey water for the development and is fitted with water saving devices throughout. The project was completed in July 2023. See BREEAM certification document attached below. The new Squad Gym at UCC’s Mardyke Arena (420m2) was completed in March 2023 and has demonstrated that utilizing digital technologies, sustainable materials and modern methods of construction can deliver hugely positive results to the construction sector, the built environment and beyond. https://buildingirelandmagazine.com/summerhill-construction-raises-the-bar-with-mardyke-arena-extension/ See page 30 of UCC Masterplan (linked below) and reference to requirement of design teams to acheive BREEAM Standard and go beyond legislative requirements.",,,text_long,https://buildingirelandmagazine.com/summerhill-construction-raises-the-bar-with-mardyke-arena-extension/
University College Cork,OP-1,OP,Environmental,Building Design and Construction,1.1 Percentage of new floor area designed and constructed to green building standards,,Online location of the institution’s green building standards,https://www.ucc.ie/en/media/aboutucc/presidentx27soffice2024/plansandreports/uccplansandstrategiespdfs/UCCMasterplanJan2022.pdf,,,url,https://www.ucc.ie/en/media/aboutucc/presidentx27soffice2024/plansandreports/uccplansandstrategiespdfs/UCCMasterplanJan2022.pdf
University College Cork,OP-1,OP,Environmental,Building Design and Construction,1.1 Percentage of new floor area designed and constructed to green building standards,,Copy of the institution’s green building standards,UCC_Crows_Nest_Tracker_Report_101225.pdf,,,text,https://reports.aashe.org/media/secure/989/9/863/9192/UCC_Crows_Nest_Tracker_Report_101225.pdf
University College Cork,OP-1,OP,Environmental,Building Design and Construction,1.1 Percentage of new floor area designed and constructed to green building standards,,Points earned for indicator OP 1.1,2.95,,2.95,number,
University College Cork,OP-1,OP,Environmental,Building Design and Construction,Optional documentation,,Notes about the information provided for this credit,https://www.ucc.ie/en/build/projects/completed/,,,url,
University College Cork,OP-1,OP,Environmental,Building Design and Construction,Optional documentation,,Additional documentation for this credit,UCC_Crows_Nest_Tracker_Report_101225.pdf,,,text,https://reports.aashe.org/media/secure/989/9/863/9311/UCC_Crows_Nest_Tracker_Report_101225.pdf
University College Cork,OP-2,OP,Environmental,Building Operations and Maintenance,2.1 Percentage of existing buildings managed for sustainability performance,,Gross floor area of existing building space,"282,364",Square meters,282364.0,number,
University College Cork,OP-2,OP,Environmental,Building Operations and Maintenance,2.1 Percentage of existing buildings managed for sustainability performance,,Floor area of existing buildings managed under a green cleaning program,"282,364",Square meters,282364.0,number,
University College Cork,OP-2,OP,Environmental,Building Operations and Maintenance,2.1 Percentage of existing buildings managed for sustainability performance,,Online location of the institution’s green cleaning policy,https://bidvestnoonan.com/helping-ucc-deliver-on-its-sustainability-goals/,,,url,https://bidvestnoonan.com/helping-ucc-deliver-on-its-sustainability-goals/
University College Cork,OP-2,OP,Environmental,Building Operations and Maintenance,2.1 Percentage of existing buildings managed for sustainability performance,,Copy of the institution’s green cleaning policy,,,,not_reported,
University College Cork,OP-2,OP,Environmental,Building Operations and Maintenance,2.1 Percentage of existing buildings managed for sustainability performance,,Description of the institution’s certified green cleaning service,"UCC's contracted cleaning service provider is Bidvest Noonan. Sustainability was a key consideration and the company undertake a number of green cleaning initiatives across campus, which are detailed in the link provided. Further information on the comapny's ESG performance can be found here: https://bidvestnoonan.com/sustainability/",,,text_long,
University College Cork,OP-2,OP,Environmental,Building Operations and Maintenance,2.1 Percentage of existing buildings managed for sustainability performance,,Floor area of existing buildings individually assessed for energy performance,"176,444",Square meters,176444.0,number,
University College Cork,OP-2,OP,Environmental,Building Operations and Maintenance,2.1 Percentage of existing buildings managed for sustainability performance,,Narrative outlining how building-level energy performance is assessed and how the results are used to improve performance,"UCC has been certified to ISO50001 since 2011. Annual reviews are carried out to identify the significant energy users (SEU’s) across UCC as well as the variables and people that can significantly impact them. To determine the SEU’s the following process is applied: Review past and present energy performance. Identify the SEU’s, the equipment, facilities, variables and people that can impact them. Agree energy performance indicators (EnPI’s) for the SEU’s. Identify any energy saving opportunities, prioritise and develop a plan to implement the changes. Determine method to validate energy saving measures. Further information is available at this link - https://www.ucc.ie/en/greencampus/practice/energy-water-and-climate-change/iso-50001/",,,text_long,https://www.ucc.ie/en/greencampus/practice/energy-water-and-climate-change/iso-50001/
University College Cork,OP-2,OP,Environmental,Building Operations and Maintenance,2.1 Percentage of existing buildings managed for sustainability performance,,Floor area of existing buildings individually assessed for indoor environmental quality (IEQ) performance,0,Square meters,0.0,number,
University College Cork,OP-2,OP,Environmental,Building Operations and Maintenance,2.1 Percentage of existing buildings managed for sustainability performance,,Narrative outlining how building-level IEQ is assessed and how the results are used to improve performance,,,,not_reported,
University College Cork,OP-2,OP,Environmental,Building Operations and Maintenance,2.1 Percentage of existing buildings managed for sustainability performance,,Floor area of existing buildings managed or individually assessed for water performance,"127,601",Square meters,127601.0,number,
University College Cork,OP-2,OP,Environmental,Building Operations and Maintenance,2.1 Percentage of existing buildings managed for sustainability performance,,"Online location of the institution’s minimum standards for water efficient fixtures, fittings, and equipment",https://www.ucc.ie/en/greencampus/practice/energy-water-and-climate-change/water-management-at-ucc/,,,url,https://www.ucc.ie/en/greencampus/practice/energy-water-and-climate-change/water-management-at-ucc/
University College Cork,OP-2,OP,Environmental,Building Operations and Maintenance,2.1 Percentage of existing buildings managed for sustainability performance,,"Copy of the institution’s minimum standards for water efficient fixtures, fittings, and equipment",,,,not_reported,
University College Cork,OP-2,OP,Environmental,Building Operations and Maintenance,2.1 Percentage of existing buildings managed for sustainability performance,,Narrative outlining how building-level water performance is assessed and how the results are used to improve performance,,,,not_reported,
University College Cork,OP-2,OP,Environmental,Building Operations and Maintenance,2.1 Percentage of existing buildings managed for sustainability performance,,Floor area of existing buildings third party certified to a green building standard that addresses operations and maintenance,0,Square meters,0.0,number,
University College Cork,OP-2,OP,Environmental,Building Operations and Maintenance,2.1 Percentage of existing buildings managed for sustainability performance,,List of the institution’s existing buildings and their green building certifications,,,,not_reported,
University College Cork,OP-2,OP,Environmental,Building Operations and Maintenance,2.1 Percentage of existing buildings managed for sustainability performance,,Inventory of the institution’s existing buildings and their green building certifications,,,,not_reported,
University College Cork,OP-2,OP,Environmental,Building Operations and Maintenance,2.1 Percentage of existing buildings managed for sustainability performance,,Percentage of existing buildings managed under a green cleaning program,100,,100.0,number,
University College Cork,OP-2,OP,Environmental,Building Operations and Maintenance,2.1 Percentage of existing buildings managed for sustainability performance,,Percentage of existing buildings assessed for energy performance,62.49,,62.49,number,
University College Cork,OP-2,OP,Environmental,Building Operations and Maintenance,2.1 Percentage of existing buildings managed for sustainability performance,,Percentage of existing buildings assessed for IEQ performance,0,,0.0,number,
University College Cork,OP-2,OP,Environmental,Building Operations and Maintenance,2.1 Percentage of existing buildings managed for sustainability performance,,Percentage of existing buildings managed or assessed for water performance,45.19,,45.19,number,
University College Cork,OP-2,OP,Environmental,Building Operations and Maintenance,2.1 Percentage of existing buildings managed for sustainability performance,,Percentage of existing buildings third party certified to a green building standard that addresses operations and maintenance,0,,0.0,number,
University College Cork,OP-2,OP,Environmental,Building Operations and Maintenance,2.1 Percentage of existing buildings managed for sustainability performance,,Points earned for indicator OP 2.1,2.08,,2.08,number,
University College Cork,OP-2,OP,Environmental,Building Operations and Maintenance,Optional documentation,,Notes about the information provided for this credit,,,,not_reported,
University College Cork,OP-2,OP,Environmental,Building Operations and Maintenance,Optional documentation,,Additional documentation for this credit,,,,not_reported,
University College Cork,OP-3,OP,Environmental,Water Use,3.1 Potable water use per person,,Level of physical water quantity risk for the institution’s main campus,Low-medium,,,text,
University College Cork,OP-3,OP,Environmental,Water Use,3.1 Potable water use per person,,Performance year for water use,2024,,2024.0,year,
University College Cork,OP-3,OP,Environmental,Water Use,3.1 Potable water use per person,,Peer group,Doctoral universities and research institutions,,,text,
University College Cork,OP-3,OP,Environmental,Water Use,3.1 Potable water use per person,,Potable water from off-site sources,"54,153",Cubic meters,54153.0,number,
University College Cork,OP-3,OP,Environmental,Water Use,3.1 Potable water use per person,,Reclaimed water from off-site sources,0,Cubic meters,0.0,number,
University College Cork,OP-3,OP,Environmental,Water Use,3.1 Potable water use per person,,Other off-site water sources,0,Cubic meters,0.0,number,
University College Cork,OP-3,OP,Environmental,Water Use,3.1 Potable water use per person,,Potable water from on-site sources,0,Cubic meters,0.0,number,
University College Cork,OP-3,OP,Environmental,Water Use,3.1 Potable water use per person,,Other on-site water sources,0,Cubic meters,0.0,number,
University College Cork,OP-3,OP,Environmental,Water Use,3.1 Potable water use per person,,Full-time equivalent student enrollment,"22,137",,22137.0,number,
University College Cork,OP-3,OP,Environmental,Water Use,3.1 Potable water use per person,,Full-time equivalent of employees,"3,643",,3643.0,number,
University College Cork,OP-3,OP,Environmental,Water Use,3.1 Potable water use per person,,Annual potable water use,"54,153",Cubic meters,54153.0,number,
University College Cork,OP-3,OP,Environmental,Water Use,3.1 Potable water use per person,,Full-time equivalent students and employees,"25,780",,25780.0,number,
University College Cork,OP-3,OP,Environmental,Water Use,3.1 Potable water use per person,,Annual potable water use per person,"2,100.58",Liters,2100.58,number,
University College Cork,OP-3,OP,Environmental,Water Use,3.1 Potable water use per person,,Points earned for indicator OP 3.1,2,,2.0,number,
University College Cork,OP-3,OP,Environmental,Water Use,3.2 Potable water use per square meter,,Gross floor area of building space,"282,364",Square meters,282364.0,number,
University College Cork,OP-3,OP,Environmental,Water Use,3.2 Potable water use per square meter,,Annual potable water use per unit of floor area,191.78,Liters per square meter,191.78,number,
University College Cork,OP-3,OP,Environmental,Water Use,3.2 Potable water use per square meter,,Points earned for indicator OP 3.2,2,,2.0,number,
University College Cork,OP-3,OP,Environmental,Water Use,3.3 Systems for water recovery and return,,Does the institution harvest rainwater on-site for storage and use?,Yes,,,boolean,
University College Cork,OP-3,OP,Environmental,Water Use,3.3 Systems for water recovery and return,,Narrative and/or website URL providing an overview of the institution’s on-site rainwater harvesting systems,UCC's Beaufort Building utilises rainwater harvesting technology - https://www.ucc.ie/en/build/projects/completed/beaufort/,,,text,
University College Cork,OP-3,OP,Environmental,Water Use,3.3 Systems for water recovery and return,,Does the institution recover water on-site for reuse?,Yes,,,boolean,
University College Cork,OP-3,OP,Environmental,Water Use,3.3 Systems for water recovery and return,,Narrative and/or website URL providing an overview of the institution’s on-site water recovery and reuse systems,"In the University's Western Gateway Building, discharge water from the Ground Source Heat Pump (GSHP) is used to fill water storage tanks used in the flushing of toilets https://www.ucc.ie/en/greencampus/practice/energy-water-and-climate-change/water-management-at-ucc/",,,text_long,
University College Cork,OP-3,OP,Environmental,Water Use,3.3 Systems for water recovery and return,,Does the institution collect and return water to surface water or groundwater through on-site green infrastructure?,No,,,boolean,
University College Cork,OP-3,OP,Environmental,Water Use,3.3 Systems for water recovery and return,,Narrative and/or website URL providing an overview of the institution’s on-site green infrastructure,,,,not_reported,
University College Cork,OP-3,OP,Environmental,Water Use,3.3 Systems for water recovery and return,,Points earned for indicator OP 3.3,0.67,,0.67,number,
University College Cork,OP-3,OP,Environmental,Water Use,3.4 Ratio of water recovered/returned to total water withdrawal,,Does the institution have methodologies in place to estimate or model the annual volume of water recovered and/or returned on-site?,No,,,boolean,
University College Cork,OP-3,OP,Environmental,Water Use,3.4 Ratio of water recovered/returned to total water withdrawal,,Narrative outlining the methodologies used to estimate or model the annual volume of water recovered and/or returned on-site,,,,not_reported,
University College Cork,OP-3,OP,Environmental,Water Use,3.4 Ratio of water recovered/returned to total water withdrawal,,Estimated volume of rainwater harvested on-site for storage and use,,,,not_reported,
University College Cork,OP-3,OP,Environmental,Water Use,3.4 Ratio of water recovered/returned to total water withdrawal,,Estimated volume of water recovered on-site for reuse,,,,not_reported,
University College Cork,OP-3,OP,Environmental,Water Use,3.4 Ratio of water recovered/returned to total water withdrawal,,Estimated volume of water collected and returned through on-site green infrastructure,,,,not_reported,
University College Cork,OP-3,OP,Environmental,Water Use,3.4 Ratio of water recovered/returned to total water withdrawal,,Annual volume of water recovered and/or returned,0,Cubic meters,0.0,number,
University College Cork,OP-3,OP,Environmental,Water Use,3.4 Ratio of water recovered/returned to total water withdrawal,,Total water withdrawal,"54,153",Cubic meters,54153.0,number,
University College Cork,OP-3,OP,Environmental,Water Use,3.4 Ratio of water recovered/returned to total water withdrawal,,Ratio of water recovered/returned to total water withdrawal,0,,0.0,number,
University College Cork,OP-3,OP,Environmental,Water Use,3.4 Ratio of water recovered/returned to total water withdrawal,,Points earned for indicator OP 3.4,0,,0.0,number,
University College Cork,OP-3,OP,Environmental,Water Use,Optional documentation,,Notes about the information provided for this credit,,,,not_reported,
University College Cork,OP-3,OP,Environmental,Water Use,Optional documentation,,Additional documentation for this credit,,,,not_reported,
University College Cork,OP-4,OP,Environmental,Ecologically Managed Grounds,4.1 Organic landscaping/grounds services,,Do the institution’s landscaping/grounds services employ a written Integrated Pest Management (IPM) protocol that follows a four-tiered approach?,Yes,,,boolean,
University College Cork,OP-4,OP,Environmental,Ecologically Managed Grounds,4.1 Organic landscaping/grounds services,,Online location of the institution’s IPM protocol,,,,not_reported,
University College Cork,OP-4,OP,Environmental,Ecologically Managed Grounds,4.1 Organic landscaping/grounds services,,Copy of the institution’s IPM protocol,University_College_Cork_IPM.pdf,,,text,https://reports.aashe.org/media/secure/989/9/866/9245/University_College_Cork_IPM.pdf
University College Cork,OP-4,OP,Environmental,Ecologically Managed Grounds,4.1 Organic landscaping/grounds services,,"Do the institution’s landscaping/grounds services publish, on at least an annual basis, an inventory of the synthetic fertilizers, pesticides, fungicides, and herbicides used on campus grounds?",No,,,boolean,
University College Cork,OP-4,OP,Environmental,Ecologically Managed Grounds,4.1 Organic landscaping/grounds services,,Online location of the institution’s chemical inventory,,,,not_reported,
University College Cork,OP-4,OP,Environmental,Ecologically Managed Grounds,4.1 Organic landscaping/grounds services,,Copy of the institution’s most recent chemical inventory,,,,not_reported,
University College Cork,OP-4,OP,Environmental,Ecologically Managed Grounds,4.1 Organic landscaping/grounds services,,"Do the institution’s landscaping/grounds services manage one or more sites or pilot projects without the use of synthetic fertilizers, pesticides, fungicides, or herbicides?",Yes,,,boolean,
University College Cork,OP-4,OP,Environmental,Ecologically Managed Grounds,4.1 Organic landscaping/grounds services,,Narrative and/or website URL providing an overview of the institution’s organic landscaping/grounds policies and practices,"Fastgrow seaweed fertiliser and xlpro bio organic products are used on campus grounds, if required. No pesticides or fungicides are used on campus landscapes, except where invasive species need to be controlled or eliminated. This approach is detailed in the uploaded IPM document.",,,text_long,
University College Cork,OP-4,OP,Environmental,Ecologically Managed Grounds,4.1 Organic landscaping/grounds services,,"Have the institution’s landscaping/grounds services eliminated their use of synthetic fertilizers, pesticides, fungicides, and herbicides?",Yes,,,boolean,
University College Cork,OP-4,OP,Environmental,Ecologically Managed Grounds,4.1 Organic landscaping/grounds services,,Online resource affirming the organic status of the institution’s landscaping/grounds services,,,,not_reported,
University College Cork,OP-4,OP,Environmental,Ecologically Managed Grounds,4.1 Organic landscaping/grounds services,,Document affirming the organic status of the institution’s landscaping/grounds services,University_College_Cork_IPM.pdf,,,text,https://reports.aashe.org/media/secure/989/9/866/9253/University_College_Cork_IPM.pdf
University College Cork,OP-4,OP,Environmental,Ecologically Managed Grounds,4.1 Organic landscaping/grounds services,,Points earned for indicator OP 4.1,2,,2.0,number,
University College Cork,OP-4,OP,Environmental,Ecologically Managed Grounds,4.2 Ratio of ecologically managed green space to total managed green space,,Total area of managed green space,51.76,Hectares,51.76,number,
University College Cork,OP-4,OP,Environmental,Ecologically Managed Grounds,4.2 Ratio of ecologically managed green space to total managed green space,,Area protected or restored,10.69,Hectares,10.69,number,
University College Cork,OP-4,OP,Environmental,Ecologically Managed Grounds,4.2 Ratio of ecologically managed green space to total managed green space,,Area of tree canopy,11.31,Hectares,11.31,number,
University College Cork,OP-4,OP,Environmental,Ecologically Managed Grounds,4.2 Ratio of ecologically managed green space to total managed green space,,Area managed organically,51.76,Hectares,51.76,number,
University College Cork,OP-4,OP,Environmental,Ecologically Managed Grounds,4.2 Ratio of ecologically managed green space to total managed green space,,Ratio of areas protected or restored to total managed green space,0.21,,0.21,number,
University College Cork,OP-4,OP,Environmental,Ecologically Managed Grounds,4.2 Ratio of ecologically managed green space to total managed green space,,Ratio of tree canopy to total managed green space,0.22,,0.22,number,
University College Cork,OP-4,OP,Environmental,Ecologically Managed Grounds,4.2 Ratio of ecologically managed green space to total managed green space,,Ratio of areas managed organically to total managed green space,1,,1.0,number,
University College Cork,OP-4,OP,Environmental,Ecologically Managed Grounds,4.2 Ratio of ecologically managed green space to total managed green space,,Points earned for indicator OP 4.2,2.06,,2.06,number,
University College Cork,OP-4,OP,Environmental,Ecologically Managed Grounds,Optional documentation,,Notes about the information provided for this credit,Within the Biodiversity Action Plan it can be seen that the Mardyke sportsgrounds and Curraheen Road pitches (which are managed by the Mardyke Arena as opposed to UCC campus grounds staff) are fertilised and sprayed yearly. UCC is in discussion with the management of these sites to end this practice. They are not included in the above answers as they are not under the University's direct management.,,,text_long,
University College Cork,OP-4,OP,Environmental,Ecologically Managed Grounds,Optional documentation,,Additional documentation for this credit,,,,not_reported,
University College Cork,OP-5,OP,Environmental,Energy Use,5.1 Energy consumption per square meter,,Performance year for energy use,2024,,2024.0,year,
University College Cork,OP-5,OP,Environmental,Energy Use,5.1 Energy consumption per square meter,,Peer group,Doctoral universities and research institutions,,,text,
University College Cork,OP-5,OP,Environmental,Energy Use,5.1 Energy consumption per square meter,,Gross floor area of building space,"282,364",Square meters,282364.0,number,
University College Cork,OP-5,OP,Environmental,Energy Use,5.1 Energy consumption per square meter,Electricity,Electricity generated by on-site renewable systems,0.70,Megawatt-hours,0.7,number,
University College Cork,OP-5,OP,Environmental,Energy Use,5.1 Energy consumption per square meter,Electricity,Description of the on-site renewable systems,See official reported amounts on Sustainable Energy Authority of Ireland website - https://www.seai.ie/plan-your-energy-journey/public-sector/monitoring-and-reporting/public-sector-results/public-body-results/energy-co2 (select University College Cork),,,text_long,https://www.seai.ie/plan-your-energy-journey/public-sector/monitoring-and-reporting/public-sector-results/public-body-results/energy-co2
University College Cork,OP-5,OP,Environmental,Energy Use,5.1 Energy consumption per square meter,Electricity,On-site renewable electricity exported,0,Megawatt-hours,0.0,number,
University College Cork,OP-5,OP,Environmental,Energy Use,5.1 Energy consumption per square meter,Electricity,Electricity from off-site sources,"32,599",Megawatt-hours,32599.0,number,
University College Cork,OP-5,OP,Environmental,Energy Use,5.1 Energy consumption per square meter,Stationary fuels,Natural gas,"22,549",Megawatt-hours,22549.0,number,
University College Cork,OP-5,OP,Environmental,Energy Use,5.1 Energy consumption per square meter,Stationary fuels,Propane/LPG,0,Megawatt-hours,0.0,number,
University College Cork,OP-5,OP,Environmental,Energy Use,5.1 Energy consumption per square meter,Stationary fuels,Heating oil,0,Megawatt-hours,0.0,number,
University College Cork,OP-5,OP,Environmental,Energy Use,5.1 Energy consumption per square meter,Stationary fuels,Coal/coke,0,Megawatt-hours,0.0,number,
University College Cork,OP-5,OP,Environmental,Energy Use,5.1 Energy consumption per square meter,Stationary fuels,Bioenergy products,0,Megawatt-hours,0.0,number,
University College Cork,OP-5,OP,Environmental,Energy Use,5.1 Energy consumption per square meter,Stationary fuels,Other stationary fuels,0,Megawatt-hours,0.0,number,
University College Cork,OP-5,OP,Environmental,Energy Use,5.1 Energy consumption per square meter,Heating and cooling from off-site sources,Steam from off-site sources,0,Megawatt-hours,0.0,number,
University College Cork,OP-5,OP,Environmental,Energy Use,5.1 Energy consumption per square meter,Heating and cooling from off-site sources,Hot water from off-site sources,0,Megawatt-hours,0.0,number,
University College Cork,OP-5,OP,Environmental,Energy Use,5.1 Energy consumption per square meter,Heating and cooling from off-site sources,Chilled water from off-site sources,0,Megawatt-hours,0.0,number,
University College Cork,OP-5,OP,Environmental,Energy Use,5.1 Energy consumption per square meter,Heating and cooling from off-site sources,Total electricity consumption,"32,599.70",Megawatt-hours,32599.7,number,
University College Cork,OP-5,OP,Environmental,Energy Use,5.1 Energy consumption per square meter,Heating and cooling from off-site sources,Total stationary fuel consumption,"22,549",Megawatt-hours,22549.0,number,
University College Cork,OP-5,OP,Environmental,Energy Use,5.1 Energy consumption per square meter,Heating and cooling from off-site sources,Total heating and cooling from off-site sources,0,Megawatt-hours,0.0,number,
University College Cork,OP-5,OP,Environmental,Energy Use,5.1 Energy consumption per square meter,Heating and cooling from off-site sources,Total annual energy consumption,"55,148.70",Megawatt-hours,55148.7,number,
University College Cork,OP-5,OP,Environmental,Energy Use,5.1 Energy consumption per square meter,Heating and cooling from off-site sources,Annual energy consumption per unit of floor area,195.31,Kilowatt-hours per square meter,195.31,number,
University College Cork,OP-5,OP,Environmental,Energy Use,5.1 Energy consumption per square meter,Heating and cooling from off-site sources,Points earned for indicator OP 5.1,2.62,,2.62,number,
University College Cork,OP-5,OP,Environmental,Energy Use,5.2 Energy consumption per person,,Full-time equivalent student enrollment,"22,137",,22137.0,number,
University College Cork,OP-5,OP,Environmental,Energy Use,5.2 Energy consumption per person,,Full-time equivalent of employees,"3,643",,3643.0,number,
University College Cork,OP-5,OP,Environmental,Energy Use,5.2 Energy consumption per person,,Full-time equivalent students and employees,"25,780",,25780.0,number,
University College Cork,OP-5,OP,Environmental,Energy Use,5.2 Energy consumption per person,,Annual energy consumption per person,"2,139.20",Kilowatt-hours,2139.2,number,
University College Cork,OP-5,OP,Environmental,Energy Use,5.2 Energy consumption per person,,Points earned for indicator OP 5.2,3,,3.0,number,
University College Cork,OP-5,OP,Environmental,Energy Use,5.3 Percentage of energy from renewable sources,Contractual instruments for renewable electricity,Energy attribute certificates (EACs) sold or not owned by the institution,0,Megawatt-hours,0.0,number,
University College Cork,OP-5,OP,Environmental,Energy Use,5.3 Percentage of energy from renewable sources,Contractual instruments for renewable electricity,Electricity from certified off-site renewable sources,0,Megawatt-hours,0.0,number,
University College Cork,OP-5,OP,Environmental,Energy Use,5.3 Percentage of energy from renewable sources,Contractual instruments for renewable electricity,Description of the certified off-site renewable sources of electricity,,,,not_reported,
University College Cork,OP-5,OP,Environmental,Energy Use,5.3 Percentage of energy from renewable sources,Contractual instruments for renewable electricity,Electricity from uncertified off-site renewable sources,0,Megawatt-hours,0.0,number,
University College Cork,OP-5,OP,Environmental,Energy Use,5.3 Percentage of energy from renewable sources,Contractual instruments for renewable electricity,Description of the uncertified off-site renewable sources of electricity,This accounts for the amount of renewable (wind) power that is provided to UCC by our contracted supplier.,,,text,
University College Cork,OP-5,OP,Environmental,Energy Use,5.3 Percentage of energy from renewable sources,Contractual instruments for renewable electricity,Certified unbundled EACs,0,Megawatt-hours,0.0,number,
University College Cork,OP-5,OP,Environmental,Energy Use,5.3 Percentage of energy from renewable sources,Contractual instruments for renewable electricity,Description of the certified unbundled EACs,,,,not_reported,
University College Cork,OP-5,OP,Environmental,Energy Use,5.3 Percentage of energy from renewable sources,Renewable stationary fuels,Certified bioenergy products,0,Megawatt-hours,0.0,number,
University College Cork,OP-5,OP,Environmental,Energy Use,5.3 Percentage of energy from renewable sources,Renewable stationary fuels,Description of the certified bioenergy products,,,,not_reported,
University College Cork,OP-5,OP,Environmental,Energy Use,5.3 Percentage of energy from renewable sources,Renewable stationary fuels,Uncertified biomethane from organic waste or landfill gas,0,Megawatt-hours,0.0,number,
University College Cork,OP-5,OP,Environmental,Energy Use,5.3 Percentage of energy from renewable sources,Renewable stationary fuels,Description of the uncertified biomethane products,,,,not_reported,
University College Cork,OP-5,OP,Environmental,Energy Use,5.3 Percentage of energy from renewable sources,Heating and cooling from off-site renewable sources,Heating and cooling from certified off-site renewable sources,0,Megawatt-hours,0.0,number,
University College Cork,OP-5,OP,Environmental,Energy Use,5.3 Percentage of energy from renewable sources,Heating and cooling from off-site renewable sources,Description of the certified off-site renewable sources of heating and cooling,,,,not_reported,
University College Cork,OP-5,OP,Environmental,Energy Use,5.3 Percentage of energy from renewable sources,Heating and cooling from off-site renewable sources,Heating and cooling from uncertified off-site renewable sources,0,Megawatt-hours,0.0,number,
University College Cork,OP-5,OP,Environmental,Energy Use,5.3 Percentage of energy from renewable sources,Heating and cooling from off-site renewable sources,Description of the uncertified off-site renewable sources of heating and cooling,,,,not_reported,
University College Cork,OP-5,OP,Environmental,Energy Use,5.3 Percentage of energy from renewable sources,Demand reduction,"Description of any cogeneration, solar thermal, geothermal, or similar technologies used by the institution that reduce the demand for non-renewable energy","Approximately 3.5% of annual electricity consumption is used for heating through heat pump technology, with the goal of reducing reliance on natural gas. By the end of 2024, UCC’s energy-related emissions decreased by 4% compared to 2023 levels and are now 32% below the 2016–2018 baseline period.",,,text_long,
University College Cork,OP-5,OP,Environmental,Energy Use,5.3 Percentage of energy from renewable sources,Demand reduction,"Electricity from on-site renewable systems, rights retained/retired",0.70,Megawatt-hours,0.7,number,
University College Cork,OP-5,OP,Environmental,Energy Use,5.3 Percentage of energy from renewable sources,Demand reduction,Electricity from renewable sources,0.70,Megawatt-hours,0.7,number,
University College Cork,OP-5,OP,Environmental,Energy Use,5.3 Percentage of energy from renewable sources,Demand reduction,Renewable stationary fuels,0,Megawatt-hours,0.0,number,
University College Cork,OP-5,OP,Environmental,Energy Use,5.3 Percentage of energy from renewable sources,Demand reduction,Heating and cooling from off-site renewable sources,0,Megawatt-hours,0.0,number,
University College Cork,OP-5,OP,Environmental,Energy Use,5.3 Percentage of energy from renewable sources,Demand reduction,Annual renewable energy consumption,0.70,Megawatt-hours,0.7,number,
University College Cork,OP-5,OP,Environmental,Energy Use,5.3 Percentage of energy from renewable sources,Demand reduction,Percentage of energy from renewable sources,0.00,,0.0,number,
University College Cork,OP-5,OP,Environmental,Energy Use,5.3 Percentage of energy from renewable sources,Demand reduction,Points earned for indicator OP 5.3,0.00,,0.0,number,
University College Cork,OP-5,OP,Environmental,Energy Use,5.4 Percentage of electricity from on-site or certified renewable sources,,On-site and/or third party certified renewable power,0.70,Megawatt-hours,0.7,number,
University College Cork,OP-5,OP,Environmental,Energy Use,5.4 Percentage of electricity from on-site or certified renewable sources,,Percentage of electricity from on-site and/or third party certified renewable sources,0.00,,0.0,number,
University College Cork,OP-5,OP,Environmental,Energy Use,5.4 Percentage of electricity from on-site or certified renewable sources,,Points earned for indicator OP 5.4,0.00,,0.0,number,
University College Cork,OP-5,OP,Environmental,Energy Use,Optional documentation,,Notes about the information provided for this credit,,,,not_reported,
University College Cork,OP-5,OP,Environmental,Energy Use,Optional documentation,,Additional documentation for this credit,,,,not_reported,
University College Cork,OP-6,OP,Environmental,Greenhouse Gas Emissions,6.1 Greenhouse gas emissions inventory and disclosure,Scope 1 and 2 GHG emissions inventory,Has the institution completed an inventory within the previous three years to quantify its scope 1 and scope 2 GHG emissions?,Yes,,,boolean,
University College Cork,OP-6,OP,Environmental,Greenhouse Gas Emissions,6.1 Greenhouse gas emissions inventory and disclosure,Scope 1 and 2 GHG emissions inventory,Copy of the institution’s GHG emissions inventory,UCC.CarbonFootprint.YE2023v1.02025.09.16.pdf,,,text,https://reports.aashe.org/media/secure/989/9/868/9397/UCC.CarbonFootprint.YE2023v1.02025.09.16.pdf
University College Cork,OP-6,OP,Environmental,Greenhouse Gas Emissions,6.1 Greenhouse gas emissions inventory and disclosure,Scope 1 and 2 GHG emissions inventory,Online location of the institution’s GHG emissions inventory,https://www.ucc.ie/en/media/support/sustainabilityandclimateaction/UCCClimateActionRoadmap2024FINALv02.pdf,,,url,https://www.ucc.ie/en/media/support/sustainabilityandclimateaction/UCCClimateActionRoadmap2024FINALv02.pdf
University College Cork,OP-6,OP,Environmental,Greenhouse Gas Emissions,6.1 Greenhouse gas emissions inventory and disclosure,Scope 1 and 2 GHG emissions inventory,Performance year for scope 1 and 2 GHG emissions,2024,,2024.0,year,
University College Cork,OP-6,OP,Environmental,Greenhouse Gas Emissions,6.1 Greenhouse gas emissions inventory and disclosure,Scope 1 and 2 GHG emissions inventory,Description of the methodology or calculator used to conduct the scope 1 and 2 GHG emissions inventory,Calculated by our contracted supplier Sustineo to GHG Protocol standards and ISO 14064-1. A top down method was used to assess expenditure data and identify hotspots. A bottom up methodology was then employed using primary data. UCC also submits data to the Sustainable Energy Authority of Ireland to report on the University's Climate Mandate to government. This is updated annually. The attached report includes all data that was available for the reporting year as well as guidance from the consultants on what data to include in future years. Scope 2 (MBM) was not available at the time of publication of this report.,,,text_long,
University College Cork,OP-6,OP,Environmental,Greenhouse Gas Emissions,6.1 Greenhouse gas emissions inventory and disclosure,Scope 1 GHG emissions,Scope 1 GHG emissions from stationary combustion,"5,517",Metric tons of CO2 equivalent,5517.0,number,
University College Cork,OP-6,OP,Environmental,Greenhouse Gas Emissions,6.1 Greenhouse gas emissions inventory and disclosure,Scope 1 GHG emissions,Scope 1 GHG emissions from mobile combustion,62.78,Metric tons of CO2 equivalent,62.78,number,
University College Cork,OP-6,OP,Environmental,Greenhouse Gas Emissions,6.1 Greenhouse gas emissions inventory and disclosure,Scope 1 GHG emissions,Scope 1 GHG process emissions,,,,not_reported,
University College Cork,OP-6,OP,Environmental,Greenhouse Gas Emissions,6.1 Greenhouse gas emissions inventory and disclosure,Scope 1 GHG emissions,Scope 1 GHG fugitive emissions,636,Metric tons of CO2 equivalent,636.0,number,
University College Cork,OP-6,OP,Environmental,Greenhouse Gas Emissions,6.1 Greenhouse gas emissions inventory and disclosure,Scope 2 GHG emissions,Which of the following methods were used to quantify the institution’s scope 2 GHG emissions?,Location-based,,,text,
University College Cork,OP-6,OP,Environmental,Greenhouse Gas Emissions,6.1 Greenhouse gas emissions inventory and disclosure,Scope 2 GHG emissions,Scope 2 GHG emissions from off-site sources of electricity (market-based),"8,144",Metric tons of CO2 equivalent,8144.0,number,
University College Cork,OP-6,OP,Environmental,Greenhouse Gas Emissions,6.1 Greenhouse gas emissions inventory and disclosure,Scope 2 GHG emissions,Scope 2 GHG emissions from off-site sources of electricity (location-based),"8,144",Metric tons of CO2 equivalent,8144.0,number,
University College Cork,OP-6,OP,Environmental,Greenhouse Gas Emissions,6.1 Greenhouse gas emissions inventory and disclosure,Scope 2 GHG emissions,Scope 2 GHG emissions from off-site sources of heating and cooling,0,Metric tons of CO2 equivalent,0.0,number,
University College Cork,OP-6,OP,Environmental,Greenhouse Gas Emissions,6.1 Greenhouse gas emissions inventory and disclosure,Scope 2 GHG emissions,Annual scope 1 GHG emissions,"6,215.78",Metric tons of CO2 equivalent,6215.78,number,
University College Cork,OP-6,OP,Environmental,Greenhouse Gas Emissions,6.1 Greenhouse gas emissions inventory and disclosure,Scope 2 GHG emissions,Annual scope 2 GHG emissions,"8,144",Metric tons of CO2 equivalent,8144.0,number,
University College Cork,OP-6,OP,Environmental,Greenhouse Gas Emissions,6.1 Greenhouse gas emissions inventory and disclosure,Scope 2 GHG emissions,Annual scope 1 and 2 GHG emissions,"14,359.78",Metric tons of CO2 equivalent,14359.78,number,
University College Cork,OP-6,OP,Environmental,Greenhouse Gas Emissions,6.1 Greenhouse gas emissions inventory and disclosure,Biogenic emissions,Does the institution’s GHG emissions accounting method separate out biogenic emissions for disclosure purposes?,No,,,boolean,
University College Cork,OP-6,OP,Environmental,Greenhouse Gas Emissions,6.1 Greenhouse gas emissions inventory and disclosure,Biogenic emissions,GHG emissions from biogenic sources,0,Metric tons of CO2 equivalent,0.0,number,
University College Cork,OP-6,OP,Environmental,Greenhouse Gas Emissions,6.1 Greenhouse gas emissions inventory and disclosure,Scope 3 GHG emissions,"Within the previous three years, to what extent has the institution quantified its scope 3 GHG emissions from business travel?",Full accounting,,,text,
University College Cork,OP-6,OP,Environmental,Greenhouse Gas Emissions,6.1 Greenhouse gas emissions inventory and disclosure,Scope 3 GHG emissions,Scope 3 GHG emissions from business travel,"3,565",Metric tons of CO2 equivalent,3565.0,number,
University College Cork,OP-6,OP,Environmental,Greenhouse Gas Emissions,6.1 Greenhouse gas emissions inventory and disclosure,Scope 3 GHG emissions,"Within the previous three years, to what extent has the institution quantified its scope 3 GHG emissions from commuting?",Full accounting,,,text,
University College Cork,OP-6,OP,Environmental,Greenhouse Gas Emissions,6.1 Greenhouse gas emissions inventory and disclosure,Scope 3 GHG emissions,Scope 3 GHG emissions from commuting,"20,991",Metric tons of CO2 equivalent,20991.0,number,
University College Cork,OP-6,OP,Environmental,Greenhouse Gas Emissions,6.1 Greenhouse gas emissions inventory and disclosure,Scope 3 GHG emissions,"Within the previous three years, to what extent has the institution quantified its scope 3 GHG emissions from purchased goods and services?",Full accounting,,,text,
University College Cork,OP-6,OP,Environmental,Greenhouse Gas Emissions,6.1 Greenhouse gas emissions inventory and disclosure,Scope 3 GHG emissions,Scope 3 GHG emissions from purchased goods and services,"1,572",Metric tons of CO2 equivalent,1572.0,number,
University College Cork,OP-6,OP,Environmental,Greenhouse Gas Emissions,6.1 Greenhouse gas emissions inventory and disclosure,Scope 3 GHG emissions,"Within the previous three years, to what extent has the institution quantified its scope 3 GHG emissions from capital goods?",Partial accounting,,,text,
University College Cork,OP-6,OP,Environmental,Greenhouse Gas Emissions,6.1 Greenhouse gas emissions inventory and disclosure,Scope 3 GHG emissions,Scope 3 GHG emissions from capital goods,0,Metric tons of CO2 equivalent,0.0,number,
University College Cork,OP-6,OP,Environmental,Greenhouse Gas Emissions,6.1 Greenhouse gas emissions inventory and disclosure,Scope 3 GHG emissions,"Within the previous three years, to what extent has the institution quantified its scope 3 GHG emissions from fuel- and energy-related activities not included in scope 1 or scope 2?",Partial accounting,,,text,
University College Cork,OP-6,OP,Environmental,Greenhouse Gas Emissions,6.1 Greenhouse gas emissions inventory and disclosure,Scope 3 GHG emissions,Scope 3 GHG emissions from fuel- and energy-related activities not included in scope 1 or scope 2,"3,318",Metric tons of CO2 equivalent,3318.0,number,
University College Cork,OP-6,OP,Environmental,Greenhouse Gas Emissions,6.1 Greenhouse gas emissions inventory and disclosure,Scope 3 GHG emissions,"Within the previous three years, to what extent has the institution quantified its scope 3 GHG emissions from upstream transportation and distribution?",Not at all,,,text,
University College Cork,OP-6,OP,Environmental,Greenhouse Gas Emissions,6.1 Greenhouse gas emissions inventory and disclosure,Scope 3 GHG emissions,Scope 3 GHG emissions from upstream transportation and distribution,,,,not_reported,
University College Cork,OP-6,OP,Environmental,Greenhouse Gas Emissions,6.1 Greenhouse gas emissions inventory and disclosure,Scope 3 GHG emissions,"Within the previous three years, to what extent has the institution quantified its scope 3 GHG emissions from waste generated in operations?",Not at all,,,text,
University College Cork,OP-6,OP,Environmental,Greenhouse Gas Emissions,6.1 Greenhouse gas emissions inventory and disclosure,Scope 3 GHG emissions,Scope 3 GHG emissions from waste generated in operations,,,,not_reported,
University College Cork,OP-6,OP,Environmental,Greenhouse Gas Emissions,6.1 Greenhouse gas emissions inventory and disclosure,Scope 3 GHG emissions,"Within the previous three years, to what extent has the institution quantified its scope 3 GHG emissions in all other applicable categories identified in the GHG Protocol Scope 3 Standard?",Not at all,,,text,
University College Cork,OP-6,OP,Environmental,Greenhouse Gas Emissions,6.1 Greenhouse gas emissions inventory and disclosure,Scope 3 GHG emissions,Scope 3 GHG emissions from other applicable categories identified in the GHG Protocol Scope 3 Standard,,,,not_reported,
University College Cork,OP-6,OP,Environmental,Greenhouse Gas Emissions,6.1 Greenhouse gas emissions inventory and disclosure,Scope 3 GHG emissions,Description of the methodologies used to identify and account for the institution’s relevant scope 3 activities,Calculated by our contracted supplier Sustineo to GHG Protocol standards and ISO 14064-1. A top down method was used to assess expenditure data and identify hotspots. A bottom up methodology was then employed using primary data. The attached report includes all data that was available for the reporting year as well as guidance from the consultants on what data to include in future years. Scope 2 (MBM) was not available at the time of publication of this report.,,,text_long,
University College Cork,OP-6,OP,Environmental,Greenhouse Gas Emissions,6.1 Greenhouse gas emissions inventory and disclosure,Scope 3 GHG emissions,Points earned for indicator OP 6.1,2.88,,2.88,number,
University College Cork,OP-6,OP,Environmental,Greenhouse Gas Emissions,6.2 Greenhouse gas emissions per square meter,,Peer group,Doctoral universities and research institutions,,,text,
University College Cork,OP-6,OP,Environmental,Greenhouse Gas Emissions,6.2 Greenhouse gas emissions per square meter,,Gross floor area of building space,"282,364",Square meters,282364.0,number,
University College Cork,OP-6,OP,Environmental,Greenhouse Gas Emissions,6.2 Greenhouse gas emissions per square meter,,Annual scope 1 and 2 GHG emissions per unit of floor area,50.86,Kilograms per square meter,50.86,number,
University College Cork,OP-6,OP,Environmental,Greenhouse Gas Emissions,6.2 Greenhouse gas emissions per square meter,,Points earned for indicator OP 6.2,2.98,,2.98,number,
University College Cork,OP-6,OP,Environmental,Greenhouse Gas Emissions,6.3 Greenhouse gas emissions per person,,Full-time equivalent student enrollment,"22,137",,22137.0,number,
University College Cork,OP-6,OP,Environmental,Greenhouse Gas Emissions,6.3 Greenhouse gas emissions per person,,Full-time equivalent of employees,"3,643",,3643.0,number,
University College Cork,OP-6,OP,Environmental,Greenhouse Gas Emissions,6.3 Greenhouse gas emissions per person,,Full-time equivalent students and employees,"25,780",,25780.0,number,
University College Cork,OP-6,OP,Environmental,Greenhouse Gas Emissions,6.3 Greenhouse gas emissions per person,,Annual scope 1 and 2 GHG emissions per person,557.01,Kilograms of CO2 equivalent,557.01,number,
University College Cork,OP-6,OP,Environmental,Greenhouse Gas Emissions,6.3 Greenhouse gas emissions per person,,Points earned for indicator OP 6.3,3.73,,3.73,number,
University College Cork,OP-6,OP,Environmental,Greenhouse Gas Emissions,6.4 Adjusted net greenhouse gas emissions,Carbon sinks,Third party certified carbon offsets,0,Metric tons of CO2 equivalent,0.0,number,
University College Cork,OP-6,OP,Environmental,Greenhouse Gas Emissions,6.4 Adjusted net greenhouse gas emissions,Carbon sinks,Description of the institution’s third party certified carbon offsets,,,,not_reported,
University College Cork,OP-6,OP,Environmental,Greenhouse Gas Emissions,6.4 Adjusted net greenhouse gas emissions,Carbon sinks,Carbon storage from on-site composting,0,Metric tons of CO2 equivalent,0.0,number,
University College Cork,OP-6,OP,Environmental,Greenhouse Gas Emissions,6.4 Adjusted net greenhouse gas emissions,Carbon sinks,Description of the institution’s carbon storage from on-site composting,,,,not_reported,
University College Cork,OP-6,OP,Environmental,Greenhouse Gas Emissions,6.4 Adjusted net greenhouse gas emissions,Carbon sinks,Carbon sold or transferred,,,,not_reported,
University College Cork,OP-6,OP,Environmental,Greenhouse Gas Emissions,6.4 Adjusted net greenhouse gas emissions,Carbon sinks,Carbon storage from non-additional sequestration on institution-owned land,0,Metric tons of CO2 equivalent,0.0,number,
University College Cork,OP-6,OP,Environmental,Greenhouse Gas Emissions,6.4 Adjusted net greenhouse gas emissions,Baseline emissions,Does the institution have baseline scope 1 and 2 GHG emissions data?,Yes,,,boolean,
University College Cork,OP-6,OP,Environmental,Greenhouse Gas Emissions,6.4 Adjusted net greenhouse gas emissions,Baseline emissions,Copy of the institution’s baseline GHG emissions inventory,Annual_Energy_Statement.xlsx,,,text,https://reports.aashe.org/media/secure/989/9/868/9443/Annual_Energy_Statement.xlsx
University College Cork,OP-6,OP,Environmental,Greenhouse Gas Emissions,6.4 Adjusted net greenhouse gas emissions,Baseline emissions,Online location of the institution’s baseline GHG emissions inventory,,,,not_reported,
University College Cork,OP-6,OP,Environmental,Greenhouse Gas Emissions,6.4 Adjusted net greenhouse gas emissions,Baseline emissions,Baseline year for scope 1 and 2 GHG emissions,2017,,2017.0,year,
University College Cork,OP-6,OP,Environmental,Greenhouse Gas Emissions,6.4 Adjusted net greenhouse gas emissions,Baseline emissions,Narrative outlining when and why the GHG emissions baseline was adopted,This is the emissions baseline that has been set by the government of Ireland for all public bodies in the country.,,,text,
University College Cork,OP-6,OP,Environmental,Greenhouse Gas Emissions,6.4 Adjusted net greenhouse gas emissions,Baseline emissions,Baseline scope 1 and 2 GHG emissions,"19,460",Metric tons of CO2 equivalent,19460.0,number,
University College Cork,OP-6,OP,Environmental,Greenhouse Gas Emissions,6.4 Adjusted net greenhouse gas emissions,Baseline emissions,Net carbon sinks,0,Metric tons of CO2 equivalent,0.0,number,
University College Cork,OP-6,OP,Environmental,Greenhouse Gas Emissions,6.4 Adjusted net greenhouse gas emissions,Baseline emissions,Adjusted net scope 1 and 2 GHG emissions,"14,359.78",Metric tons of CO2 equivalent,14359.78,number,
University College Cork,OP-6,OP,Environmental,Greenhouse Gas Emissions,6.4 Adjusted net greenhouse gas emissions,Baseline emissions,Percentage reduction in scope 1 and 2 GHG emissions from baseline,26.21,,26.21,number,
University College Cork,OP-6,OP,Environmental,Greenhouse Gas Emissions,6.4 Adjusted net greenhouse gas emissions,Baseline emissions,Points earned for indicator OP 6.4,1.05,,1.05,number,
University College Cork,OP-6,OP,Environmental,Greenhouse Gas Emissions,Optional documentation,,Notes about the information provided for this credit,,,,not_reported,
University College Cork,OP-6,OP,Environmental,Greenhouse Gas Emissions,Optional documentation,,Additional documentation for this credit,,,,not_reported,
University College Cork,OP-7,OP,Environmental,Dining Service Procurement,7.1 Percentage of food and beverage spend that meets sustainability criteria,,Performance year for food and beverage purchasing,2025,,2025.0,year,
University College Cork,OP-7,OP,Environmental,Dining Service Procurement,7.1 Percentage of food and beverage spend that meets sustainability criteria,,Percentage of food and beverage spend on products that are sustainably or ethically produced,12,,12.0,number,
University College Cork,OP-7,OP,Environmental,Dining Service Procurement,7.1 Percentage of food and beverage spend that meets sustainability criteria,,Percentage of food and beverage spend on plant-based foods,68,,68.0,number,
University College Cork,OP-7,OP,Environmental,Dining Service Procurement,7.1 Percentage of food and beverage spend that meets sustainability criteria,,Inventory of qualifying food and beverage purchases,STARS_Food_Inventory.xlsx,,,text,https://reports.aashe.org/media/secure/989/9/869/9373/STARS_Food_Inventory.xlsx
University College Cork,OP-7,OP,Environmental,Dining Service Procurement,7.1 Percentage of food and beverage spend that meets sustainability criteria,,Description of the methodology used to determine the spend on products that are sustainably or ethically produced,"See spreadsheet attached which details one year sample of all food purchases by Kylemore Services Group, UCC's catering contractor. KSG collect data from suppliers through supplier questionaires. Coffees and Tea account for just over 16% of UCC's total food and beverage purchases. A number of different products are used. Of these the following products have Rainforest Alliance certification: Lavazza coffee Nescafe Bewley's coffee and tea Lyon's Tea Barry's Tea Insomnia Given these account for the majority of teas and coffees purchased, we estimate that 80% of these purchases are certified, amounting to approximately 12% of food and beverages purchased. In addition to this (not included in % as the producers do not have organic certification) the following foods are locally sourced through short food suppply chains. 7% of UCC's total food purchases come through our Farm to Fork partnership with local family run ""Waterfall Farms"". The plot of land is owned by UCC and farmed on the University's behalf by Waterfall farms. 80 to 100 tonnes of mainly root vegetables are procured through this agreement. 1.8% of all UCC foods purchased are through local short supply chains. There are mainly local cheese supplied though https://www.st-tola.ie/ http://www.carrigalinecheese.com/history.html https://www.cooleeney.com/ https://gubbeen.com/ These cheesmakers are all members of the Cais Irish cheesemakers association https://irishcheese.ie/our-members/",,,text_long,https://www.st-tola.ie/ http://www.carrigalinecheese.com/history.html https://www.cooleeney.com/ https://gubbeen.com/ https://irishcheese.ie/our-members/
University College Cork,OP-7,OP,Environmental,Dining Service Procurement,7.1 Percentage of food and beverage spend that meets sustainability criteria,,Description of the methodology used to determine the spend on plant-based foods,"A one year (2025) sample of all foods purchased by UCC's catering services provider KSG was assessed. All foods that fit the criteria of plant based, namely all fruits, vegetables, sprouts, legumes, pulses, soy foods, nuts, seeds, herbs, spices, seaweed, algae, fungi, whole grains, coffee beans, and tea leaves, Culinary ingredients obtained directly from plants (e.g., oils, syrups, starches, and sweeteners) and processed foods that are predominantly derived from plants and/or fungi and contain no ingredients derived from animals. The percentage of spend was based on the total spend on food and beverage purchases for 2025.",,,text_long,
University College Cork,OP-7,OP,Environmental,Dining Service Procurement,7.1 Percentage of food and beverage spend that meets sustainability criteria,,Points earned for indicator OP 7.1,4.80,,4.8,number,
University College Cork,OP-7,OP,Environmental,Dining Service Procurement,7.2 Percentage of dining service spend with social impact suppliers,,Does the institution have sufficient data on its dining service spend to pursue this indicator?,Yes,,,boolean,
University College Cork,OP-7,OP,Environmental,Dining Service Procurement,7.2 Percentage of dining service spend with social impact suppliers,,Performance year for social impact dining service purchasing,2025,,2025.0,year,
University College Cork,OP-7,OP,Environmental,Dining Service Procurement,7.2 Percentage of dining service spend with social impact suppliers,,Percentage of dining service spend with social impact suppliers,7,,7.0,number,
University College Cork,OP-7,OP,Environmental,Dining Service Procurement,7.2 Percentage of dining service spend with social impact suppliers,,Narrative and/or website URL providing an overview of the dining service program’s social impact suppliers,"7% of all food purchased in UCC comes from Waterfall farms, which is a family owned and run business within 5km of UCC campus - https://www.waterfallfarms.ie/",,,text,https://www.waterfallfarms.ie/
University College Cork,OP-7,OP,Environmental,Dining Service Procurement,7.2 Percentage of dining service spend with social impact suppliers,,Description of the methodology used to determine the spend with social impact suppliers,A full inventory of all UCC food and beverage purchases was obtained from,,,text,
University College Cork,OP-7,OP,Environmental,Dining Service Procurement,7.2 Percentage of dining service spend with social impact suppliers,,Points earned for indicator OP 7.2,1,,1.0,number,
University College Cork,OP-7,OP,Environmental,Dining Service Procurement,Optional documentation,,Notes about the information provided for this credit,,,,not_reported,
University College Cork,OP-7,OP,Environmental,Dining Service Procurement,Optional documentation,,Additional documentation for this credit,,,,not_reported,
University College Cork,OP-8,OP,Environmental,Food Recovery,8.1 Food recovery program,,Does the institution donate surplus food to a food redistribution program on at least a monthly basis when its dining services are operational?,Yes,,,boolean,
University College Cork,OP-8,OP,Environmental,Food Recovery,8.1 Food recovery program,,Narrative and/or website URL providing an overview of the institution’s surplus food donation program,"Food that is still sealed and unwanted is brought to Penny Dinners, a local service that provides meals to the homeless people of Cork. This is done on a ad hoc basis. Cork Penny Dinners serves up to 2000 freshly made meals per week. Their aims are simple - to help all who struggle and those in need. Cork Penny Dinners provide a hot nourishing meal of soup, main course, dessert and tea/coffee daily. In addition sandwiches, biscuits, fruit and juice are also available to take away as an evening meal. Cork Penny Dinners are open 7 days a week all year round including Christmas Day.",,,text_long,
University College Cork,OP-8,OP,Environmental,Food Recovery,8.1 Food recovery program,,"Do the institution’s dining services divert pre-consumer food waste from disposal for processing and use as animal feed, compost, and/or biofuel?",Yes,,,boolean,
University College Cork,OP-8,OP,Environmental,Food Recovery,8.1 Food recovery program,,Narrative and/or website URL providing an overview of the institution’s pre-consumer food waste diversion program,"As per regulations in Ireland, all pre-consumer food waste from KSG outlets is collected by GreenStar and taken to Acorn recycling in Tipperary. Here it is composted and it is then used on agricultural land in the Cork region.",,,text_long,
University College Cork,OP-8,OP,Environmental,Food Recovery,8.1 Food recovery program,,"Do the institution’s dining services divert post-consumer food waste from disposal for processing and use as animal feed, compost, and/or biofuel?",Yes,,,boolean,
University College Cork,OP-8,OP,Environmental,Food Recovery,8.1 Food recovery program,,Narrative and/or website URL providing an overview of the institution’s post-consumer food waste diversion program,Post-consumer composting is available in a number of the larger campus food outlets. Segregated bin systems with appropriate signage direct customers to dispose of compostable waste separately. The food waste is collected by GreenStar and taken to Acorn recycling in Tipperary. Here it is composted and it is then used on agricultural land in the Cork region.,,,text_long,
University College Cork,OP-8,OP,Environmental,Food Recovery,8.1 Food recovery program,,Do the institution’s dining services track and assess their food and organic materials management efforts on at least an annual basis to inform ongoing improvements?,Yes,,,boolean,
University College Cork,OP-8,OP,Environmental,Food Recovery,8.1 Food recovery program,,Narrative and/or website URL providing an overview of the institution’s food and organic materials management tracking and assessment initiatives,"In 2023 UCC’s contracted food service provider KSG began using the “Positive Carbon” tool in their kitchens. Positive Carbon is a total food waste monitoring solution designed to register different food waste types being disposed of. A number of changes have been implemented in UCC kitchens based on the findings of this exercise, for example the staff restaurant now serves the same food as the main restaurant in order to keep waste to a minimum. The first 6 months of this initiative has seen a reduction of 18% in food waste across KSG outlets.",,,text_long,
University College Cork,OP-8,OP,Environmental,Food Recovery,8.1 Food recovery program,,Points earned for indicator OP 8.1,2,,2.0,number,
University College Cork,OP-8,OP,Environmental,Food Recovery,Optional documentation,,Notes about the information provided for this credit,,,,not_reported,
University College Cork,OP-8,OP,Environmental,Food Recovery,Optional documentation,,Additional documentation for this credit,,,,not_reported,
University College Cork,OP-9,OP,Environmental,Sustainable Procurement System,9.1 Supplier code of conduct,,Does the institution have a published code of conduct to guide suppliers on the institution’s social and environmental expectations for them?,Yes,,,boolean,
University College Cork,OP-9,OP,Environmental,Sustainable Procurement System,9.1 Supplier code of conduct,,Copy of the institution’s supplier code of conduct,,,,not_reported,
University College Cork,OP-9,OP,Environmental,Sustainable Procurement System,9.1 Supplier code of conduct,,Online location of the institution’s supplier code of conduct,https://www.epa.ie/publications/circular-economy/resources/EPA_GPP_Guidance_2024-revised.pdf,,,url,https://www.epa.ie/publications/circular-economy/resources/EPA_GPP_Guidance_2024-revised.pdf
University College Cork,OP-9,OP,Environmental,Sustainable Procurement System,9.1 Supplier code of conduct,,Does the institution’s supplier code of conduct include one or more expectations in regard to environmental impact that exceed or are additional to regulatory compliance?,No,,,boolean,
University College Cork,OP-9,OP,Environmental,Sustainable Procurement System,9.1 Supplier code of conduct,,Does the institution’s supplier code of conduct include one or more expectations in regard to the treatment of workers that exceed or are additional to regulatory compliance?,No,,,boolean,
University College Cork,OP-9,OP,Environmental,Sustainable Procurement System,9.1 Supplier code of conduct,,Does the institution’s supplier code of conduct include one or more expectations in regard to governance and ethical business practices that exceed or are additional to regulatory compliance?,No,,,boolean,
University College Cork,OP-9,OP,Environmental,Sustainable Procurement System,9.1 Supplier code of conduct,,Does the institution’s supplier code of conduct include one or more expectations in regard to the advancement of sustainability in the supply chain?,Yes,,,boolean,
University College Cork,OP-9,OP,Environmental,Sustainable Procurement System,9.1 Supplier code of conduct,,Does the institution’s supplier code of conduct include one or more expectations of monitoring and review?,Yes,,,boolean,
University College Cork,OP-9,OP,Environmental,Sustainable Procurement System,9.1 Supplier code of conduct,,Points earned for indicator OP 9.1,0.40,,0.4,number,
University College Cork,OP-9,OP,Environmental,Sustainable Procurement System,9.2 Percentage of bid solicitations that identify sustainability considerations,,Does the institution have sufficient data on its bid solicitations to pursue this indicator?,Yes,,,boolean,
University College Cork,OP-9,OP,Environmental,Sustainable Procurement System,9.2 Percentage of bid solicitations that identify sustainability considerations,,Percentage of bid solicitations that identify product sustainability specifications,54,,54.0,number,
University College Cork,OP-9,OP,Environmental,Sustainable Procurement System,9.2 Percentage of bid solicitations that identify sustainability considerations,,Percentage of bid solicitations that identify supplier sustainability considerations,21,,21.0,number,
University College Cork,OP-9,OP,Environmental,Sustainable Procurement System,9.2 Percentage of bid solicitations that identify sustainability considerations,,Description of the methodology used to assess the institution’s bid solicitations,39 Tenders were completed in 2024 and 29 of these included sustainability considerations. 21% of tenders included supplier sustainability specifications and 54% of tenders included product sustainability condsiderations.,,,text_long,
University College Cork,OP-9,OP,Environmental,Sustainable Procurement System,9.2 Percentage of bid solicitations that identify sustainability considerations,,Online resource supporting the percentage of bid solicitations reported,,,,not_reported,
University College Cork,OP-9,OP,Environmental,Sustainable Procurement System,9.2 Percentage of bid solicitations that identify sustainability considerations,,Document supporting the percentage of bid solicitations reported,Climate_action_mandate_compliance_2024.pdf,,,text,https://reports.aashe.org/media/secure/989/9/871/9470/Climate_action_mandate_compliance_2024.pdf
University College Cork,OP-9,OP,Environmental,Sustainable Procurement System,9.2 Percentage of bid solicitations that identify sustainability considerations,,Points earned for indicator OP 9.2,0.75,,0.75,number,
University College Cork,OP-9,OP,Environmental,Sustainable Procurement System,9.3 Average weight given to sustainability considerations in bid appraisal,,Average weight assigned to product sustainability specifications in the institution’s bid appraisal process,5 to 9 percent,,,text,
University College Cork,OP-9,OP,Environmental,Sustainable Procurement System,9.3 Average weight given to sustainability considerations in bid appraisal,,Average weight assigned to supplier sustainability considerations in the institution’s bid appraisal process,5 to 9 percent,,,text,
University College Cork,OP-9,OP,Environmental,Sustainable Procurement System,9.3 Average weight given to sustainability considerations in bid appraisal,,Narrative outlining how the average weights given to sustainability considerations were determined,"5% would be the average of points assigned to sustainability. In some cases, where there is a very strong environmental impact associated with a certain activity the amount will be much higher, for example the 2023 waste tender assigned 20% of points for sustainability.",,,text_long,
University College Cork,OP-9,OP,Environmental,Sustainable Procurement System,9.3 Average weight given to sustainability considerations in bid appraisal,,Points earned for indicator OP 9.3,1,,1.0,number,
University College Cork,OP-9,OP,Environmental,Sustainable Procurement System,9.4 Percentage of contract spend with social impact suppliers,,Does the institution have sufficient data on its contract spend to pursue this indicator?,Yes,,,boolean,
University College Cork,OP-9,OP,Environmental,Sustainable Procurement System,9.4 Percentage of contract spend with social impact suppliers,,Performance year for contract spend,2024,,2024.0,year,
University College Cork,OP-9,OP,Environmental,Sustainable Procurement System,9.4 Percentage of contract spend with social impact suppliers,,Local currency code,EUR,,,text,
University College Cork,OP-9,OP,Environmental,Sustainable Procurement System,9.4 Percentage of contract spend with social impact suppliers,,Total annual contract spend,"107,600,000",,107600000.0,number,
University College Cork,OP-9,OP,Environmental,Sustainable Procurement System,9.4 Percentage of contract spend with social impact suppliers,,Annual contract spend with social impact suppliers,"979,262",,979262.0,number,
University College Cork,OP-9,OP,Environmental,Sustainable Procurement System,9.4 Percentage of contract spend with social impact suppliers,,Narrative and/or website URL providing an overview of the institution’s contracts with social impact suppliers,"Examples include: Cork Deaf Enterprises – Repairing seats for Aula Maxima - €13,45 Jumpagrade – Schools outreach programme with Deis schools - €30,000 Traveller Visibility Group – Access programme providing mentoring to traveller community to ensure traveller children reach their full potential in school",,,text_long,
University College Cork,OP-9,OP,Environmental,Sustainable Procurement System,9.4 Percentage of contract spend with social impact suppliers,,Description of the methodology used to assess the institution’s contract spend with social impact suppliers,UCC procurement Officer provided details for all contract spend that included social or EDI considerations.,,,text,
University College Cork,OP-9,OP,Environmental,Sustainable Procurement System,9.4 Percentage of contract spend with social impact suppliers,,Percentage of contract spend with social impact suppliers,0.91,,0.91,number,
University College Cork,OP-9,OP,Environmental,Sustainable Procurement System,9.4 Percentage of contract spend with social impact suppliers,,Points earned for indicator 9.4,0,,0.0,number,
University College Cork,OP-9,OP,Environmental,Sustainable Procurement System,Optional documentation,,Notes about the information provided for this credit,Re. 9.1 - UCC as a public body in Ireland must comply with government requirements regarding green public procurement.,,,text,
University College Cork,OP-9,OP,Environmental,Sustainable Procurement System,Optional documentation,,Additional documentation for this credit,,,,not_reported,
University College Cork,OP-10,OP,Environmental,Purchased Goods,10.1 Percentage of cleaning products spend that meets sustainability criteria,,Local currency code,Eur,,,text,
University College Cork,OP-10,OP,Environmental,Purchased Goods,10.1 Percentage of cleaning products spend that meets sustainability criteria,,Does the institution have sufficient data on its cleaning product spend to pursue this indicator?,Yes,,,boolean,
University College Cork,OP-10,OP,Environmental,Purchased Goods,10.1 Percentage of cleaning products spend that meets sustainability criteria,,Performance year for cleaning products spend,2024,,2024.0,year,
University College Cork,OP-10,OP,Environmental,Purchased Goods,10.1 Percentage of cleaning products spend that meets sustainability criteria,,Total annual spend on cleaning products,"103,000",,103000.0,number,
University College Cork,OP-10,OP,Environmental,Purchased Goods,10.1 Percentage of cleaning products spend that meets sustainability criteria,,Annual spend on cleaning products that meet preferable sustainability criteria,"86,946",,86946.0,number,
University College Cork,OP-10,OP,Environmental,Purchased Goods,10.1 Percentage of cleaning products spend that meets sustainability criteria,,Annual spend on cleaning products that meet other qualifying sustainability criteria,"14,720",,14720.0,number,
University College Cork,OP-10,OP,Environmental,Purchased Goods,10.1 Percentage of cleaning products spend that meets sustainability criteria,,List or sample of cleaning product purchases and the preferable and/or other qualifying criteria that each purchase meets,"TOILET ROLL & TOILET TISSUE CS12 8591 SCOTT MINI TWIN T/TISSUE C/FEED ROL (M05625) made from 100% recycled fibres, is FSC certified, carries the European Ecolabel 120238 TORK MINI JUMBO WH 2PLY 170M 12X1 (M00673) FSC certified, carries the European Ecolabel H/TOWEL -C-FEED CS 6 PRST BLU C-FEED 2PLY ROLL MX 120MX165M (M05329) 100% recycled fibres and is FSC Certified CS 6 BLU C-FEED ROLL 2PLY TORK (030502) FSC certified, carries the European Ecolabel 290016 TORK PREM H/T 2PLY WH 100X21CM408 (M01209) FSC certified, carries the European Ecolabel CS 21X180 T/ XPRESS M/FOLD H/T 2P WH 1X21 (M05470) FSC certified, carries the European Ecolabel SOAP 6340 SCOTT ESSENTIAL FOAM SOAP 6X1 (N06140) EU Ecolabel Certified CS LUX PINK PEARL - PEACH FRAG SOAP 2X5LT (N05388) Move to Deb foam soap. EU Ecolabel Certified. Perfume-free and dye-free, biodegradable skin hypoallergenic foam hand 420911 TORK LUXURY LIQUID SOAP 6X1L (N09904) EU Ecolabel Certified 420501 TORK 55 MILD LIQUID SOAP WH 6X1L (N01185) EU Ecolabel Certified RVU11529 LOTION W/MOISTURISER 4X1100ML (N08102) EU Ecolabel Certified PK 20 C/LINE ECO TOILET CLEANER SACHETS T10 (Y09726) ISO 9001 Quality Management System : The product is manufactured under this system, ensuring quality and consistency. PK 20 C/LINE ECO M-PURPOSE CLEANER SACHET T1 (Y09727) ISO 14001 Environmental Management System : The manufacturing process is accredited with this environmental standard, indicating a commitment to reducing environmental impact. PK 20 C/LINE ECO WASHROOM CLEANER SACHET T9 (Y09730) REACH compliance : All surfactants and raw materials used in Cleanline products comply with current European regulations concerning the Registration, Evaluation, Authorisation and Restriction of Chemicals (REACH) and biodegradability requirements. PK 80 C/LINE ECO M/P FLR CLEANER SACHETS BKT (Y09728) PK 20 C/LINE ECO GLASS & INT CLEANE SACHET T4 (Y09729)",,,text_long,
University College Cork,OP-10,OP,Environmental,Purchased Goods,10.1 Percentage of cleaning products spend that meets sustainability criteria,,Percentage of cleaning product spend that meets preferable sustainability criteria,84.41,,84.41,number,
University College Cork,OP-10,OP,Environmental,Purchased Goods,10.1 Percentage of cleaning products spend that meets sustainability criteria,,Percentage of cleaning product spend that meets other qualifying sustainability criteria,14.29,,14.29,number,
University College Cork,OP-10,OP,Environmental,Purchased Goods,10.1 Percentage of cleaning products spend that meets sustainability criteria,,Points earned for indicator OP 10.1,0.92,,0.92,number,
University College Cork,OP-10,OP,Environmental,Purchased Goods,10.2 Percentage of electronics spend that meets sustainability criteria,,Does the institution have sufficient data on its electronics spend to pursue this indicator?,Yes,,,boolean,
University College Cork,OP-10,OP,Environmental,Purchased Goods,10.2 Percentage of electronics spend that meets sustainability criteria,,Performance year for electronics product spend,2024,,2024.0,year,
University College Cork,OP-10,OP,Environmental,Purchased Goods,10.2 Percentage of electronics spend that meets sustainability criteria,,Total annual spend on electronics,"4,764,411.99",,4764411.99,number,
University College Cork,OP-10,OP,Environmental,Purchased Goods,10.2 Percentage of electronics spend that meets sustainability criteria,,Annual spend on electronics that meet preferable sustainability criteria,,,,not_reported,
University College Cork,OP-10,OP,Environmental,Purchased Goods,10.2 Percentage of electronics spend that meets sustainability criteria,,Annual spend on electronics spend that meet other qualifying sustainability criteria,"2,008,738.73",,2008738.73,number,
University College Cork,OP-10,OP,Environmental,Purchased Goods,10.2 Percentage of electronics spend that meets sustainability criteria,,List or sample of electronics purchases and the preferable and/or other qualifying criteria that each purchase meets,"Includes computers, servers, AV equipment, network switches. EPEAT Sustainability certification.",,,text,
University College Cork,OP-10,OP,Environmental,Purchased Goods,10.2 Percentage of electronics spend that meets sustainability criteria,,Percentage of electronics spend that meets preferable sustainability criteria,0,,0.0,number,
University College Cork,OP-10,OP,Environmental,Purchased Goods,10.2 Percentage of electronics spend that meets sustainability criteria,,Percentage of electronics spend that meets other qualifying sustainability criteria,42.16,,42.16,number,
University College Cork,OP-10,OP,Environmental,Purchased Goods,10.2 Percentage of electronics spend that meets sustainability criteria,,Points earned for indicator OP 10.2,0.21,,0.21,number,
University College Cork,OP-10,OP,Environmental,Purchased Goods,10.3 Percentage of furniture spend that meets sustainability criteria,,Does the institution have sufficient data on its furniture spend to pursue this indicator?,No,,,boolean,
University College Cork,OP-10,OP,Environmental,Purchased Goods,10.3 Percentage of furniture spend that meets sustainability criteria,,Performance year for furniture spend,,,,not_reported,
University College Cork,OP-10,OP,Environmental,Purchased Goods,10.3 Percentage of furniture spend that meets sustainability criteria,,Total annual spend on furniture,,,,not_reported,
University College Cork,OP-10,OP,Environmental,Purchased Goods,10.3 Percentage of furniture spend that meets sustainability criteria,,Annual spend on furniture that meets preferable sustainability criteria,,,,not_reported,
University College Cork,OP-10,OP,Environmental,Purchased Goods,10.3 Percentage of furniture spend that meets sustainability criteria,,Annual spend on furniture that meets other qualifying sustainability criteria,,,,not_reported,
University College Cork,OP-10,OP,Environmental,Purchased Goods,10.3 Percentage of furniture spend that meets sustainability criteria,,List or sample of furniture purchases and the preferable and/or other qualifying criteria that each purchase meets,,,,not_reported,
University College Cork,OP-10,OP,Environmental,Purchased Goods,10.3 Percentage of furniture spend that meets sustainability criteria,,Percentage of furniture spend that meets preferable sustainability criteria,,,,not_reported,
University College Cork,OP-10,OP,Environmental,Purchased Goods,10.3 Percentage of furniture spend that meets sustainability criteria,,Percentage of furniture spend that meets other qualifying sustainability criteria,,,,not_reported,
University College Cork,OP-10,OP,Environmental,Purchased Goods,10.3 Percentage of furniture spend that meets sustainability criteria,,Points earned for indicator OP 10.3,0,,0.0,number,
University College Cork,OP-10,OP,Environmental,Purchased Goods,10.4 Percentage of office paper spend that meets sustainability criteria,,Does the institution have sufficient data on its office paper spend to pursue this indicator?,No,,,boolean,
University College Cork,OP-10,OP,Environmental,Purchased Goods,10.4 Percentage of office paper spend that meets sustainability criteria,,Performance year for office paper spend,,,,not_reported,
University College Cork,OP-10,OP,Environmental,Purchased Goods,10.4 Percentage of office paper spend that meets sustainability criteria,,Total annual spend on office paper,,,,not_reported,
University College Cork,OP-10,OP,Environmental,Purchased Goods,10.4 Percentage of office paper spend that meets sustainability criteria,,Annual spend on office paper that meets preferable sustainability criteria,,,,not_reported,
University College Cork,OP-10,OP,Environmental,Purchased Goods,10.4 Percentage of office paper spend that meets sustainability criteria,,Annual spend on office paper that meets other qualifying sustainability criteria,,,,not_reported,
University College Cork,OP-10,OP,Environmental,Purchased Goods,10.4 Percentage of office paper spend that meets sustainability criteria,,List or sample of office paper purchases and the preferable and/or other qualifying criteria that each purchase meets,,,,not_reported,
University College Cork,OP-10,OP,Environmental,Purchased Goods,10.4 Percentage of office paper spend that meets sustainability criteria,,Percentage of office paper spend that meets preferable sustainability criteria,,,,not_reported,
University College Cork,OP-10,OP,Environmental,Purchased Goods,10.4 Percentage of office paper spend that meets sustainability criteria,,Percentage of office paper spend that meets other qualifying sustainability criteria,,,,not_reported,
University College Cork,OP-10,OP,Environmental,Purchased Goods,10.4 Percentage of office paper spend that meets sustainability criteria,,Points earned for indicator OP 10.4,0,,0.0,number,
University College Cork,OP-10,OP,Environmental,Purchased Goods,Optional documentation,,Notes about the information provided for this credit,,,,not_reported,
University College Cork,OP-10,OP,Environmental,Purchased Goods,Optional documentation,,Additional documentation for this credit,,,,not_reported,
University College Cork,OP-11,OP,Environmental,Materials Management,11.1 Surplus and reuse programs,,"Does the institution have a surplus program through which institution-owned items that are no longer needed are stored for eventual sale, donation, or reuse?",Yes,,,boolean,
University College Cork,OP-11,OP,Environmental,Materials Management,11.1 Surplus and reuse programs,,Narrative and/or website URL providing an overview of the institution’s surplus program,"The UCC Office Furniture Exchange was launched in 2024 as a space where insitution owned office furniture is exchanged through the University's online Workvivo platform. The online ""space"" has over 6,000 members with furniture and IT equipment uploaded and exchanged on a daily basis.",,,text_long,
University College Cork,OP-11,OP,Environmental,Materials Management,11.1 Surplus and reuse programs,,Does the institution have or participate in a reuse program through which employees and/or students can donate personal items for redistribution?,Yes,,,boolean,
University College Cork,OP-11,OP,Environmental,Materials Management,11.1 Surplus and reuse programs,,Narrative and/or website URL providing an overview of the institution’s reuse program,"The UCC International Office Swap Shop is open all year round for students to donate their preloved items to instead of throwing them out. Staff collect, santitise,organise and,store the items. There is a 3euro entry fee for students to browse the Swap Shop, where they can take whatever they need to furnish their accommodation. The 3eur is donated to charity.",,,text_long,
University College Cork,OP-11,OP,Environmental,Materials Management,11.1 Surplus and reuse programs,,Points earned for indicator OP 11.1,1,,1.0,number,
University College Cork,OP-11,OP,Environmental,Materials Management,11.2 Single-use disposable plastics program,,Does the institution have or participate in a composting program that accepts compostable alternatives to single-use disposable plastic?,Yes,,,boolean,
University College Cork,OP-11,OP,Environmental,Materials Management,11.2 Single-use disposable plastics program,,Narrative and/or website URL providing an overview of the institution’s composting program,Compostable lunchboxes are accepted in the University's food waste bins.,,,text,
University College Cork,OP-11,OP,Environmental,Materials Management,11.2 Single-use disposable plastics program,,Does the institution have or participate in a reusable container program designed to reduce the use of single-use disposable plastic?,Yes,,,boolean,
University College Cork,OP-11,OP,Environmental,Materials Management,11.2 Single-use disposable plastics program,,Narrative and/or website URL providing an overview of the institution’s reusable container program,In 2023 UCC became the first University in Ireland to completely ban the use of disposable coffee cups on campus. If a student or staff member wishes to puchase a hot beverage on campus they can either bring their own reusable cup or avail of the campus deposit return cups (a deposit of 2eur is paid when taking a cup and returned to the customer when the cup is brought back).,,,text_long,
University College Cork,OP-11,OP,Environmental,Materials Management,11.2 Single-use disposable plastics program,,Has the institution eliminated the on-site use of at least one form of single-use disposable plastic?,Yes,,,boolean,
University College Cork,OP-11,OP,Environmental,Materials Management,11.2 Single-use disposable plastics program,,"Has the institution eliminated the on-site sales and distribution of all single-use disposable plastic food containers, utensils, and beverage cups?",Yes,,,boolean,
University College Cork,OP-11,OP,Environmental,Materials Management,11.2 Single-use disposable plastics program,,Narrative and/or website URL providing an overview of the institution’s single-use disposable plastics program,"There are no single use plastic cups or containers used on UCC campus. Single use cups have been completely banned, while only compostable vegware containers and cutlery are available for food items.",,,text,
University College Cork,OP-11,OP,Environmental,Materials Management,11.2 Single-use disposable plastics program,,Points earned for indicator OP 11.2,1,,1.0,number,
University College Cork,OP-11,OP,Environmental,Materials Management,11.3 Electronic waste management,,Does the institution have or participate in a program designed to collect electronic waste (e-waste) from employees for recycling and/or preparation for reuse?,Yes,,,boolean,
University College Cork,OP-11,OP,Environmental,Materials Management,11.3 Electronic waste management,,Does the institution have or participate in a program designed to collect e-waste from students for recycling and/or preparation for reuse? (required),Yes,,,boolean,
University College Cork,OP-11,OP,Environmental,Materials Management,11.3 Electronic waste management,,Narrative and/or website URL providing an overview of the institution’s e-waste collection programs,UCC participates in the National WEEE recycling programme. WEEE waste bins are available at various location son campus for small electronic equipment. Battery bins are available in the library building,,,text_long,
University College Cork,OP-11,OP,Environmental,Materials Management,11.3 Electronic waste management,,Does the institution use an e-waste recycler that is certified to a qualifying standard?,Unsure,,,text,
University College Cork,OP-11,OP,Environmental,Materials Management,11.3 Electronic waste management,,Standard to which the institution’s e-waste recycler is certified,,,,not_reported,
University College Cork,OP-11,OP,Environmental,Materials Management,11.3 Electronic waste management,,Points earned for indicator OP 11.3,0.50,,0.5,number,
University College Cork,OP-11,OP,Environmental,Materials Management,11.4 Hazardous waste management and disclosure,,Does the institution have a hazardous waste management program or protocol that includes measures to minimize or reduce the use of hazardous materials?,Yes,,,boolean,
University College Cork,OP-11,OP,Environmental,Materials Management,11.4 Hazardous waste management and disclosure,,Narrative and/or website URL providing an overview of the institution’s hazardous waste management program or protocol,The Health and Safety Office at UCC maintains protocols and training resources for the safe disposal of chemical and biological hazardous wastes. An example of one such protocol is here: https://www.ucc.ie/en/media/research/researchatucc/policydocuments/2023/BiologicalWastePolicy.pdf,,,text_long,https://www.ucc.ie/en/media/research/researchatucc/policydocuments/2023/BiologicalWastePolicy.pdf
University College Cork,OP-11,OP,Environmental,Materials Management,11.4 Hazardous waste management and disclosure,,"Does the institution publish information about the specific types of hazardous waste it generates and how they are disposed of, recycled, and/or prepared for reuse?",No,,,boolean,
University College Cork,OP-11,OP,Environmental,Materials Management,11.4 Hazardous waste management and disclosure,,Online resource that provides information about the specific types of hazardous waste managed by the institution,,,,not_reported,
University College Cork,OP-11,OP,Environmental,Materials Management,11.4 Hazardous waste management and disclosure,,Document that provides information about the specific types of hazardous waste managed by the institution,,,,not_reported,
University College Cork,OP-11,OP,Environmental,Materials Management,11.4 Hazardous waste management and disclosure,,Points earned for indicator OP 11.4,0.50,,0.5,number,
University College Cork,OP-11,OP,Environmental,Materials Management,Optional documentation,,Notes about the information provided for this credit,,,,not_reported,
University College Cork,OP-11,OP,Environmental,Materials Management,Optional documentation,,Additional documentation for this credit,,,,not_reported,
University College Cork,OP-12,OP,Environmental,Waste Generation and Recovery,12.1 Non-hazardous waste generated per person,,Performance year for non-hazardous waste,2024,,2024.0,year,
University College Cork,OP-12,OP,Environmental,Waste Generation and Recovery,12.1 Non-hazardous waste generated per person,,Peer group,Doctoral universities and research institutions,,,text,
University College Cork,OP-12,OP,Environmental,Waste Generation and Recovery,12.1 Non-hazardous waste generated per person,,Non-hazardous waste recycled,183,Metric tons,183.0,number,
University College Cork,OP-12,OP,Environmental,Waste Generation and Recovery,12.1 Non-hazardous waste generated per person,,Non-hazardous waste composted,59,Metric tons,59.0,number,
University College Cork,OP-12,OP,Environmental,Waste Generation and Recovery,12.1 Non-hazardous waste generated per person,,Non-hazardous waste prepared for reuse,0,Metric tons,0.0,number,
University College Cork,OP-12,OP,Environmental,Waste Generation and Recovery,12.1 Non-hazardous waste generated per person,,Non-hazardous waste disposed of to a landfill or incinerator,278,Metric tons,278.0,number,
University College Cork,OP-12,OP,Environmental,Waste Generation and Recovery,12.1 Non-hazardous waste generated per person,,Estimated percentage of non-hazardous waste disposed of to a landfill or incinerator that is disposed of to a waste-to-energy (WTE) facility,100,,100.0,number,
University College Cork,OP-12,OP,Environmental,Waste Generation and Recovery,12.1 Non-hazardous waste generated per person,,Full-time equivalent student enrollment,"22,137",,22137.0,number,
University College Cork,OP-12,OP,Environmental,Waste Generation and Recovery,12.1 Non-hazardous waste generated per person,,Full-time equivalent of employees,"3,643",,3643.0,number,
University College Cork,OP-12,OP,Environmental,Waste Generation and Recovery,12.1 Non-hazardous waste generated per person,,Total non-hazardous waste diverted from disposal,242,Metric tons,242.0,number,
University College Cork,OP-12,OP,Environmental,Waste Generation and Recovery,12.1 Non-hazardous waste generated per person,,Annual non-hazardous waste generated,520,Metric tons,520.0,number,
University College Cork,OP-12,OP,Environmental,Waste Generation and Recovery,12.1 Non-hazardous waste generated per person,,Full-time equivalent students and employees,"25,780",,25780.0,number,
University College Cork,OP-12,OP,Environmental,Waste Generation and Recovery,12.1 Non-hazardous waste generated per person,,Annual non-hazardous waste generated per person,20.17,Kilograms,20.17,number,
University College Cork,OP-12,OP,Environmental,Waste Generation and Recovery,12.1 Non-hazardous waste generated per person,,Points earned for indicator OP 12.1,1,,1.0,number,
University College Cork,OP-12,OP,Environmental,Waste Generation and Recovery,12.2 Non-hazardous waste generated per square meter,,Gross floor area of building space,"282,364",Square meters,282364.0,number,
University College Cork,OP-12,OP,Environmental,Waste Generation and Recovery,12.2 Non-hazardous waste generated per square meter,,Annual non-hazardous waste generated per unit of floor area,1.84,Kilograms per square meter,1.84,number,
University College Cork,OP-12,OP,Environmental,Waste Generation and Recovery,12.2 Non-hazardous waste generated per square meter,,Points earned for indicator OP 12.2,0.95,,0.95,number,
University College Cork,OP-12,OP,Environmental,Waste Generation and Recovery,12.3 Percentage of non-hazardous waste diverted from disposal,,Percentage of non-hazardous waste diverted from disposal,46.54,,46.54,number,
University College Cork,OP-12,OP,Environmental,Waste Generation and Recovery,12.3 Percentage of non-hazardous waste diverted from disposal,,Points earned for indicator OP 12.3,1.03,,1.03,number,
University College Cork,OP-12,OP,Environmental,Waste Generation and Recovery,12.4 Percentage of construction and demolition waste diverted from disposal,,"Has the institution conducted one or more major construction, renovation, and/or demolition projects within the previous three years?",Yes,,,boolean,
University College Cork,OP-12,OP,Environmental,Waste Generation and Recovery,12.4 Percentage of construction and demolition waste diverted from disposal,,Does the institution have sufficient data on construction and demolition waste to pursue this indicator?,Yes,,,boolean,
University College Cork,OP-12,OP,Environmental,Waste Generation and Recovery,12.4 Percentage of construction and demolition waste diverted from disposal,,Performance year for construction and demolition waste,2023,,2023.0,year,
University College Cork,OP-12,OP,Environmental,Waste Generation and Recovery,12.4 Percentage of construction and demolition waste diverted from disposal,,Construction and demolition waste recycled,"5,675.22",Metric tons,5675.22,number,
University College Cork,OP-12,OP,Environmental,Waste Generation and Recovery,12.4 Percentage of construction and demolition waste diverted from disposal,,Construction and demolition waste prepared for reuse,"1,162.73",Metric tons,1162.73,number,
University College Cork,OP-12,OP,Environmental,Waste Generation and Recovery,12.4 Percentage of construction and demolition waste diverted from disposal,,Construction and demolition waste disposed of to a landfill or incinerator,76.13,Metric tons,76.13,number,
University College Cork,OP-12,OP,Environmental,Waste Generation and Recovery,12.4 Percentage of construction and demolition waste diverted from disposal,,Total construction and demolition waste diverted from disposal,"6,837.95",Metric tons,6837.95,number,
University College Cork,OP-12,OP,Environmental,Waste Generation and Recovery,12.4 Percentage of construction and demolition waste diverted from disposal,,Annual construction and demolition waste generated,"6,914.08",Metric tons,6914.08,number,
University College Cork,OP-12,OP,Environmental,Waste Generation and Recovery,12.4 Percentage of construction and demolition waste diverted from disposal,,Percentage of construction and demolition waste diverted from disposal,98.90,,98.9,number,
University College Cork,OP-12,OP,Environmental,Waste Generation and Recovery,12.4 Percentage of construction and demolition waste diverted from disposal,,Points earned for indicator OP 12.4,1,,1.0,number,
University College Cork,OP-12,OP,Environmental,Waste Generation and Recovery,Optional documentation,,Notes about the information provided for this credit,"Non-hazardous waste data is collected on behalf of UCC, by the University's contracted waste provider, Panda. Data on Construction and Demolition waste is provided by the contracted construction company.",,,text_long,
University College Cork,OP-12,OP,Environmental,Waste Generation and Recovery,Optional documentation,,Additional documentation for this credit,,,,not_reported,
University College Cork,OP-13,OP,Environmental,Vehicle Fleet,13.1 Percentage of fleet vehicles that are electric vehicles,,"Total number of cars, vans, trucks, and buses in the institution’s fleet",24,,24.0,number,
University College Cork,OP-13,OP,Environmental,Vehicle Fleet,13.1 Percentage of fleet vehicles that are electric vehicles,,"Number of cars, vans, trucks, and buses in the institution’s fleet that are zero emission vehicles (ZEVs)",8,,8.0,number,
University College Cork,OP-13,OP,Environmental,Vehicle Fleet,13.1 Percentage of fleet vehicles that are electric vehicles,,"Number of cars, vans, trucks, and buses in the institution’s fleet that are plug-in hybrid electric vehicles (PHEVs)",0,,0.0,number,
University College Cork,OP-13,OP,Environmental,Vehicle Fleet,13.1 Percentage of fleet vehicles that are electric vehicles,,Percentage of fleet vehicles that are electric vehicles,33.33,,33.33,number,
University College Cork,OP-13,OP,Environmental,Vehicle Fleet,13.1 Percentage of fleet vehicles that are electric vehicles,,Points earned for indicator OP 13.1,0.67,,0.67,number,
University College Cork,OP-13,OP,Environmental,Vehicle Fleet,Optional documentation,,Notes about the information provided for this credit,"UCC’s fleet inventory is relatively small, consisting of 24 work vehicles with a combined annual mileage of under 100,000 km. Emissions from this fleet account for less than 0.1% of UCC’s total annual energy-related emissions, while a further 0.4% is attributed to fuel consumed by the Park & Ride service. Of the 24 vehicles, eight are fully electric. The remaining 16 serve operational functions that are not yet suitable for electrification; however, as these vehicles reach the end of their service life, the University will assess technical options to transition them to electric alternatives where technical solutions are available. UCC has already completed the electrification of its landscaping equipment, including mowers, strimmers, and related tools, which are used to maintain the campus grounds. A small fleet of e-bikes are also available for operational staff to travel between UCC’s campuses and sites across the city. These have proven to be a popular and efficient means of transport and reducing the need for short vehicle journeys",,,text_long,
University College Cork,OP-13,OP,Environmental,Vehicle Fleet,Optional documentation,,Additional documentation for this credit,,,,not_reported,
University College Cork,OP-14,OP,Environmental,Commute Modal Split,14.1 Percentage of students and employees using more sustainable commuting options,,Performance year for commute modal split,2024,,2024.0,year,
University College Cork,OP-14,OP,Environmental,Commute Modal Split,14.1 Percentage of students and employees using more sustainable commuting options,,Full-time equivalent student enrollment,"22,137",,22137.0,number,
University College Cork,OP-14,OP,Environmental,Commute Modal Split,14.1 Percentage of students and employees using more sustainable commuting options,,Full-time equivalent of employees,"3,643",,3643.0,number,
University College Cork,OP-14,OP,Environmental,Commute Modal Split,14.1 Percentage of students and employees using more sustainable commuting options,,Has the institution gathered data about student commuting behavior?,Yes,,,boolean,
University College Cork,OP-14,OP,Environmental,Commute Modal Split,14.1 Percentage of students and employees using more sustainable commuting options,,Percentage of students that use more sustainable commuting options,85,,85.0,number,
University College Cork,OP-14,OP,Environmental,Commute Modal Split,14.1 Percentage of students and employees using more sustainable commuting options,,Description of the methodology used to gather data about student commuting,"Student travel surveys are undertaken yearly by the commuter manager, the link is sent out via email to All Students announcements list, plus the teaching or admin staff in most academic departments and the students union to encourage students to take the survey. UCC Green Campus shares the link to the survey on social media accounts. The results presented here are from the 2024 annual survey.",,,text_long,
University College Cork,OP-14,OP,Environmental,Commute Modal Split,14.1 Percentage of students and employees using more sustainable commuting options,,Has the institution gathered data about employee commuting behavior?,Yes,,,boolean,
University College Cork,OP-14,OP,Environmental,Commute Modal Split,14.1 Percentage of students and employees using more sustainable commuting options,,Percentage of employees that use more sustainable commuting options,52.60,,52.6,number,
University College Cork,OP-14,OP,Environmental,Commute Modal Split,14.1 Percentage of students and employees using more sustainable commuting options,,Description of the methodology used to gather data about employee commuting,A staff travel survey is conducted every year by the commuter plan manager. The survey is shared to all staff via the All Exchange Users email survey. UCC Green Campus also shares via social media accounts. The data presented here are based on the 2024 survey.,,,text_long,
University College Cork,OP-14,OP,Environmental,Commute Modal Split,14.1 Percentage of students and employees using more sustainable commuting options,,Points earned for indicator OP 14.1,4.83,,4.83,number,
University College Cork,OP-14,OP,Environmental,Commute Modal Split,Optional documentation,Student commuting data,"Percentage of students that commute using single-occupancy car, van, or truck",26,,26.0,number,
University College Cork,OP-14,OP,Environmental,Commute Modal Split,Optional documentation,Student commuting data,Percentage of students that commute by walking or the equivalent,30,,30.0,number,
University College Cork,OP-14,OP,Environmental,Commute Modal Split,Optional documentation,Student commuting data,Percentage of students that commute by cycling or another micro-mobility option,3.50,,3.5,number,
University College Cork,OP-14,OP,Environmental,Commute Modal Split,Optional documentation,Student commuting data,Percentage of students that commute by carpool or vanpool,6,,6.0,number,
University College Cork,OP-14,OP,Environmental,Commute Modal Split,Optional documentation,Student commuting data,"Percentage of students that commute by bus, shuttle, or ferry",24,,24.0,number,
University College Cork,OP-14,OP,Environmental,Commute Modal Split,Optional documentation,Student commuting data,Percentage of students that commute by rail,7,,7.0,number,
University College Cork,OP-14,OP,Environmental,Commute Modal Split,Optional documentation,Student commuting data,Percentage of students that commute by light rail or tram,,,,not_reported,
University College Cork,OP-14,OP,Environmental,Commute Modal Split,Optional documentation,Student commuting data,Percentage of students that commute by motorcycle or moped,,,,not_reported,
University College Cork,OP-14,OP,Environmental,Commute Modal Split,Optional documentation,Student commuting data,Percentage of students that commute by zero emission vehicle,,,,not_reported,
University College Cork,OP-14,OP,Environmental,Commute Modal Split,Optional documentation,Student commuting data,Percentage of students that avail of remote learning,,,,not_reported,
University College Cork,OP-14,OP,Environmental,Commute Modal Split,Optional documentation,Employee commuting data,"Percentage of employees that commute using single-occupancy car, van, or truck",52,,52.0,number,
University College Cork,OP-14,OP,Environmental,Commute Modal Split,Optional documentation,Employee commuting data,Percentage of employees that commute by walking or the equivalent,14.50,,14.5,number,
University College Cork,OP-14,OP,Environmental,Commute Modal Split,Optional documentation,Employee commuting data,Percentage of employees that commute by cycling or another micro-mobility option,12,,12.0,number,
University College Cork,OP-14,OP,Environmental,Commute Modal Split,Optional documentation,Employee commuting data,Percentage of employees that commute by carpool or vanpool,3,,3.0,number,
University College Cork,OP-14,OP,Environmental,Commute Modal Split,Optional documentation,Employee commuting data,"Percentage of employees that commute by bus, shuttle, or ferry",7,,7.0,number,
University College Cork,OP-14,OP,Environmental,Commute Modal Split,Optional documentation,Employee commuting data,Percentage of employees that commute by rail,3,,3.0,number,
University College Cork,OP-14,OP,Environmental,Commute Modal Split,Optional documentation,Employee commuting data,Percentage of employees that commute by light rail or tram,,,,not_reported,
University College Cork,OP-14,OP,Environmental,Commute Modal Split,Optional documentation,Employee commuting data,Percentage of employees that commute by motorcycle or moped,,,,not_reported,
University College Cork,OP-14,OP,Environmental,Commute Modal Split,Optional documentation,Employee commuting data,Percentage of employees that commute by zero emission vehicle,,,,not_reported,
University College Cork,OP-14,OP,Environmental,Commute Modal Split,Optional documentation,Employee commuting data,Percentage of employees that avail of remote work,,,,not_reported,
University College Cork,OP-14,OP,Environmental,Commute Modal Split,Optional documentation,Employee commuting data,Notes about the information provided for this credit,"The percentage of staff and students using electric vehicles is unknown so has been recorded as 0, though this is certainly an underestimate.",,,text,
University College Cork,OP-14,OP,Environmental,Commute Modal Split,Optional documentation,Employee commuting data,Additional documentation for this credit,,,,not_reported,
University College Cork,OP-15,OP,Environmental,Air Travel,15.1. Air travel reduction and mitigation,,Does the institution provide incentives designed to encourage employees to reduce their air travel?,No,,,boolean,
University College Cork,OP-15,OP,Environmental,Air Travel,15.1. Air travel reduction and mitigation,,Narrative and/or website URL providing an overview of the institution’s incentives designed to encourage employees to reduce their air travel,,,,not_reported,
University College Cork,OP-15,OP,Environmental,Air Travel,15.1. Air travel reduction and mitigation,,Has the institution adopted restrictive measures designed to reduce the GHG emissions associated with its directly financed air travel?,No,,,boolean,
University College Cork,OP-15,OP,Environmental,Air Travel,15.1. Air travel reduction and mitigation,,Narrative and/or website URL providing an overview of the institution’s restrictive measures designed to reduce its air travel emissions,,,,not_reported,
University College Cork,OP-15,OP,Environmental,Air Travel,15.1. Air travel reduction and mitigation,,Does the institution have a program designed to mitigate the GHG emissions associated with its directly financed air travel?,No,,,boolean,
University College Cork,OP-15,OP,Environmental,Air Travel,15.1. Air travel reduction and mitigation,,Narrative and/or website URL providing an overview of the institution’s air travel mitigation program,,,,not_reported,
University College Cork,OP-15,OP,Environmental,Air Travel,15.1. Air travel reduction and mitigation,,Points earned for indicator OP 15.1,0,,0.0,number,
University College Cork,OP-15,OP,Environmental,Air Travel,Optional documentation,,Notes about the information provided for this credit,,,,not_reported,
University College Cork,OP-15,OP,Environmental,Air Travel,Optional documentation,,Additional documentation for this credit,,,,not_reported,
University College Cork,PA-1,PA,Governance,Sustainability Coordination,"1.1 Coordinating committee, officer, or office for sustainability",,Does the institution have one or more sustainability committees?,Yes,,,boolean,
University College Cork,PA-1,PA,Governance,Sustainability Coordination,"1.1 Coordinating committee, officer, or office for sustainability",,Narrative and/or website URL providing an overview of the institution’s sustainability committees,The Office of Sustainability and Climate Action sits within the President's Office at UCC. It is supported by the Sustainability and Climate Action Plan. This plan was developed following extensive consultation with staff and students. The office has overall responsibility for the implementation of the plan. This includes reporting and communicating its outputs. The office embeds an ethos of sustainability across the entire campus. This is achieved through coordinating a range of university wide initiatives and programmes. UCC aims to achieve significant targets including becoming a zero waste campus by 2030 and a carbon neutral campus by 2040. More information is available here: https://www.ucc.ie/en/sustainability-climate-action/about/,,,text_long,
University College Cork,PA-1,PA,Governance,Sustainability Coordination,"1.1 Coordinating committee, officer, or office for sustainability",,Does the institution have one or more sustainability officers?,Yes,,,boolean,
University College Cork,PA-1,PA,Governance,Sustainability Coordination,"1.1 Coordinating committee, officer, or office for sustainability",,Narrative and/or website URL providing an overview of the institution’s sustainability officers,"Dr Maria Kirrane is the University's Head of Sustianability and Climate Action, while Sandra Barry serves as Sustainability Support Officer. Irene Ní Shúilleabháin works specifically on student engagement, as Greenshoots coordinator.",,,text_long,
University College Cork,PA-1,PA,Governance,Sustainability Coordination,"1.1 Coordinating committee, officer, or office for sustainability",,Does the institution have one or more sustainability offices with more than one full-time equivalent employee?,Yes,,,boolean,
University College Cork,PA-1,PA,Governance,Sustainability Coordination,"1.1 Coordinating committee, officer, or office for sustainability",,Description of each sustainability office,The Office of Sustainability and Climate Action sits within the President's Office at UCC. It is supported by the Sustainability and Climate Action Plan. This plan was developed following extensive consultation with staff and students. The office has overall responsibility for the implementation of the plan. This includes reporting and communicating its outputs. The office embeds an ethos of sustainability across the entire campus. This is achieved through coordinating a range of university wide initiatives and programmes. UCC aims to achieve significant targets including becoming a zero waste campus by 2030 and a carbon neutral campus by 2040. More information is available here: https://www.ucc.ie/en/sustainability-climate-action/about/,,,text_long,
University College Cork,PA-1,PA,Governance,Sustainability Coordination,"1.1 Coordinating committee, officer, or office for sustainability",,Full-time equivalent of people employed in the sustainability offices,4,,4.0,number,
University College Cork,PA-1,PA,Governance,Sustainability Coordination,"1.1 Coordinating committee, officer, or office for sustainability",,"Is at least one of the institution’s sustainability committees, officers, or offices charged with coordinating various campus constituencies in the advancement of sustainability across the entire institution?",Yes,,,boolean,
University College Cork,PA-1,PA,Governance,Sustainability Coordination,"1.1 Coordinating committee, officer, or office for sustainability",,Narrative outlining the activities and substantive accomplishments of the institution-wide coordinating body or officer during the previous three years,"The Head of Sustainability and Climate Action coordinates the Office of Sustainability and Climate Action. This office also coordinates the Green Campus Committee, Green Forum and ULT Subcommittee on Sustainability and Climate Action. Activities and accomplishments over the last three years include: - Publication of the University's Sustainability and Climate Action Plan - Awarding of the University's 5th Green Flag from the Foundation for Environmental Education - Consistent top ten UI Green Metric Ranking - Coordination of the Green Campus Living Laboratory Fund.",,,text_long,
University College Cork,PA-1,PA,Governance,Sustainability Coordination,"1.1 Coordinating committee, officer, or office for sustainability",,Points earned for indicator PA 1.1,1,,1.0,number,
University College Cork,PA-1,PA,Governance,Sustainability Coordination,Optional documentation,,Notes about the information provided for this credit,,,,not_reported,
University College Cork,PA-1,PA,Governance,Sustainability Coordination,Optional documentation,,Additional documentation for this credit,,,,not_reported,
University College Cork,PA-1,PA,Governance,Sustainability Coordination,Optional documentation,Job descriptions,Text of the job description for the institution’s sustainability officer (1st position),,,,not_reported,
University College Cork,PA-1,PA,Governance,Sustainability Coordination,Optional documentation,Job descriptions,Copy of the job description for the institution’s sustainability officer (1st position),,,,not_reported,
University College Cork,PA-1,PA,Governance,Sustainability Coordination,Optional documentation,Job descriptions,Text of the job description for the institution’s sustainability officer (2nd position),,,,not_reported,
University College Cork,PA-1,PA,Governance,Sustainability Coordination,Optional documentation,Job descriptions,Copy of the job description for the institution’s sustainability officer (2nd position),,,,not_reported,
University College Cork,PA-1,PA,Governance,Sustainability Coordination,Optional documentation,Job descriptions,Text of the job description for the institution’s sustainability officer (3rd position),,,,not_reported,
University College Cork,PA-1,PA,Governance,Sustainability Coordination,Optional documentation,Job descriptions,Copy of the job description for the institution’s sustainability officer (3rd position),,,,not_reported,
University College Cork,PA-2,PA,Governance,Commitments and Planning,2.1 Public sustainability commitment,,"Has the institution made a public commitment to sustainability, as evidenced by an external commitment or a published plan?",Yes,,,boolean,
University College Cork,PA-2,PA,Governance,Commitments and Planning,2.1 Public sustainability commitment,,Narrative detailing the institution’s guiding vision or goals for sustainability and the plan(s) in which they are published,"The Sustainability and Climate Action Plan (2023-2028) builds on the successes of UCC’s Sustainability Strategy (2016) and sets out how UCC will continue to embed sustainability goals and targets across all aspects of the University’s educational, research, ancillary operations, infrastructural developments and interactions with the community. This plan seeks to help us as a university navigate this path and help shape and inspire a world that protects our environment and our society and furthers University College Cork’s commitment to a sustainable future. UCC aims to achieve significant targets including becoming a zero waste campus by 2030 and a carbon neutral campus by 2040.",,,text_long,
University College Cork,PA-2,PA,Governance,Commitments and Planning,2.1 Public sustainability commitment,,Narrative and/or website URL outlining the institution’s external sustainability commitments that include a reporting requirement,UCC is required by the Irish government to reduce our absolute GHG emissions by 51% by 2030. The University must produce annual roadmaps outlining how it intends to achieve these targets. UCC's most recent Climate Action Roadmap can be viewed here: https://www.ucc.ie/en/media/support/sustainabilityandclimateaction/UCCClimateActionRoadmap2024FINALv02.pdf,,,text_long,https://www.ucc.ie/en/media/support/sustainabilityandclimateaction/UCCClimateActionRoadmap2024FINALv02.pdf
University College Cork,PA-2,PA,Governance,Commitments and Planning,2.1 Public sustainability commitment,,Points earned for indicator PA 2.1,2,,2.0,number,
University College Cork,PA-2,PA,Governance,Commitments and Planning,2.2 Measurable sustainability objectives,,"Has the institution adopted one or more measurable sustainability objectives that address teaching, learning, and/or research?",Yes,,,boolean,
University College Cork,PA-2,PA,Governance,Commitments and Planning,2.2 Measurable sustainability objectives,,"Narrative listing the institution’s measurable sustainability objectives that address teaching, learning, and/or research","Within the University's Sustainability and Climate Action Plan 2023-28, UCC has committed to the following objectives: - Support our teaching staff to integrate the SDGs into their curricula where appropriate. - Develop a robust method of measuring and reporting SDG integration in UCC modules and programmes. - Ensure every student at UCC is exposed to the global sustainability agenda through either their formal or informal education. - Be a leader in the transition to a sustainable society through educational offerings for current and future leaders",,,text_long,
University College Cork,PA-2,PA,Governance,Commitments and Planning,2.2 Measurable sustainability objectives,,Has the institution adopted one or more measurable sustainability objectives that address campus and/or community engagement?,Yes,,,boolean,
University College Cork,PA-2,PA,Governance,Commitments and Planning,2.2 Measurable sustainability objectives,,Narrative listing the institution’s measurable sustainability objectives that address campus and/or community engagement,"Within the University's Sustainability and Climate Action Plan 2023-28, UCC has committed to the following objectives: - Align UCC sustainability programme with relevant UCC strategies including Community Engagement, EDI, teaching and learning and research strategies. - Maintain UCC’s standing as Ireland’s Green University and build meaningful partnerships with institutions that share our values and ethos. - Resource the sustainability agenda in a way that is appropriate to its strategic importance and develop appropriate accountability mechanisms. - Connect different elements of sustainability across UCC to add value and better communicate our impact.",,,text_long,
University College Cork,PA-2,PA,Governance,Commitments and Planning,2.2 Measurable sustainability objectives,,Has the institution adopted one or more measurable sustainability objectives that address campus operations?,Yes,,,boolean,
University College Cork,PA-2,PA,Governance,Commitments and Planning,2.2 Measurable sustainability objectives,,Narrative listing the institution’s measurable sustainability objectives that address campus operations,"Within the University's Sustainability and Climate Action Plan 2023-28, UCC has committed to a number of objectives regarding campus operations, a selection of these include: - Exceed government target of reducing scope 1 and 2 GHG emissions by 51% by 2030 and achieving net zero total GHG emissions by 2040. - Implement and adapt our estate management policies and infrastructure to mitigate the impacts of climate change. - Capitalise on funding opportunities to deliver carbon reduction programmes and see the UCC campus act as a Living Laboratory for solutions to climate change. - Prioritise the protection of campus green space in line with UCC Campus Masterplan and promote restoration where possible. - Trial innovative approaches to waste reduction and reuse in collaboration with internal and external stakeholders",,,text_long,
University College Cork,PA-2,PA,Governance,Commitments and Planning,2.2 Measurable sustainability objectives,,Has the institution adopted one or more measurable sustainability objectives that address racial equity and/or social justice?,Yes,,,boolean,
University College Cork,PA-2,PA,Governance,Commitments and Planning,2.2 Measurable sustainability objectives,,Narrative listing the institution’s measurable sustainability objectives that address racial equity and/or social justice,"Within the University's Sustainability and Climate Action Plan 2023-28, UCC has committed to align UCC sustainability programme with relevant UCC strategies including Community Engagement, EDI, teaching and learning and research strategies.",,,text_long,
University College Cork,PA-2,PA,Governance,Commitments and Planning,2.2 Measurable sustainability objectives,,Has the institution adopted one or more measurable sustainability objectives that address administration and/or finance?,Yes,,,boolean,
University College Cork,PA-2,PA,Governance,Commitments and Planning,2.2 Measurable sustainability objectives,,Narrative listing the institution’s measurable sustainability objectives that address administration and/or finance,"Within the University's Sustainability and Climate Action Plan 2023-28, UCC has committed to: - Continue to be the voice for sustainability when participating in large procurement consortia. - Promote green procurement, better assess its impact, and effectively communicate our best practice more widely. - Ensure UCC’s investment portfolio meets the highest ESG standards.",,,text_long,
University College Cork,PA-2,PA,Governance,Commitments and Planning,2.2 Measurable sustainability objectives,,Points earned for indicator PA 2.2,3,,3.0,number,
University College Cork,PA-2,PA,Governance,Commitments and Planning,2.3 Climate resilience assessment and planning,,Has the institution conducted an assessment to identify vulnerabilities and resilience activities related to climate change on campus and in the local community?,No,,,boolean,
University College Cork,PA-2,PA,Governance,Commitments and Planning,2.3 Climate resilience assessment and planning,,Narrative and/or website URL providing an overview of the institution’s climate resilience assessment,,,,not_reported,
University College Cork,PA-2,PA,Governance,Commitments and Planning,2.3 Climate resilience assessment and planning,,Does the institution participate in an ongoing campus-community task force or committee that is focused on climate resilience?,Yes,,,boolean,
University College Cork,PA-2,PA,Governance,Commitments and Planning,2.3 Climate resilience assessment and planning,,Narrative and/or website URL providing an overview of the campus-community task force or committee focused on climate resilience,UCC participates as a key stakeholder in the climate adaptation and risk planning of Cork City Council. Reference to UCC's role can be found in both the City Adaptation Plan https://www.corkcity.ie/en/climate-action/local-plans/cork-city-council-climate-change-adaptation-strategy-2019-2024/ and Climate Change Risk Assessments https://consult.corkcity.ie/en/system/files/materials/9791/CCC-CAP-Climate-Change-Risk-Assessment.pdf,,,text_long,https://www.corkcity.ie/en/climate-action/local-plans/cork-city-council-climate-change-adaptation-strategy-2019-2024/ https://consult.corkcity.ie/en/system/files/materials/9791/CCC-CAP-Climate-Change-Risk-Assessment.pdf
University College Cork,PA-2,PA,Governance,Commitments and Planning,2.3 Climate resilience assessment and planning,,Has the institution incorporated climate resilience strategies and/or goals into one or more of its published plans?,Yes,,,boolean,
University College Cork,PA-2,PA,Governance,Commitments and Planning,2.3 Climate resilience assessment and planning,,Narrative listing the institution’s climate resilience strategies and goals and the plan(s) in which they are published,See UCC Campus Masterplan https://www.ucc.ie/en/media/aboutucc/presidentx27soffice2024/plansandreports/uccplansandstrategiespdfs/UCCMasterplanJan2022.pdf,,,text,https://www.ucc.ie/en/media/aboutucc/presidentx27soffice2024/plansandreports/uccplansandstrategiespdfs/UCCMasterplanJan2022.pdf
University College Cork,PA-2,PA,Governance,Commitments and Planning,2.3 Climate resilience assessment and planning,,Points earned for indicator PA 2.3,0.67,,0.67,number,
University College Cork,PA-2,PA,Governance,Commitments and Planning,Optional documentation,,Notes about the information provided for this credit,,,,not_reported,
University College Cork,PA-2,PA,Governance,Commitments and Planning,Optional documentation,,Additional documentation for this credit,,,,not_reported,
University College Cork,PA-3,PA,Governance,Institutional Governance,3.1 Student participation in governance,,Does the institution have one or more ongoing bodies through which students can democratically participate in the governance of the institution?,Yes,,,boolean,
University College Cork,PA-3,PA,Governance,Institutional Governance,3.1 Student participation in governance,,Narrative and/or website URL outlining the ongoing bodies through which students can democratically participate in the governance of the institution,"UCC Students’ Union is the chief representative body for students in UCC. UCCSU is a democratic organisation run by 6 full time officers elected by the student body. The SU’s main functions are to provide academic assistance to students, to provide support to students in need, to lobby the University and the government on issues affecting students, and to provide entertainment on campus. There are six officers working full time, the President, the Education Officer, the Welfare Officer, the Communications and Engagement Officer, the Commercial and Fundraising Officer and Entertainments Officer. Each of these officers has responsibility for their own brief and work to provide the best possible service and representation to students. The SU have a representative that sits on autonomous committees (Societies Guild Executive and the Clubs Executive) that oversee the running of nearly all of the extracurricular activities for students in UCC. The Student Council of the Union also acts as the Student Parliament for UCC, and represents students on a number of committees including UCC’s Governing Authority, Academic Council, and externally at national bodies such as the Union of Students’ in Ireland (USI). https://www.uccsu.ie/",,,text_long,https://www.uccsu.ie/
University College Cork,PA-3,PA,Governance,Institutional Governance,3.1 Student participation in governance,,Are one or more student representatives included as members of the institution’s highest decision-making body?,Yes,,,boolean,
University College Cork,PA-3,PA,Governance,Institutional Governance,3.1 Student participation in governance,,Narrative and/or website URL outlining student representation on the institution’s highest decision-making body,"Three members of the Students Union sit on the University's Governing Authority, the highest decision making body in the University. https://www.ucc.ie/en/ocla/gov/ga/members/",,,text,https://www.ucc.ie/en/ocla/gov/ga/members/
University College Cork,PA-3,PA,Governance,Institutional Governance,3.1 Student participation in governance,,Does at least one student representative have voting rights on the highest decision-making body?,Yes,,,boolean,
University College Cork,PA-3,PA,Governance,Institutional Governance,3.1 Student participation in governance,,"Description of other mechanisms used to consult students on institutional decisions, plans, or policies","Born from UCC’s strategic plan, the UCC Student Forum is an exercise in deliberative and participatory democracy that places students at the heart of important strategic and policy issues facing UCC as a community. UCC is committed to widening participation, an intention that goes beyond mere access but extends to active involvement in decision-making. The model chosen for the Student Forum is that of the Irish Citizens’ Assembly . Some of the main aims of the Forum are to strengthen transparency and integrity in decision making and to facilitate good decision making. As a university, we are consciously cultivating citizens who shape society for the common good and betterment of humanity and the planet. Therefore, via ‘sortition’, we committed to creating a truly representative assembly of students who displayed civic and leadership capacities through constructive participation.",,,text_long,https://www.citizensassembly.ie/en/
University College Cork,PA-3,PA,Governance,Institutional Governance,3.1 Student participation in governance,,Points earned for indicator PA 3.1,1,,1.0,number,
University College Cork,PA-3,PA,Governance,Institutional Governance,3.2 Academic staff participation in governance,,Does the institution have one or more ongoing bodies through which academic staff can democratically participate in the governance of the institution?,Yes,,,boolean,
University College Cork,PA-3,PA,Governance,Institutional Governance,3.2 Academic staff participation in governance,,Narrative and/or website URL outlining the ongoing bodies through which academic staff can democratically participate in the governance of the institution,Two spaces on the UCC Governing Authority democratically elected by staff of UCC. https://www.ucc.ie/en/ocla/gov/ga/members/,,,text,https://www.ucc.ie/en/ocla/gov/ga/members/
University College Cork,PA-3,PA,Governance,Institutional Governance,3.2 Academic staff participation in governance,,Are one or more academic staff representatives included as members of the institution’s highest decision-making body?,Yes,,,boolean,
University College Cork,PA-3,PA,Governance,Institutional Governance,3.2 Academic staff participation in governance,,Narrative and/or website URL outlining academic staff representation on the institution’s highest decision-making body,Two spaces on the UCC Governing Authority democratically elected by staff of UCC. https://www.ucc.ie/en/ocla/gov/ga/members/,,,text,https://www.ucc.ie/en/ocla/gov/ga/members/
University College Cork,PA-3,PA,Governance,Institutional Governance,3.2 Academic staff participation in governance,,Does at least one academic staff representative have voting rights on the institution’s highest decision-making body?,Yes,,,boolean,
University College Cork,PA-3,PA,Governance,Institutional Governance,3.2 Academic staff participation in governance,,"Description of other mechanisms used to consult academic staff on institutional decisions, plans, or policies","The Academic Leadership Forum in UCC is Non-executive forum for academic leadership of the University. Reference group for academic leadership and strategy. Initiates discussions on matters of common University interest for reference to Academic Council or Academic Board, e.g. CAO quotas, postgraduate intake, academic strategy. Coordinates University input and advise on academic matters, e.g. HEA calls, DES calls, skills agenda, IUA, EUA Promotes inter-disciplinarity and research-based approaches for the University. Acts as a forum for sharing and developing cross-University academic initiatives. Enables a greater connection between teaching and research and across Colleges, Schools, the Library and Information Services.",,,text_long,
University College Cork,PA-3,PA,Governance,Institutional Governance,3.2 Academic staff participation in governance,,Points earned for indicator PA 3.2,1,,1.0,number,
University College Cork,PA-3,PA,Governance,Institutional Governance,3.3 Non-academic staff participation in governance,,Does the institution have one or more ongoing bodies through which non-academic staff can democratically participate in the governance of the institution?,Yes,,,boolean,
University College Cork,PA-3,PA,Governance,Institutional Governance,3.3 Non-academic staff participation in governance,,Narrative and/or website URL outlining the ongoing bodies through which non-academic staff can democratically participate in the governance of the institution,"There are numerous ways in which non-academic staff can democratically engage with the governance of the insitution. These include though memebership of the University's staff Union and through the many subcommittees of the University Leadership Team, which all have representation from non-academic staff. Page 8 of this document details the University's Strategic Implementation Subcommittee: https://hea.ie/assets/uploads/2024/11/UCC-Performance-Agreement-2024%E2%80%932028.pdf Information on the University's Quality Enhancement Committee, as well as its membership, is contained here: https://www.ucc.ie/en/media/support/qualityenhancementunit/qpc/QEC-TermsofReference.pdf",,,text_long,https://hea.ie/assets/uploads/2024/11/UCC-Performance-Agreement-2024%E2%80%932028.pdf https://www.ucc.ie/en/media/support/qualityenhancementunit/qpc/QEC-TermsofReference.pdf
University College Cork,PA-3,PA,Governance,Institutional Governance,3.3 Non-academic staff participation in governance,,Are one or more staff members representing non-managerial workers included as members of the institution’s highest decision-making body?,Yes,,,boolean,
University College Cork,PA-3,PA,Governance,Institutional Governance,3.3 Non-academic staff participation in governance,,Narrative and/or website URL outlining non-academic staff representation on the institution’s highest decision-making body,One on the UCC Governing Authority democratically elected by staff of UCC. This person may be in a managerial or non-managerial position. https://www.ucc.ie/en/ocla/gov/ga/members/,,,text,https://www.ucc.ie/en/ocla/gov/ga/members/
University College Cork,PA-3,PA,Governance,Institutional Governance,3.3 Non-academic staff participation in governance,,Does at least one staff member representing non-managerial workers have voting rights on the institution’s highest decision-making body?,Yes,,,boolean,
University College Cork,PA-3,PA,Governance,Institutional Governance,3.3 Non-academic staff participation in governance,,"Description of other mechanisms used to consult non-academic staff on institutional decisions, plans, or policies",,,,not_reported,
University College Cork,PA-3,PA,Governance,Institutional Governance,3.3 Non-academic staff participation in governance,,Points earned for indicator PA 3.3,1,,1.0,number,
University College Cork,PA-3,PA,Governance,Institutional Governance,3.4 Community participation in governance,,Does the institution have one or more ongoing bodies through which local community-based organizations not affiliated with the institution can democratically participate in its governance?,Yes,,,boolean,
University College Cork,PA-3,PA,Governance,Institutional Governance,3.4 Community participation in governance,,Narrative and/or website URL outlining the ongoing bodies through which local community-based organizations can democratically participate in the governance of the institution,A number of representatives of external organisations are members of the University's Governing Authority https://www.ucc.ie/en/ocla/gov/ga/members/,,,text,
University College Cork,PA-3,PA,Governance,Institutional Governance,3.4 Community participation in governance,,"Has the institution used one or more ad hoc mechanisms during the previous three years to consult local community members on institutional decisions, plans, or policies?",Yes,,,boolean,
University College Cork,PA-3,PA,Governance,Institutional Governance,3.4 Community participation in governance,,"Narrative and/or website URL outlining the ad hoc mechanisms used during the previous three years to consult local community members on institutional decisions, plans, or policies","UCC supports and actively engages with the local Magazine Road Residents Association, example of this engagement can be seen here - https://magazineroadresidents.com/ - https://www.ucc.ie/en/accommodation/localcommunitymember/",,,text_long,https://magazineroadresidents.com/ https://www.ucc.ie/en/accommodation/localcommunitymember/
University College Cork,PA-3,PA,Governance,Institutional Governance,3.4 Community participation in governance,,Points earned for indicator PA 3.4,1,,1.0,number,
University College Cork,PA-3,PA,Governance,Institutional Governance,Optional documentation,,Notes about the information provided for this credit,,,,not_reported,
University College Cork,PA-3,PA,Governance,Institutional Governance,Optional documentation,,Additional documentation for this credit,,,,not_reported,
University College Cork,PA-4,PA,Governance,Sustainable Investment Program,4.1 Sustainable investment policy or committee,,"Has the institution formally incorporated environmental, social, and governance (ESG) factors and/or climate risk as material issues to be considered when making investment decisions?",Yes,,,boolean,
University College Cork,PA-4,PA,Governance,Sustainable Investment Program,4.1 Sustainable investment policy or committee,,Narrative and/or website URL providing an overview of how the institution has incorporated ESG factors and/or climate risk as material issues to be considered when making investment decisions,"See full PRI transparency report uploaded under ""additional documentation"", in particular sections 2 and 3 which detail: ""The asset manager continues to align with responsible investment practices through various measures, such as phasing out investment in fossil fuel holdings and reducing portfolio exposure to emission intensive holdings. Additionally, the Asset manager uses emissions data and analysis to inform responsible investment decision making. ESG is integrated into the screening process and as well mitigates risks from both transition-related risks and physicals climate-related risks. Regarding stewardship activities, the Asset Manager engaged with policymakers by providing feedback through consultations organised by the European Commission. Additionally stewardship activities were applied where applicable in the form of external manager consultation and review.""",,,text_long,
University College Cork,PA-4,PA,Governance,Sustainable Investment Program,4.1 Sustainable investment policy or committee,,Points earned for indicator PA 4.1,2,,2.0,number,
University College Cork,PA-4,PA,Governance,Sustainable Investment Program,4.2 Negative screening and divestment,,Does the institution employ negative screening and/or targeted divestment in support of sustainability?,Yes,,,boolean,
University College Cork,PA-4,PA,Governance,Sustainable Investment Program,4.2 Negative screening and divestment,,Narrative and/or website URL providing evidence of the institution’s use of negative screening and/or targeted divestment in support of sustainability,"See full PRI transparency report uploaded under ""additional documentation"", in particular sections 2 and 3 which detail: ""The asset manager will continue to avoid investment in companies with fossil fuel reserves, and those companies deriving more than 10% revenue from fossil fuel activities. Additionally, the portfolio will not hold any company with material involvement in coal, tar sands and fracking. Moving forward, the asset manager will strive to align with the the UN Sustainable Development Goals.""""",,,text_long,
University College Cork,PA-4,PA,Governance,Sustainable Investment Program,4.2 Negative screening and divestment,,Points earned for indicator PA 4.2,1,,1.0,number,
University College Cork,PA-4,PA,Governance,Sustainable Investment Program,4.3 Investor engagement,,"Has the institution engaged in proxy voting in support of sustainability during the previous three years, either directly or through an investment manager?",No,,,boolean,
University College Cork,PA-4,PA,Governance,Sustainable Investment Program,4.3 Investor engagement,,Narrative and/or website URL providing an overview of the institution’s proxy voting in support of sustainability,,,,not_reported,
University College Cork,PA-4,PA,Governance,Sustainable Investment Program,4.3 Investor engagement,,"Has the institution filed a shareholder resolution or signed on to an investor statement in support of sustainability during the previous three years, either directly or through an investment manager?",No,,,boolean,
University College Cork,PA-4,PA,Governance,Sustainable Investment Program,4.3 Investor engagement,,Narrative and/or website URL providing an overview of the shareholder resolutions or investor statements in support of sustainability,,,,not_reported,
University College Cork,PA-4,PA,Governance,Sustainable Investment Program,4.3 Investor engagement,,Is the institution an active participant in one or more sustainability or ESG-focused investor networks?,Yes,,,boolean,
University College Cork,PA-4,PA,Governance,Sustainable Investment Program,4.3 Investor engagement,,Narrative and/or website URL providing an overview of the institution’s participation in sustainability or ESG-focused investor networks,"As a signatory of the UN PRI, UCC have agreed • To incorporate Environmental, Social and Corporate Governance (ESG) issues into investment analysis and decision-making processes; • To be an active owner and to incorporate ESG issues into our ownership policies and practices; • To seek appropriate disclosure on ESG issues by the entities in which we invest; • To promote acceptance and implementation of the Principles within the investment industry; • To work with the PRI Secretariat and other signatories to enhance their effectiveness in implementing the Principles; • To report on our activities and progress towards implementing the Principles.",,,text_long,
University College Cork,PA-4,PA,Governance,Sustainable Investment Program,4.3 Investor engagement,,Points earned for indicator PA 4.3,0.33,,0.33,number,
University College Cork,PA-4,PA,Governance,Sustainable Investment Program,Optional documentation,,Notes about the information provided for this credit,,,,not_reported,
University College Cork,PA-4,PA,Governance,Sustainable Investment Program,Optional documentation,,Additional documentation for this credit,Private_Full_Transparency_Report_-_University_College_Cork_1.pdf,,,text,https://reports.aashe.org/media/secure/989/9/881/9717/Private_Full_Transparency_Report_-_University_College_Cork_1.pdf
University College Cork,PA-5,PA,Governance,Investment Holdings,5.1 Investment holdings disclosure,,Is the total value of the institution’s investment pool $1 billion USD or more?,No,,,boolean,
University College Cork,PA-5,PA,Governance,Investment Holdings,5.1 Investment holdings disclosure,,Has the institution published a snapshot of the holdings in its investment pool within the previous three years?,No,,,boolean,
University College Cork,PA-5,PA,Governance,Investment Holdings,5.1 Investment holdings disclosure,,Copy of the investment snapshot,,,,not_reported,
University College Cork,PA-5,PA,Governance,Investment Holdings,5.1 Investment holdings disclosure,,Online location where the investment snapshot may be found,,,,not_reported,
University College Cork,PA-5,PA,Governance,Investment Holdings,5.1 Investment holdings disclosure,,Performance year for investment,2025,,2025.0,year,
University College Cork,PA-5,PA,Governance,Investment Holdings,5.1 Investment holdings disclosure,,"Does the snapshot detail the amount or percentage allocated to specific funds, companies, and institutions?",,,,not_reported,
University College Cork,PA-5,PA,Governance,Investment Holdings,5.1 Investment holdings disclosure,,"Is the snapshot inclusive of the combined activities of the institution and other entities that manage investments on its behalf, such as a contracted management company, university system, and/or foundation?",,,,not_reported,
University College Cork,PA-5,PA,Governance,Investment Holdings,5.1 Investment holdings disclosure,,Points earned for indicator PA 5.1,0,,0.0,number,
University College Cork,PA-5,PA,Governance,Investment Holdings,5.2 Percentage of the investment pool allocated to positive sustainability investments,,Local currency code,Eur,,,text,
University College Cork,PA-5,PA,Governance,Investment Holdings,5.2 Percentage of the investment pool allocated to positive sustainability investments,,Value of the investment pool,"28,211,937",,28211937.0,number,
University College Cork,PA-5,PA,Governance,Investment Holdings,5.2 Percentage of the investment pool allocated to positive sustainability investments,,"Amount allocated to funds that are explicitly focused on sustainability or environmental, social, and governance (ESG)","21,011,605",,21011605.0,number,
University College Cork,PA-5,PA,Governance,Investment Holdings,5.2 Percentage of the investment pool allocated to positive sustainability investments,,Amount allocated to sustainability-focused industries or sectors,0,,0.0,number,
University College Cork,PA-5,PA,Governance,Investment Holdings,5.2 Percentage of the investment pool allocated to positive sustainability investments,,Amount allocated to businesses selected for exemplary sustainability performance using positive screens,"6,121,550",,6121550.0,number,
University College Cork,PA-5,PA,Governance,Investment Holdings,5.2 Percentage of the investment pool allocated to positive sustainability investments,,Amount allocated to community development financial institutions (CDFIs),0,,0.0,number,
University College Cork,PA-5,PA,Governance,Investment Holdings,5.2 Percentage of the investment pool allocated to positive sustainability investments,,Amount allocated to place-based investments that target positive social and environmental impacts in economically divested areas,"140,458",,140458.0,number,
University College Cork,PA-5,PA,Governance,Investment Holdings,5.2 Percentage of the investment pool allocated to positive sustainability investments,,Amount allocated to green revolving funds seeded from the investment pool,0,,0.0,number,
University College Cork,PA-5,PA,Governance,Investment Holdings,5.2 Percentage of the investment pool allocated to positive sustainability investments,,Narrative and/or website URL providing an overview of the institution’s positive sustainability investments,The University's funds are managed by Cantor Fitzgerald and an overview of their investment funds can be found at the following links: https://cantorfitzgerald.ie/wp-content/uploads/2024/01/LP-Ethical-and-Positive-Impact-Policy.pdf https://cantorfitzgerald.ie/wp-content/uploads/2024/02/LP-Model-Portfolio_SFDR-website-disclosure-Art.-10-SFDR-.pdf Further information on the types of investments can be found in the UCC UNPRI Transparency Report uploaded under additional documentation.,,,text_long,https://cantorfitzgerald.ie/wp-content/uploads/2024/01/LP-Ethical-and-Positive-Impact-Policy.pdf https://cantorfitzgerald.ie/wp-content/uploads/2024/02/LP-Model-Portfolio_SFDR-website-disclosure-Art.-10-SFDR-.pdf
University College Cork,PA-5,PA,Governance,Investment Holdings,5.2 Percentage of the investment pool allocated to positive sustainability investments,,Total positive sustainability investments,"27,273,613",,27273613.0,number,
University College Cork,PA-5,PA,Governance,Investment Holdings,5.2 Percentage of the investment pool allocated to positive sustainability investments,,Percentage of the investment pool allocated to positive sustainability investments,96.67,,96.67,number,
University College Cork,PA-5,PA,Governance,Investment Holdings,5.2 Percentage of the investment pool allocated to positive sustainability investments,,Points earned for indicator PA 5.2,1.93,,1.93,number,
University College Cork,PA-5,PA,Governance,Investment Holdings,Optional documentation,,Notes about the information provided for this credit,,,,not_reported,
University College Cork,PA-5,PA,Governance,Investment Holdings,Optional documentation,,Additional documentation for this credit,Private_Full_Transparency_Report_-_University_College_Cork_1.pdf,,,text,https://reports.aashe.org/media/secure/989/9/882/9742/Private_Full_Transparency_Report_-_University_College_Cork_1.pdf
University College Cork,PA-6,PA,Social,Institutional Climate,6.1 Support for students from underrepresented groups,,"Does the institution support one or more programs, initiatives, or networks designed to address the specific needs of students with disabilities?",Yes,,,boolean,
University College Cork,PA-6,PA,Social,Institutional Climate,6.1 Support for students from underrepresented groups,,"Narrative and/or website URL providing an overview of the institution’s programs, initiatives, and networks for students with disabilities","UCC's Disability Support Services provides a confidential, professional and accessible service for students with disabilities who need to avail of reasonable accommodations while in UCC. DSS have a team of Advisors who are available to help ensure these accommodations are put in place so these students can participate fully in University life. It is a professional term used to explain the range of supports and services available in University College Cork to assist students with disabilities/learning differences/significant ongoing health conditions to fully participate in their studies Reasonable accommodations are identified during a needs assessment. These supports can include: Exam Accommodations such as extra time, technology, smaller/shared venue Assistive Technology Lecture Recordings Accessible Transport Personal Assisitant Occupational Therapy Learning Support Reasonable accommodations for Work Integrated Learning (WIL) will be identified before you go on placement. You will still need to meet the core competencies for WIL but supports can include: Assistive Technology Support around Disclosure Accessible Transport Student Data Collection at U CC The “ National Access Plan: A Strategic Plan for Equity of Access, Participation and Success in HE , 2022-2028 ” underpins equal access for underrepresented student groups , and UCC has long been committed to its principles. Student data is captured through CAO. Student Information System (ITS) holds internal records. Student equality data capture (methods, equality grounds) is outlined in Table 1. Table 1 . Capturing Equality Grounds in Student Populations – Methods and Data Collected . UCC Disability Support Service collects data on students' disabilities on a voluntary basis (except for DARE students). The UCC Voices Survey is issued by the Academic Affairs and Governance office annually to first-year and final-year UGs and all PGT students. Response rate: 29% (2022), 25% (2023). Since 2018 , the EDI Unit has issued biennial EDI Student Surveys. Engagement is low and does not provide a full picture of student demographics . EDI in Student Intake, Widening Participation The HEA Equal Access Survey (EAS) is an annual, voluntary survey of first-year undergraduate students at HEA-funded institutions. The EAS is a vital source of information to measure progress on national targets and to understand the profile of underrepresented groups. Socio-Economic Profiles Using Deprivation Index Scores (DIS), the relative affluence or disadvantage of a particular geographical area can be measured. Figure 1 displays the DIS makeup of the UCC student p opulation in the 2023/2024 academic year (the most recent reporting year available) by their Home Address . Cork County is comparatively affluent , with a DIS of 5.4. However, Figure 2 shows how DIS varies at the national level by Ethnicity (data available for the entire HE sector only) for all UG entrants, with students from Black or Black Irish: African, having the lowest average DIS Score at -2.4, with 22% of students coming from a Disadvantaged area. This was followed by Black or Black Irish: Any other Black Background, with an average DIS Score of -1.1, with 18% coming from a Disadvantaged background. Across the period 2021- 20 22 to 2023- 20 24 of the disability categories on the Access Survey , students who report a learning disability had the highest average DIS Score at 2.3 65% of these students were from a Marginally Above Average or Affluent area (19% Affluent and 46% Marginally Above Average). This was followed by Blind/Deaf students who had an average DIS Score of 1.5 In contrast , students who reported a Physical Disability had the lowest average DIS Score at 0.0. 45% of these students were from a Marginally Below Average or Disadvantaged background (14% Disadvantaged and 31% Marginally Below Average). This was followed by Other Category with an average DIS Score of 1.0. Source: HEA , Figure 3. Th is data is not available by region or institution. For full data from the HEA Student Socio-Economic Profiles, see here. Figure 1 . UCC’s De p rivation Index Score by Home Address of Students, 2023-2024. Source: HEA Figure 2 . DIS for New UG Entrants by Ethnicity (All HEIs reporting to HEA). Data from 2021-22 to 2023-2024. Source: HEA",,,text_long,https://hea.ie/policy/access-policy/national-access-plan-2022-2028/ https://www.ucc.ie/en/access/support-while-in-ucc/disability-support/ https://hea.ie/statistics/data-for-download-and-visualisations/students/widening-participation-for-equity-of-access/socio-economic-profiles-2021-22-2023-24/student-profile/ https://hea.ie/statistics/data-for-download-and-visualisations/students/widening-participation-for-equity-of-access/socio-economic-profiles-2021-22-2023-24/landing/ https://hea.ie/statistics/data-for-download-and-visualisations/students/widening-participation-for-equity-of-access/socio-economic-profiles-2021-22-2023-24/geographic-profile/
University College Cork,PA-6,PA,Social,Institutional Climate,6.1 Support for students from underrepresented groups,,"Does the institution support one or more programs, initiatives, or networks designed to address the specific needs of students that identify as members of marginalized racial, ethnic, and/or Indigenous groups?",Yes,,,boolean,
University College Cork,PA-6,PA,Social,Institutional Climate,6.1 Support for students from underrepresented groups,,"Narrative and/or website URL providing an overview of the institution’s programs, initiatives, and networks for students that identify as members of marginalized racial, ethnic, and/or Indigenous groups","The Access UCC Traveller Success Fund is a bursary scheme established to assist students from the Irish Traveller Community to pursue their education ambitions at University College Cork. The purpose of the Fund is to encourage participation and success by students who are from the Traveller Community, as indicated in the National Access Plan for Equity of Access to Higher Education (NAP) (2015 – 2021) which identifies the target groups that are currently under-represented in higher education, including Irish Travellers. UCC’s programs , initiatives, and networks for students who identify as members of marginalised racial, ethnic, and/or Indigenous groups ; LGBT+ , and additional underrepresented groups Policy and Frameworks Securing our Future - UCC Strategic Action Plan, 202 3 -2028 , recognises Student Success as one of the priority areas and institutional goals (Goal 2) , including a focus on student-centred, inclusive learning environment, and an outstanding student experience for diverse needs. UCC’s Student Charter (2024) and Rules affirm students’ right to a safe campus, free from discrimination for all students, including those from marginalised groups . Belonging at UCC: Equality, Diversity and Inclusion Framework and Action Plan, 2025-2028 - recognise s that UCC is increasingly made up of a diverse cohort of people with different lived experiences and needs. It acknowledges that not everyone feels a sense of belonging and UCC needs to do more to address and eliminate bullying, harassment or discrimination based on the following protected characteristics: Age, Civil Status, Disability, Family Status, Gender, Membership of the Traveller Community, Religion, Race, Sexual Orientation, and Socio-Economic Status. It s main targets and actions are to develop a range of interventions for staff and students to enhance EDI and belonging, and to support all, especially those who are marginalised. Silver Athena Swan Action Plan, 2024-2029 – this strategic gender equality action plan includes actions designed only for students, such as developing a policy for pregnant students, intercultural awareness training, and improving the accessibility of study materials. Race Equality Action Plan , 202 6 -2028 – follows and builds on the five pillars of the EDI Framework and Action Plan to build the Foundation of anti-racist commitment, ensure an inclusive and safe Culture, provide equal access to opportunity (Success), and support Growth and Engagement. Gender and Identity Expression Policy (GIEP) : four student gender classifications are recorded by UCC’s central data collection system - ITS: male, female, non-binary, and undisclosed. In 2023, 117 UG students (0.01%) identified as “Non-Binary” or “Undisclosed”. In 2018, UCC developed GIEP, which allows students to change their name/title/gender on UCC records without requiring a legal name change. The EDI Unit liaises with students’ School/Department to ensure local implementation. In 2024/25, fourteen students changed their records. Since the GIEP launch (2018), over 80 students changed their records. Access UCC Entry path s : UCC’s Strategic Plan prioritises student success and diversity , aligning with the National Access Plan (2022-2028) . All undergraduate programs reserve places for HEAR , DARE (Disability Access Route to Education) , Mature Students, and QQI/FET pathway students, contributing to 22% of 2023/24 admissions through Access Pathways. In 2024-2025, 10.6% of students entered UCC via DARE (7.2% average for Irish Universities Association HEIs) ; in 2023-2024, 9.1% (vs 7.7% average for IUA) . Figure 4 . UCC Student Intake by Entry Routes (2023-2024, 2024-2025). Source: HEA University of Sanctuary : Awarded in 2018, UCC offers Sanctuary Scholarships to asylum seekers, refugees, and migrants, including fee waivers and bursaries. Thirty-eight UG students have been supported since 2018 . Adult Continuing Education (ACE): ACE provides part-time education and promotes access for non-traditional learners, emphasising equality, diversity, and inclusion. Id+ Project: Promotes education and employment for people with intellectual disabilities through inclusive courses with co-learning opportunities and paid work experience. 1000+ Scholarships, including Quercus, for talented students. Support and Social Life Traveller Success Fund : Offers financial support to members of the Irish Traveller Community. Financial Supports: Includes the Student Assistance Fund, Laptop Loan Scheme, 1916 Bursary Fund, and access to a Student Budgetary Advisor. Disability and Student Support : Dedicated advisors provide tailored financial, academic, and personal support, conduct needs assessments, and implement reasonable accommodations. Mature Student Supports UCC PLUS Programme - p rovid ing a vast range of academic, financial and social support, enabling HEAR Scheme students to participate fully in UCC student life and reach their full potential. International Office – offering advice, support, guidance, etc. Clubs and Societies – including those based on language and culture, religion, mental health and wellbeing, Bród (LGBTQ+) , Neurodiversity, etc. Teaching and Learning EDI is integrated explicitly in many modules and implicitly through inclusive pedagogies like Universal Design for Learning, anti-discriminatory practice, decolonising pedagogy, trauma-informed pedagogy, anti-racist pedagogy, feminist pedagogies, culturally relevant pedagogy, and LGBT+ inclusion. Examples include co-learning modules for students with intellectual disabilities and degree students, and inclusive assessment practices with diverse tasks, clear criteria, and formative feedback. Students engage as co-creators in initiatives like the Inclusive UCC digital accessibility interns’ program, UCC’s Skills Centre staffing, and various student partnership approaches supported by the SATLE HEA grant scheme. Respect and Safety All UCC student s, regardless of their background, belief, age, gender, disability/ability, sexual orientation, caring or family status , have an equal right to respect, safety, and well-being, and to be empowered to thrive . Some of the initiatives and programs supporting thi s include: Student Support Tree – an infographic was developed to list the main student services. Bystander Intervention training provided to the Respect Officers in UCC Clubs & Societies. Speak Out anonymous online reporting tool. UCC Proud Ally Student Network (Graduate Attributes Programme). UCC Campus Watch, promoting student safety on campus, in the community and at home. Calm Zone offers respite for those on the autism spectrum. Assistive Technology Lab provides technologies to support individuals with disabilities. The Hub Central space for student activities, promoting community and inclusivity with diverse study and social spaces. Student Advisor & Ombudsman ( confidential, informal complaint resolution) Free, confidential one-to-one student counselling. Women’s health and abortion service.",,,text_long,https://www.ucc.ie/en/president/strategy2028/studentsuccess/ https://www.ucc.ie/en/academicgov/policies/student-policies/studentrules/ https://www.ucc.ie/en/edi/edi-framework/ https://www.ucc.ie/en/media/support/edi/athenaswan/UCC2024-9ASActionPlan.pdf https://www.ucc.ie/en/media/support/edi/edidocuments/UCCRaceEqualityActionPlan(REAP)2026%E2%80%932028.pdf https://www.ucc.ie/en/edi/giep/ https://www.ucc.ie/en/access/ https://hea.ie/statistics/data-for-download-and-visualisations/key-facts-figures-report/ https://ucc%20university%20of%20sanctuary/ https://www.ucc.ie/en/ace/ https://www.ucc.ie/en/idplus/ https://www.ucc.ie/en/sfsa/further-supports/traveller-success-fund/ https://www.ucc.ie/en/access/support-while-in-ucc/disability-support/ https://www.ucc.ie/en/access/alternative-entry-supports/ms-entry/ https://www.ucc.ie/en/access/support-while-in-ucc/hear-support/ https://www.ucc.ie/en/international/ https://www.ucc.ie/en/societies/?_gl=1*1flpz9j*_gcl_au*MTE0NzMzODEwNy4xNzY5MDc1NDkx https://www.ucc.ie/en/cirtl/projects/satleprojects/ https://www.ucc.ie/en/media/academic/schoolofenglish/SupportTreeInfographic.pdf https://www.ucc.ie/en/bystander/ https://www.ucc.ie/en/edi/speakout/ https://www.ucc.ie/en/graduateattributes/proudally/proud-ally-student/ https://www.ucc.ie/en/studentexperience/campuswatch/ https://www.ucc.ie/en/autismfriendly/thecalmzone/ https://www.ucc.ie/en/access/community-outreach/assistive-technology/ https://www.ucc.ie/en/students/studentcentral/ https://www.ucc.ie/en/studentombudsman/ https://www.ucc.ie/en/studentcounselling/
University College Cork,PA-6,PA,Social,Institutional Climate,6.1 Support for students from underrepresented groups,,"Does the institution support one or more programs, initiatives, or networks designed to address the specific needs of LGBTQ+ students?",Yes,,,boolean,
University College Cork,PA-6,PA,Social,Institutional Climate,6.1 Support for students from underrepresented groups,,"Narrative and/or website URL providing an overview of the institution’s programs, initiatives, and networks for LGBTQ+ students","In 2023 UCC was the first higher education institution in Ireland to launch a Proud Ally Student Network. The Network aims to educate and empower everyone to become effective and proud allies to the LGBTQ+ community. Led by UCC’s Graduate Attributes Programme, the network aims to support LGBTQ+ allies who actively support the Lesbian, Gay, Bisexual, Transgender and Queer community and work to end discrimination and promote equality through acting as advocates for LGBTQ+ individuals. The network will host events and training opportunities, in addition to online resources which explore key information on becoming a Proud Ally to the LGBTQ+ community, including information on why it’s necessary to be a LGBTQ+ Ally, the importance of pronouns, and the history of LGBTQ+ in Ireland. Further information can be found here: https://www.ucc.ie/en/graduateattributes/proudally/ UCC’s programs , initiatives, and networks for students who identify as members of marginalised racial, ethnic, and/or Indigenous groups ; LGBT+ , and additional underrepresented groups Policy and Frameworks Securing our Future - UCC Strategic Action Plan, 202 3 -2028 , recognises Student Success as one of the priority areas and institutional goals (Goal 2) , including a focus on student-centred, inclusive learning environment, and an outstanding student experience for diverse needs. UCC’s Student Charter (2024) and Rules affirm students’ right to a safe campus, free from discrimination for all students, including those from marginalised groups . Belonging at UCC: Equality, Diversity and Inclusion Framework and Action Plan, 2025-2028 - recognise s that UCC is increasingly made up of a diverse cohort of people with different lived experiences and needs. It acknowledges that not everyone feels a sense of belonging and UCC needs to do more to address and eliminate bullying, harassment or discrimination based on the following protected characteristics: Age, Civil Status, Disability, Family Status, Gender, Membership of the Traveller Community, Religion, Race, Sexual Orientation, and Socio-Economic Status. It s main targets and actions are to develop a range of interventions for staff and students to enhance EDI and belonging, and to support all, especially those who are marginalised. Silver Athena Swan Action Plan, 2024-2029 – this strategic gender equality action plan includes actions designed only for students, such as developing a policy for pregnant students, intercultural awareness training, and improving the accessibility of study materials. Race Equality Action Plan , 202 6 -2028 – follows and builds on the five pillars of the EDI Framework and Action Plan to build the Foundation of anti-racist commitment, ensure an inclusive and safe Culture, provide equal access to opportunity (Success), and support Growth and Engagement. Gender and Identity Expression Policy (GIEP) : four student gender classifications are recorded by UCC’s central data collection system - ITS: male, female, non-binary, and undisclosed. In 2023, 117 UG students (0.01%) identified as “Non-Binary” or “Undisclosed”. In 2018, UCC developed GIEP, which allows students to change their name/title/gender on UCC records without requiring a legal name change. The EDI Unit liaises with students’ School/Department to ensure local implementation. In 2024/25, fourteen students changed their records. Since the GIEP launch (2018), over 80 students changed their records. Access UCC Entry path s : UCC’s Strategic Plan prioritises student success and diversity , aligning with the National Access Plan (2022-2028) . All undergraduate programs reserve places for HEAR , DARE (Disability Access Route to Education) , Mature Students, and QQI/FET pathway students, contributing to 22% of 2023/24 admissions through Access Pathways. In 2024-2025, 10.6% of students entered UCC via DARE (7.2% average for Irish Universities Association HEIs) ; in 2023-2024, 9.1% (vs 7.7% average for IUA) . Figure 4 . UCC Student Intake by Entry Routes (2023-2024, 2024-2025). Source: HEA University of Sanctuary : Awarded in 2018, UCC offers Sanctuary Scholarships to asylum seekers, refugees, and migrants, including fee waivers and bursaries. Thirty-eight UG students have been supported since 2018 . Adult Continuing Education (ACE): ACE provides part-time education and promotes access for non-traditional learners, emphasising equality, diversity, and inclusion. Id+ Project: Promotes education and employment for people with intellectual disabilities through inclusive courses with co-learning opportunities and paid work experience. 1000+ Scholarships, including Quercus, for talented students. Support and Social Life Traveller Success Fund : Offers financial support to members of the Irish Traveller Community. Financial Supports: Includes the Student Assistance Fund, Laptop Loan Scheme, 1916 Bursary Fund, and access to a Student Budgetary Advisor. Disability and Student Support : Dedicated advisors provide tailored financial, academic, and personal support, conduct needs assessments, and implement reasonable accommodations. Mature Student Supports UCC PLUS Programme - p rovid ing a vast range of academic, financial and social support, enabling HEAR Scheme students to participate fully in UCC student life and reach their full potential. International Office – offering advice, support, guidance, etc. Clubs and Societies – including those based on language and culture, religion, mental health and wellbeing, Bród (LGBTQ+) , Neurodiversity, etc. Teaching and Learning EDI is integrated explicitly in many modules and implicitly through inclusive pedagogies like Universal Design for Learning, anti-discriminatory practice, decolonising pedagogy, trauma-informed pedagogy, anti-racist pedagogy, feminist pedagogies, culturally relevant pedagogy, and LGBT+ inclusion. Examples include co-learning modules for students with intellectual disabilities and degree students, and inclusive assessment practices with diverse tasks, clear criteria, and formative feedback. Students engage as co-creators in initiatives like the Inclusive UCC digital accessibility interns’ program, UCC’s Skills Centre staffing, and various student partnership approaches supported by the SATLE HEA grant scheme. Respect and Safety All UCC student s, regardless of their background, belief, age, gender, disability/ability, sexual orientation, caring or family status , have an equal right to respect, safety, and well-being, and to be empowered to thrive . Some of the initiatives and programs supporting thi s include: Student Support Tree – an infographic was developed to list the main student services. Bystander Intervention training provided to the Respect Officers in UCC Clubs & Societies. Speak Out anonymous online reporting tool. UCC Proud Ally Student Network (Graduate Attributes Programme). UCC Campus Watch, promoting student safety on campus, in the community and at home. Calm Zone offers respite for those on the autism spectrum. Assistive Technology Lab provides technologies to support individuals with disabilities. The Hub Central space for student activities, promoting community and inclusivity with diverse study and social spaces. Student Advisor & Ombudsman ( confidential, informal complaint resolution) Free, confidential one-to-one student counselling. Women’s health and abortion service.",,,text_long,https://www.ucc.ie/en/graduateattributes/proudally/ https://www.ucc.ie/en/president/strategy2028/studentsuccess/ https://www.ucc.ie/en/academicgov/policies/student-policies/studentrules/ https://www.ucc.ie/en/edi/edi-framework/ https://www.ucc.ie/en/media/support/edi/athenaswan/UCC2024-9ASActionPlan.pdf https://www.ucc.ie/en/media/support/edi/edidocuments/UCCRaceEqualityActionPlan(REAP)2026%E2%80%932028.pdf https://www.ucc.ie/en/edi/giep/ https://www.ucc.ie/en/access/ https://hea.ie/statistics/data-for-download-and-visualisations/key-facts-figures-report/ https://ucc%20university%20of%20sanctuary/ https://www.ucc.ie/en/ace/ https://www.ucc.ie/en/idplus/ https://www.ucc.ie/en/sfsa/further-supports/traveller-success-fund/ https://www.ucc.ie/en/access/support-while-in-ucc/disability-support/ https://www.ucc.ie/en/access/alternative-entry-supports/ms-entry/ https://www.ucc.ie/en/access/support-while-in-ucc/hear-support/ https://www.ucc.ie/en/international/ https://www.ucc.ie/en/societies/?_gl=1*1flpz9j*_gcl_au*MTE0NzMzODEwNy4xNzY5MDc1NDkx https://www.ucc.ie/en/cirtl/projects/satleprojects/ https://www.ucc.ie/en/media/academic/schoolofenglish/SupportTreeInfographic.pdf https://www.ucc.ie/en/bystander/ https://www.ucc.ie/en/edi/speakout/ https://www.ucc.ie/en/graduateattributes/proudally/proud-ally-student/ https://www.ucc.ie/en/studentexperience/campuswatch/ https://www.ucc.ie/en/autismfriendly/thecalmzone/ https://www.ucc.ie/en/access/community-outreach/assistive-technology/ https://www.ucc.ie/en/students/studentcentral/ https://www.ucc.ie/en/studentombudsman/ https://www.ucc.ie/en/studentcounselling/
University College Cork,PA-6,PA,Social,Institutional Climate,6.1 Support for students from underrepresented groups,,"Does the institution support one or more programs, initiatives, or networks designed to address the specific needs of low-income and/or first-generation students?",Yes,,,boolean,
University College Cork,PA-6,PA,Social,Institutional Climate,6.1 Support for students from underrepresented groups,,"Narrative and/or website URL providing an overview of the institution’s programs, initiatives, and networks for low-income and/or first-generation students","The Higher Education Access Route to Education (HEAR) is a third-level alternative admissions scheme which offers places on reduced points, and extra college supports to school leavers from socio-economically disadvantaged backgrounds who are resident in the Republic of Ireland. HEAR Applicants must meet a range of financial, social and cultural indicators to be considered for a reduced points place and extra college support. Applicants must meet the minimum entry requirements and achieve a minimum of 300 points; Applicants must achieve at least 85% of the points required for the course and meet any additional requirements, where they exist. The UCC PLUS Programme (Providing Links to Underrepresented School Leavers) looks after HEAR-eligible students who are offered a place at University College Cork. UCC PLUS+ empowers HEAR students to participate fully in student life and reach their full potential. UCC’s programs , initiatives, and networks for students who identify as members of marginalised racial, ethnic, and/or Indigenous groups ; LGBT+ , and additional underrepresented groups Policy and Frameworks Securing our Future - UCC Strategic Action Plan, 202 3 -2028 , recognises Student Success as one of the priority areas and institutional goals (Goal 2) , including a focus on student-centred, inclusive learning environment, and an outstanding student experience for diverse needs. UCC’s Student Charter (2024) and Rules affirm students’ right to a safe campus, free from discrimination for all students, including those from marginalised groups . Belonging at UCC: Equality, Diversity and Inclusion Framework and Action Plan, 2025-2028 - recognise s that UCC is increasingly made up of a diverse cohort of people with different lived experiences and needs. It acknowledges that not everyone feels a sense of belonging and UCC needs to do more to address and eliminate bullying, harassment or discrimination based on the following protected characteristics: Age, Civil Status, Disability, Family Status, Gender, Membership of the Traveller Community, Religion, Race, Sexual Orientation, and Socio-Economic Status. It s main targets and actions are to develop a range of interventions for staff and students to enhance EDI and belonging, and to support all, especially those who are marginalised. Silver Athena Swan Action Plan, 2024-2029 – this strategic gender equality action plan includes actions designed only for students, such as developing a policy for pregnant students, intercultural awareness training, and improving the accessibility of study materials. Race Equality Action Plan , 202 6 -2028 – follows and builds on the five pillars of the EDI Framework and Action Plan to build the Foundation of anti-racist commitment, ensure an inclusive and safe Culture, provide equal access to opportunity (Success), and support Growth and Engagement. Gender and Identity Expression Policy (GIEP) : four student gender classifications are recorded by UCC’s central data collection system - ITS: male, female, non-binary, and undisclosed. In 2023, 117 UG students (0.01%) identified as “Non-Binary” or “Undisclosed”. In 2018, UCC developed GIEP, which allows students to change their name/title/gender on UCC records without requiring a legal name change. The EDI Unit liaises with students’ School/Department to ensure local implementation. In 2024/25, fourteen students changed their records. Since the GIEP launch (2018), over 80 students changed their records. Access UCC Entry path s : UCC’s Strategic Plan prioritises student success and diversity , aligning with the National Access Plan (2022-2028) . All undergraduate programs reserve places for HEAR , DARE (Disability Access Route to Education) , Mature Students, and QQI/FET pathway students, contributing to 22% of 2023/24 admissions through Access Pathways. In 2024-2025, 10.6% of students entered UCC via DARE (7.2% average for Irish Universities Association HEIs) ; in 2023-2024, 9.1% (vs 7.7% average for IUA) . Figure 4 . UCC Student Intake by Entry Routes (2023-2024, 2024-2025). Source: HEA University of Sanctuary : Awarded in 2018, UCC offers Sanctuary Scholarships to asylum seekers, refugees, and migrants, including fee waivers and bursaries. Thirty-eight UG students have been supported since 2018 . Adult Continuing Education (ACE): ACE provides part-time education and promotes access for non-traditional learners, emphasising equality, diversity, and inclusion. Id+ Project: Promotes education and employment for people with intellectual disabilities through inclusive courses with co-learning opportunities and paid work experience. 1000+ Scholarships, including Quercus, for talented students. Support and Social Life Traveller Success Fund : Offers financial support to members of the Irish Traveller Community. Financial Supports: Includes the Student Assistance Fund, Laptop Loan Scheme, 1916 Bursary Fund, and access to a Student Budgetary Advisor. Disability and Student Support : Dedicated advisors provide tailored financial, academic, and personal support, conduct needs assessments, and implement reasonable accommodations. Mature Student Supports UCC PLUS Programme - p rovid ing a vast range of academic, financial and social support, enabling HEAR Scheme students to participate fully in UCC student life and reach their full potential. International Office – offering advice, support, guidance, etc. Clubs and Societies – including those based on language and culture, religion, mental health and wellbeing, Bród (LGBTQ+) , Neurodiversity, etc. Teaching and Learning EDI is integrated explicitly in many modules and implicitly through inclusive pedagogies like Universal Design for Learning, anti-discriminatory practice, decolonising pedagogy, trauma-informed pedagogy, anti-racist pedagogy, feminist pedagogies, culturally relevant pedagogy, and LGBT+ inclusion. Examples include co-learning modules for students with intellectual disabilities and degree students, and inclusive assessment practices with diverse tasks, clear criteria, and formative feedback. Students engage as co-creators in initiatives like the Inclusive UCC digital accessibility interns’ program, UCC’s Skills Centre staffing, and various student partnership approaches supported by the SATLE HEA grant scheme. Respect and Safety All UCC student s, regardless of their background, belief, age, gender, disability/ability, sexual orientation, caring or family status , have an equal right to respect, safety, and well-being, and to be empowered to thrive . Some of the initiatives and programs supporting thi s include: Student Support Tree – an infographic was developed to list the main student services. Bystander Intervention training provided to the Respect Officers in UCC Clubs & Societies. Speak Out anonymous online reporting tool. UCC Proud Ally Student Network (Graduate Attributes Programme). UCC Campus Watch, promoting student safety on campus, in the community and at home. Calm Zone offers respite for those on the autism spectrum. Assistive Technology Lab provides technologies to support individuals with disabilities. The Hub Central space for student activities, promoting community and inclusivity with diverse study and social spaces. Student Advisor & Ombudsman ( confidential, informal complaint resolution) Free, confidential one-to-one student counselling. Women’s health and abortion service.",,,text_long,https://www.ucc.ie/en/president/strategy2028/studentsuccess/ https://www.ucc.ie/en/academicgov/policies/student-policies/studentrules/ https://www.ucc.ie/en/edi/edi-framework/ https://www.ucc.ie/en/media/support/edi/athenaswan/UCC2024-9ASActionPlan.pdf https://www.ucc.ie/en/media/support/edi/edidocuments/UCCRaceEqualityActionPlan(REAP)2026%E2%80%932028.pdf https://www.ucc.ie/en/edi/giep/ https://www.ucc.ie/en/access/ https://hea.ie/statistics/data-for-download-and-visualisations/key-facts-figures-report/ https://ucc%20university%20of%20sanctuary/ https://www.ucc.ie/en/ace/ https://www.ucc.ie/en/idplus/ https://www.ucc.ie/en/sfsa/further-supports/traveller-success-fund/ https://www.ucc.ie/en/access/support-while-in-ucc/disability-support/ https://www.ucc.ie/en/access/alternative-entry-supports/ms-entry/ https://www.ucc.ie/en/access/support-while-in-ucc/hear-support/ https://www.ucc.ie/en/international/ https://www.ucc.ie/en/societies/?_gl=1*1flpz9j*_gcl_au*MTE0NzMzODEwNy4xNzY5MDc1NDkx https://www.ucc.ie/en/cirtl/projects/satleprojects/ https://www.ucc.ie/en/media/academic/schoolofenglish/SupportTreeInfographic.pdf https://www.ucc.ie/en/bystander/ https://www.ucc.ie/en/edi/speakout/ https://www.ucc.ie/en/graduateattributes/proudally/proud-ally-student/ https://www.ucc.ie/en/studentexperience/campuswatch/ https://www.ucc.ie/en/autismfriendly/thecalmzone/ https://www.ucc.ie/en/access/community-outreach/assistive-technology/ https://www.ucc.ie/en/students/studentcentral/ https://www.ucc.ie/en/studentombudsman/ https://www.ucc.ie/en/studentcounselling/
University College Cork,PA-6,PA,Social,Institutional Climate,6.1 Support for students from underrepresented groups,,"Does the institution support one or more programs, initiatives, or networks designed to address the specific needs of refugees, asylum seekers, internally displaced, and/or undocumented students?",Yes,,,boolean,
University College Cork,PA-6,PA,Social,Institutional Climate,6.1 Support for students from underrepresented groups,,"Narrative and/or website URL providing an overview of the institution’s programs, initiatives, and networks for refugees, asylum seekers, internally displaced, and/or undocumented students","UCC is a recognised University of Sanctuary. UCC’s University of Sanctuary mission is to ensure that UCC is a place where people learn about what it means to seek sanctuary, develop a sustainable culture of welcome for asylum seekers, refugees and other migrants, and share good practice with other institutions. The University College Cork Strategic Plan 2023 - 2028, under Goal Three: Global Engagement , seeks to: Promote greater diversity among our staff and students in line with our values, including through UCC's role as a University of Sanctuary (Goal 3.4). University College Cork's commitment to Sanctuary is further set out in the Global Engagement Plan with the aim to: Strengthen UCC's position as a University of Sanctuary, reflecting our responsibilities as a global citizen at home and abroad (Priority Action 4, Global Citizenship). UCC is proud to fulfil its sanctuary mission through a range of activities including: Sanctuary Scholarships and Fellowships Refugee Week A series of Public Talks and Engagements Research Excellence UCC is a member of the Scholars at Risk Network and also participates in University of Sanctuary Ireland and the IUA Sanctuary Network. University College Cork was designated a University of Sanctuary in 2018. UCC staff and students have a strong history of coming together to stand with those whose lives have been devastated by the effects of war and invasion. For example, in 2022, the UCC community came together to stand in solidarity with Ukraine and developed the Ukraine Sanctuary Fellowship Scheme for Ukrainian higher education staff displaced and impacted by the war. University of Sanctuary activities are advanced and coordinated with the support of a Sanctuary Subcommittee which reports to the ULT Global Engagement Committee. UCC’s programs , initiatives, and networks for students who identify as members of marginalised racial, ethnic, and/or Indigenous groups ; LGBT+ , and additional underrepresented groups Policy and Frameworks Securing our Future - UCC Strategic Action Plan, 202 3 -2028 , recognises Student Success as one of the priority areas and institutional goals (Goal 2) , including a focus on student-centred, inclusive learning environment, and an outstanding student experience for diverse needs. UCC’s Student Charter (2024) and Rules affirm students’ right to a safe campus, free from discrimination for all students, including those from marginalised groups . Belonging at UCC: Equality, Diversity and Inclusion Framework and Action Plan, 2025-2028 - recognise s that UCC is increasingly made up of a diverse cohort of people with different lived experiences and needs. It acknowledges that not everyone feels a sense of belonging and UCC needs to do more to address and eliminate bullying, harassment or discrimination based on the following protected characteristics: Age, Civil Status, Disability, Family Status, Gender, Membership of the Traveller Community, Religion, Race, Sexual Orientation, and Socio-Economic Status. It s main targets and actions are to develop a range of interventions for staff and students to enhance EDI and belonging, and to support all, especially those who are marginalised. Silver Athena Swan Action Plan, 2024-2029 – this strategic gender equality action plan includes actions designed only for students, such as developing a policy for pregnant students, intercultural awareness training, and improving the accessibility of study materials. Race Equality Action Plan , 202 6 -2028 – follows and builds on the five pillars of the EDI Framework and Action Plan to build the Foundation of anti-racist commitment, ensure an inclusive and safe Culture, provide equal access to opportunity (Success), and support Growth and Engagement. Gender and Identity Expression Policy (GIEP) : four student gender classifications are recorded by UCC’s central data collection system - ITS: male, female, non-binary, and undisclosed. In 2023, 117 UG students (0.01%) identified as “Non-Binary” or “Undisclosed”. In 2018, UCC developed GIEP, which allows students to change their name/title/gender on UCC records without requiring a legal name change. The EDI Unit liaises with students’ School/Department to ensure local implementation. In 2024/25, fourteen students changed their records. Since the GIEP launch (2018), over 80 students changed their records. Access UCC Entry path s : UCC’s Strategic Plan prioritises student success and diversity , aligning with the National Access Plan (2022-2028) . All undergraduate programs reserve places for HEAR , DARE (Disability Access Route to Education) , Mature Students, and QQI/FET pathway students, contributing to 22% of 2023/24 admissions through Access Pathways. In 2024-2025, 10.6% of students entered UCC via DARE (7.2% average for Irish Universities Association HEIs) ; in 2023-2024, 9.1% (vs 7.7% average for IUA) . Figure 4 . UCC Student Intake by Entry Routes (2023-2024, 2024-2025). Source: HEA University of Sanctuary : Awarded in 2018, UCC offers Sanctuary Scholarships to asylum seekers, refugees, and migrants, including fee waivers and bursaries. Thirty-eight UG students have been supported since 2018 . Adult Continuing Education (ACE): ACE provides part-time education and promotes access for non-traditional learners, emphasising equality, diversity, and inclusion. Id+ Project: Promotes education and employment for people with intellectual disabilities through inclusive courses with co-learning opportunities and paid work experience. 1000+ Scholarships, including Quercus, for talented students. Support and Social Life Traveller Success Fund : Offers financial support to members of the Irish Traveller Community. Financial Supports: Includes the Student Assistance Fund, Laptop Loan Scheme, 1916 Bursary Fund, and access to a Student Budgetary Advisor. Disability and Student Support : Dedicated advisors provide tailored financial, academic, and personal support, conduct needs assessments, and implement reasonable accommodations. Mature Student Supports UCC PLUS Programme - p rovid ing a vast range of academic, financial and social support, enabling HEAR Scheme students to participate fully in UCC student life and reach their full potential. International Office – offering advice, support, guidance, etc. Clubs and Societies – including those based on language and culture, religion, mental health and wellbeing, Bród (LGBTQ+) , Neurodiversity, etc. Teaching and Learning EDI is integrated explicitly in many modules and implicitly through inclusive pedagogies like Universal Design for Learning, anti-discriminatory practice, decolonising pedagogy, trauma-informed pedagogy, anti-racist pedagogy, feminist pedagogies, culturally relevant pedagogy, and LGBT+ inclusion. Examples include co-learning modules for students with intellectual disabilities and degree students, and inclusive assessment practices with diverse tasks, clear criteria, and formative feedback. Students engage as co-creators in initiatives like the Inclusive UCC digital accessibility interns’ program, UCC’s Skills Centre staffing, and various student partnership approaches supported by the SATLE HEA grant scheme. Respect and Safety All UCC student s, regardless of their background, belief, age, gender, disability/ability, sexual orientation, caring or family status , have an equal right to respect, safety, and well-being, and to be empowered to thrive . Some of the initiatives and programs supporting thi s include: Student Support Tree – an infographic was developed to list the main student services. Bystander Intervention training provided to the Respect Officers in UCC Clubs & Societies. Speak Out anonymous online reporting tool. UCC Proud Ally Student Network (Graduate Attributes Programme). UCC Campus Watch, promoting student safety on campus, in the community and at home. Calm Zone offers respite for those on the autism spectrum. Assistive Technology Lab provides technologies to support individuals with disabilities. The Hub Central space for student activities, promoting community and inclusivity with diverse study and social spaces. Student Advisor & Ombudsman ( confidential, informal complaint resolution) Free, confidential one-to-one student counselling. Women’s health and abortion service.",,,text_long,https://www.ucc.ie/en/global-engagement/uccstrategicplangoal3/ https://www.ucc.ie/en/global-engagement/globalengagementplan/ https://www.ucc.ie/en/president/strategy2028/studentsuccess/ https://www.ucc.ie/en/academicgov/policies/student-policies/studentrules/ https://www.ucc.ie/en/edi/edi-framework/ https://www.ucc.ie/en/media/support/edi/athenaswan/UCC2024-9ASActionPlan.pdf https://www.ucc.ie/en/media/support/edi/edidocuments/UCCRaceEqualityActionPlan(REAP)2026%E2%80%932028.pdf https://www.ucc.ie/en/edi/giep/ https://www.ucc.ie/en/access/ https://hea.ie/statistics/data-for-download-and-visualisations/key-facts-figures-report/ https://ucc%20university%20of%20sanctuary/ https://www.ucc.ie/en/ace/ https://www.ucc.ie/en/idplus/ https://www.ucc.ie/en/sfsa/further-supports/traveller-success-fund/ https://www.ucc.ie/en/access/support-while-in-ucc/disability-support/ https://www.ucc.ie/en/access/alternative-entry-supports/ms-entry/ https://www.ucc.ie/en/access/support-while-in-ucc/hear-support/ https://www.ucc.ie/en/international/ https://www.ucc.ie/en/societies/?_gl=1*1flpz9j*_gcl_au*MTE0NzMzODEwNy4xNzY5MDc1NDkx https://www.ucc.ie/en/cirtl/projects/satleprojects/ https://www.ucc.ie/en/media/academic/schoolofenglish/SupportTreeInfographic.pdf https://www.ucc.ie/en/bystander/ https://www.ucc.ie/en/edi/speakout/ https://www.ucc.ie/en/graduateattributes/proudally/proud-ally-student/ https://www.ucc.ie/en/studentexperience/campuswatch/ https://www.ucc.ie/en/autismfriendly/thecalmzone/ https://www.ucc.ie/en/access/community-outreach/assistive-technology/ https://www.ucc.ie/en/students/studentcentral/ https://www.ucc.ie/en/studentombudsman/ https://www.ucc.ie/en/studentcounselling/
University College Cork,PA-6,PA,Social,Institutional Climate,6.1 Support for students from underrepresented groups,,"Does the institution support one or more programs, initiatives, or networks designed to address the specific needs of students from additional underrepresented groups?",Yes,,,boolean,
University College Cork,PA-6,PA,Social,Institutional Climate,6.1 Support for students from underrepresented groups,,"Narrative and/or website URL describing the additional underrepresented groups and the institution’s programs, initiatives, and networks for students from these groups","UCC’s programs , initiatives, and networks for students who identify as members of marginalised racial, ethnic, and/or Indigenous groups ; LGBT+ , and additional underrepresented groups Policy and Frameworks Securing our Future - UCC Strategic Action Plan, 202 3 -2028 , recognises Student Success as one of the priority areas and institutional goals (Goal 2) , including a focus on student-centred, inclusive learning environment, and an outstanding student experience for diverse needs. UCC’s Student Charter (2024) and Rules affirm students’ right to a safe campus, free from discrimination for all students, including those from marginalised groups . Belonging at UCC: Equality, Diversity and Inclusion Framework and Action Plan, 2025-2028 - recognise s that UCC is increasingly made up of a diverse cohort of people with different lived experiences and needs. It acknowledges that not everyone feels a sense of belonging and UCC needs to do more to address and eliminate bullying, harassment or discrimination based on the following protected characteristics: Age, Civil Status, Disability, Family Status, Gender, Membership of the Traveller Community, Religion, Race, Sexual Orientation, and Socio-Economic Status. It s main targets and actions are to develop a range of interventions for staff and students to enhance EDI and belonging, and to support all, especially those who are marginalised. Silver Athena Swan Action Plan, 2024-2029 – this strategic gender equality action plan includes actions designed only for students, such as developing a policy for pregnant students, intercultural awareness training, and improving the accessibility of study materials. Race Equality Action Plan , 202 6 -2028 – follows and builds on the five pillars of the EDI Framework and Action Plan to build the Foundation of anti-racist commitment, ensure an inclusive and safe Culture, provide equal access to opportunity (Success), and support Growth and Engagement. Gender and Identity Expression Policy (GIEP) : four student gender classifications are recorded by UCC’s central data collection system - ITS: male, female, non-binary, and undisclosed. In 2023, 117 UG students (0.01%) identified as “Non-Binary” or “Undisclosed”. In 2018, UCC developed GIEP, which allows students to change their name/title/gender on UCC records without requiring a legal name change. The EDI Unit liaises with students’ School/Department to ensure local implementation. In 2024/25, fourteen students changed their records. Since the GIEP launch (2018), over 80 students changed their records. Access UCC Entry path s : UCC’s Strategic Plan prioritises student success and diversity , aligning with the National Access Plan (2022-2028) . All undergraduate programs reserve places for HEAR , DARE (Disability Access Route to Education) , Mature Students, and QQI/FET pathway students, contributing to 22% of 2023/24 admissions through Access Pathways. In 2024-2025, 10.6% of students entered UCC via DARE (7.2% average for Irish Universities Association HEIs) ; in 2023-2024, 9.1% (vs 7.7% average for IUA) . Figure 4 . UCC Student Intake by Entry Routes (2023-2024, 2024-2025). Source: HEA University of Sanctuary : Awarded in 2018, UCC offers Sanctuary Scholarships to asylum seekers, refugees, and migrants, including fee waivers and bursaries. Thirty-eight UG students have been supported since 2018 . Adult Continuing Education (ACE): ACE provides part-time education and promotes access for non-traditional learners, emphasising equality, diversity, and inclusion. Id+ Project: Promotes education and employment for people with intellectual disabilities through inclusive courses with co-learning opportunities and paid work experience. 1000+ Scholarships, including Quercus, for talented students. Support and Social Life Traveller Success Fund : Offers financial support to members of the Irish Traveller Community. Financial Supports: Includes the Student Assistance Fund, Laptop Loan Scheme, 1916 Bursary Fund, and access to a Student Budgetary Advisor. Disability and Student Support : Dedicated advisors provide tailored financial, academic, and personal support, conduct needs assessments, and implement reasonable accommodations. Mature Student Supports UCC PLUS Programme - p rovid ing a vast range of academic, financial and social support, enabling HEAR Scheme students to participate fully in UCC student life and reach their full potential. International Office – offering advice, support, guidance, etc. Clubs and Societies – including those based on language and culture, religion, mental health and wellbeing, Bród (LGBTQ+) , Neurodiversity, etc. Teaching and Learning EDI is integrated explicitly in many modules and implicitly through inclusive pedagogies like Universal Design for Learning, anti-discriminatory practice, decolonising pedagogy, trauma-informed pedagogy, anti-racist pedagogy, feminist pedagogies, culturally relevant pedagogy, and LGBT+ inclusion. Examples include co-learning modules for students with intellectual disabilities and degree students, and inclusive assessment practices with diverse tasks, clear criteria, and formative feedback. Students engage as co-creators in initiatives like the Inclusive UCC digital accessibility interns’ program, UCC’s Skills Centre staffing, and various student partnership approaches supported by the SATLE HEA grant scheme. Respect and Safety All UCC student s, regardless of their background, belief, age, gender, disability/ability, sexual orientation, caring or family status , have an equal right to respect, safety, and well-being, and to be empowered to thrive . Some of the initiatives and programs supporting thi s include: Student Support Tree – an infographic was developed to list the main student services. Bystander Intervention training provided to the Respect Officers in UCC Clubs & Societies. Speak Out anonymous online reporting tool. UCC Proud Ally Student Network (Graduate Attributes Programme). UCC Campus Watch, promoting student safety on campus, in the community and at home. Calm Zone offers respite for those on the autism spectrum. Assistive Technology Lab provides technologies to support individuals with disabilities. The Hub Central space for student activities, promoting community and inclusivity with diverse study and social spaces. Student Advisor & Ombudsman ( confidential, informal complaint resolution) Free, confidential one-to-one student counselling. Women’s health and abortion service.",,,text_long,https://www.ucc.ie/en/president/strategy2028/studentsuccess/ https://www.ucc.ie/en/academicgov/policies/student-policies/studentrules/ https://www.ucc.ie/en/edi/edi-framework/ https://www.ucc.ie/en/media/support/edi/athenaswan/UCC2024-9ASActionPlan.pdf https://www.ucc.ie/en/media/support/edi/edidocuments/UCCRaceEqualityActionPlan(REAP)2026%E2%80%932028.pdf https://www.ucc.ie/en/edi/giep/ https://www.ucc.ie/en/access/ https://hea.ie/statistics/data-for-download-and-visualisations/key-facts-figures-report/ https://ucc%20university%20of%20sanctuary/ https://www.ucc.ie/en/ace/ https://www.ucc.ie/en/idplus/ https://www.ucc.ie/en/sfsa/further-supports/traveller-success-fund/ https://www.ucc.ie/en/access/support-while-in-ucc/disability-support/ https://www.ucc.ie/en/access/alternative-entry-supports/ms-entry/ https://www.ucc.ie/en/access/support-while-in-ucc/hear-support/ https://www.ucc.ie/en/international/ https://www.ucc.ie/en/societies/?_gl=1*1flpz9j*_gcl_au*MTE0NzMzODEwNy4xNzY5MDc1NDkx https://www.ucc.ie/en/cirtl/projects/satleprojects/ https://www.ucc.ie/en/media/academic/schoolofenglish/SupportTreeInfographic.pdf https://www.ucc.ie/en/bystander/ https://www.ucc.ie/en/edi/speakout/ https://www.ucc.ie/en/graduateattributes/proudally/proud-ally-student/ https://www.ucc.ie/en/studentexperience/campuswatch/ https://www.ucc.ie/en/autismfriendly/thecalmzone/ https://www.ucc.ie/en/access/community-outreach/assistive-technology/ https://www.ucc.ie/en/students/studentcentral/ https://www.ucc.ie/en/studentombudsman/ https://www.ucc.ie/en/studentcounselling/
University College Cork,PA-6,PA,Social,Institutional Climate,6.1 Support for students from underrepresented groups,,Points earned for indicator PA 6.1,1,,1.0,number,
University College Cork,PA-6,PA,Social,Institutional Climate,6.2 Support for employees from underrepresented groups,,"Does the institution support one or more programs, initiatives, or networks designed to address the specific needs of employees with disabilities?",Yes,,,boolean,
University College Cork,PA-6,PA,Social,Institutional Climate,6.2 Support for employees from underrepresented groups,,"Narrative and/or website URL providing an overview of the institution’s programs, initiatives, and networks for employees with disabilities","The UCC staff Disability Network was launched in 2024. The aim of the Staff Disability and Neurodivergence Network is two-fold: to provide staff members with safe and inclusive spaces within the UCC context to gain support, build camaraderie, and network with like-minded peers; and to work in collaboration with the wider university community to enable greater understanding of disability and/or neurodivergence through advocacy, information sharing, and liasing with student groups. The Network is open to all members of staff who consider themselves to have an impairment/disability or long-term health/medical condition, and any staff member who is, or considers themselves to be, neurodivergent, and their allies. Objectives To enable the creation of safe, inclusive, and neuro-affirmative spaces for disabled/neurodivergent staff members, alongside allies, to gain support, meet like-minded peers and build camaraderie. To enable wider understanding of disability/neurodivergence through the creation of information sharing events (seminars, coffee mornings, guest speakers). To promote disability/neurodivergence equality through active involvement and consultation on the University's plans, strategies, policies, and guidance. To provide a forum for support and advocacy for disabled/neurodivergent staff members when encountering difficulties. To work with the EDI and People and Culture to develop effective solutions to any problems encountered. To form rapport with similar groups, including the Neurodiversity Society in UCC, to enable best practice and greater understanding within the UCC context. To signpost staff to appropriate resources, in relation to disability and neurodivergence support, and equality. To progress issues relating to disability and neurodivergence within UCC.",,,text_long,
University College Cork,PA-6,PA,Social,Institutional Climate,6.2 Support for employees from underrepresented groups,,"Does the institution support one or more programs, initiatives, or networks designed to address the specific needs of employees that identify as members of marginalized racial, ethnic, and/or Indigenous groups?",Yes,,,boolean,
University College Cork,PA-6,PA,Social,Institutional Climate,6.2 Support for employees from underrepresented groups,,"Narrative and/or website URL providing an overview of the institution’s programs, initiatives, and networks for employees that identify as members of marginalized racial, ethnic, and/or Indigenous groups","The UCC Race Equality Network aims to create a safe, inclusive and diverse working environment that encourages a culture of respect and equality for all staff regardless of race or ethnicity, in alignment with the University’s commitment to upholding the HEA Anti-Racism Principles in Higher Education. The REN believes in the power of conversation and connectedness to motivate transformative change. It will work towards providing spaces for those conversations to happen in an open and inclusive manner. The Race Equality Network is welcoming to all UCC staff but has a focus on the lived experiences of race inequality faced by all ethnic minorities/people of colour in our community, including Irish Travellers, and others who might face discrimination on the basis of ethnicity, language, religion, tradition and cultural practices. It also welcomes majority ethnic staff who are committed to being allies and providing support for broader societal change against racism. It aims to: Create a space to enable solidarity and coalition-building for ethnic minority staff members privately and with allies; Organize events and activities on race equality that will promote networking, information sharing and peer support; Increase the visibility of questions of race inequality in wider society by centring ethnic minorities; Advocate for race equality and anti-racism in the university and as a focal point for conversations internally about curriculum and other developments; Engage with other groups and bodies across the university and beyond, e.g., ULT, Colleges, ACE, staff and student societies in UCC and other further and higher education institutions in Ireland and globally to share information and best practice; Act as a consultation forum on employment and welfare related issues regarding ethnic minorities and race equality for the wider university including Human Resources, and other areas; To encourage and contribute to the development of a culture of allyship and cooperation among all staff, regardless of ethnic background, to work towards a safe, inclusive, and diverse working environment.",,,text_long,
University College Cork,PA-6,PA,Social,Institutional Climate,6.2 Support for employees from underrepresented groups,,"Does the institution support one or more programs, initiatives, or networks designed to address the specific needs of LGBTQ+ employees?",Yes,,,boolean,
University College Cork,PA-6,PA,Social,Institutional Climate,6.2 Support for employees from underrepresented groups,,Narrative and/or website URL providing an overview of the institution’s support for LGBTQ+ employees,"The UCC LGBT+ Staff Network works in partnership with management and staff of University College Cork to create a safe, inclusive and diverse working environment that encourages a culture of respect and equality for everyone regardless of their sexual orientation, in order that every individual can reach their full potential without fear of discrimination. Objectives Act as a consultation forum on LGBT employment and welfare related issues for the Department of Human Resources, UCC; Provide a forum for networking, information sharing and peer support; Increase the visibility of the LGBT staff Network in UCC and engage in outreach activities and; Liaise with other groups, e.g., staff and student societies in other third level institutions in Ireland and abroad to share information and best practice.",,,text_long,
University College Cork,PA-6,PA,Social,Institutional Climate,6.2 Support for employees from underrepresented groups,,"Does the institution support one or more programs, initiatives, or networks designed to address the specific needs of employees from additional underrepresented groups?",Yes,,,boolean,
University College Cork,PA-6,PA,Social,Institutional Climate,6.2 Support for employees from underrepresented groups,,"Narrative and/or website URL describing the additional underrepresented groups the institution’s programs, initiatives, and networks for employees from these groups","The UCC staff carers network is UCC's fifth staff network. Launched on 17 October 2024 its aim is to support staff who balance Professional and Academic roles with caring responsibilities. Joining our LGBT+, Mná, Race Equality, and Disability and Neurodivergence networks it aims to support and advance the needs of carers. Both the 2022 and 2024 Staff Values and Culture survey gave a clear indication of the need for increased support, across the university, for staff who are carers. Two-thirds of all respondents in the staff surveys reported having a caring responsibility, of which approximately 20% had non-parental caring duties such as elder care or caring for a relative with disabilities or ongoing illness. Pillars of the group: Space – Creating a space for Care givers within the UCC population both staff and students. Support - Provide the opportunity for carers to come together, share their experiences and knowledge and learn from one another in a safe, non-judgemental, peer-led setting. Knowledge – Provide knowledge to people or tools that they can use . Advocacy/ Signposting – Point people in UCC to identify a local issue they wish to come together to address.",,,text_long,
University College Cork,PA-6,PA,Social,Institutional Climate,6.2 Support for employees from underrepresented groups,,Points earned for indicator PA 6.2,1,,1.0,number,
University College Cork,PA-6,PA,Social,Institutional Climate,6.3 Institutional climate assessment,,Has the institution conducted an institutional climate assessment within the previous three years?,Yes,,,boolean,
University College Cork,PA-6,PA,Social,Institutional Climate,6.3 Institutional climate assessment,,Description of the methodology used to assess institutional climate,"Data collection from staff and students is crucial for informing the University's work in the areas of Equality, Diversity, Inclusion, and Belonging (EDIB). T o reduce the number of consultations and to meet the organisational commitment under Goal 4.2.ii of the UCC Strategic Plan 2023-2028 to “measure progress, ensure accountability, sharefeedback with the UCC community and to inform action under an agreed governance and accountability framework”, UCC is committed to conducting bi-annual all-staff and all-student EDI consultations ( EDI Framework Action Plan, 2.11 ). Commenced in 2018, recurring EDI consultations follow a similar methodology to enable data comparison and benchmarking. See the History of EDI Consultation section for more details. The aims of the consultation are: To identify areas where the University can make improvements and build on good practice . To inform a range of positive interventions and actions in UCC. To inform strategic and policy planning by UCC management and governance bodies. To provide a vital part of reporting for the Athena Swan accreditation for School-level and Institutional applicants, which reporting is a requirement under the University’s performance agreement with the HEA. To assess progress and impact of previous commitments and KPIs. To support mandatory reporting requirements to the Higher Education Authority (HEA), National Disability Authority (NDA), Department of History of EDI Consultation Further and Higher Education, Research, Innovation, and Science (DFHERIS), and the Irish Human Rights and Equality Commission (IHREC). See History of EDI Consultation at UCC, and Results for an overview of the impact that this data collection has had on working life in the University. Staff Survey: The EDI ""Values and Culture"" Staff Survey is available to all University employees, regardless of their role . Heads of Schools/Units and Managers to make a special effort to ensure that colleagues who work part-time, on hourly occasional contracts, or in roles with limited reliance on email (e.g. security, grounds staff) are made aware of this consultation, have access to the survey link, and are encouraged to share their views. Student Survey: The EDI Student Survey is for all students of the University, regardless of the study mode or programme type. Heads of Schools/Departments ensure their undergraduate, postgraduate, as well as visiting students are made aware of this consultation, have access to the survey link, and are encouraged to share their views. EDI Gathering Representatives of diverse staff and student groups will be invited to take part.",,,text_long,https://www.ucc.ie/en/president/strategy2028/ https://issuu.com/uccequality/docs/v13_edi_report_eng https://www.ucc.ie/en/edi/edi-data/edi-consultation/history-of-edi-consultation/ https://www.ucc.ie/en/edi/edi-data/edi-consultation/results/
University College Cork,PA-6,PA,Social,Institutional Climate,6.3 Institutional climate assessment,,Does the institution publish the results of its institutional climate assessments?,Yes,,,boolean,
University College Cork,PA-6,PA,Social,Institutional Climate,6.3 Institutional climate assessment,,Published results of the institution’s most recently finalized institutional climate assessment,,,,not_reported,
University College Cork,PA-6,PA,Social,Institutional Climate,6.3 Institutional climate assessment,,Online resource where the results of the institution’s institutional climate assessments are publicly available,https://www.ucc.ie/en/media/support/edi/edidocuments/AnnualReport2024_25PSD.pdf,,,url,https://www.ucc.ie/en/media/support/edi/edidocuments/AnnualReport2024_25PSD.pdf
University College Cork,PA-6,PA,Social,Institutional Climate,6.3 Institutional climate assessment,,Points earned for indicator PA 6.3,1,,1.0,number,
University College Cork,PA-6,PA,Social,Institutional Climate,Optional documentation,,Notes about the information provided for this credit,"Ref 6.1 Narrative and/or website URL providing an overview of the institution’s programs, initiatives, and networks for students who identify as members of marginalised racial, ethnic, and/or Indigenous groups. Narrative and/or website URL providing an overview of the institution’s programs, initiatives, and networks for LGBTQ+ students. Narrative and/or website URL describing the additional underrepresented groups and the institution’s programs, initiatives, and networks for students from these groups. Student Data Collection at U CC The “ National Access Plan: A Strategic Plan for Equity of Access, Participation and Success in HE , 2022-2028 ” underpins equal access for underrepresented student groups , and UCC has long been committed to its principles. Student data is captured through CAO. Student Information System (ITS) holds internal records. Student equality data capture (methods, equality grounds) is outlined in Table 1. Table 1 . Capturing Equality Grounds in Student Populations – Methods and Data Collected . UCC Disability Support Service collects data on students' disabilities on a voluntary basis (except for DARE students). The UCC Voices Survey is issued by the Academic Affairs and Governance office annually to first-year and final-year UGs and all PGT students. Response rate: 29% (2022), 25% (2023). Since 2018 , the EDI Unit has issued biennial EDI Student Surveys. Engagement is low and does not provide a full picture of student demographics . EDI in Student Intake, Widening Participation The HEA Equal Access Survey (EAS) is an annual, voluntary survey of first-year undergraduate students at HEA-funded institutions. The EAS is a vital source of information to measure progress on national targets and to understand the profile of underrepresented groups. Socio-Economic Profiles Using Deprivation Index Scores (DIS), the relative affluence or disadvantage of a particular geographical area can be measured. Figure 1 displays the DIS makeup of the UCC student p opulation in the 2023/2024 academic year (the most recent reporting year available) by their Home Address . Cork County is comparatively affluent , with a DIS of 5.4. However, Figure 2 shows how DIS varies at the national level by Ethnicity (data available for the entire HE sector only) for all UG entrants, with students from Black or Black Irish: African, having the lowest average DIS Score at -2.4, with 22% of students coming from a Disadvantaged area. This was followed by Black or Black Irish: Any other Black Background, with an average DIS Score of -1.1, with 18% coming from a Disadvantaged background. Across the period 2021- 20 22 to 2023- 20 24 of the disability categories on the Access Survey , students who report a learning disability had the highest average DIS Score at 2.3 65% of these students were from a Marginally Above Average or Affluent area (19% Affluent and 46% Marginally Above Average). This was followed by Blind/Deaf students who had an average DIS Score of 1.5 In contrast , students who reported a Physical Disability had the lowest average DIS Score at 0.0. 45% of these students were from a Marginally Below Average or Disadvantaged background (14% Disadvantaged and 31% Marginally Below Average). This was followed by Other Category with an average DIS Score of 1.0. Source: HEA , Figure 3. Th is data is not available by region or institution. For full data from the HEA Student Socio-Economic Profiles, see here. Figure 1 . UCC’s De p rivation Index Score by Home Address of Students, 2023-2024. Source: HEA Figure 2 . DIS for New UG Entrants by Ethnicity (All HEIs reporting to HEA). Data from 2021-22 to 2023-2024. Source: HEA Figure 3 . DIS Groups for UG Entrants by Disability Type (All HEIs reporting to HEA). Data from 2021-22 to 2023-2024. Source: HEA UCC’s programs , initiatives, and networks for students who identify as members of marginalised racial, ethnic, and/or Indigenous groups ; LGBT+ , and additional underrepresented groups Policy and Frameworks Securing our Future - UCC Strategic Action Plan, 202 3 -2028 , recognises Student Success as one of the priority areas and institutional goals (Goal 2) , including a focus on student-centred, inclusive learning environment, and an outstanding student experience for diverse needs. UCC’s Student Charter (2024) and Rules affirm students’ right to a safe campus, free from discrimination for all students, including those from marginalised groups . Belonging at UCC: Equality, Diversity and Inclusion Framework and Action Plan, 2025-2028 - recognise s that UCC is increasingly made up of a diverse cohort of people with different lived experiences and needs. It acknowledges that not everyone feels a sense of belonging and UCC needs to do more to address and eliminate bullying, harassment or discrimination based on the following protected characteristics: Age, Civil Status, Disability, Family Status, Gender, Membership of the Traveller Community, Religion, Race, Sexual Orientation, and Socio-Economic Status. It s main targets and actions are to develop a range of interventions for staff and students to enhance EDI and belonging, and to support all, especially those who are marginalised. Silver Athena Swan Action Plan, 2024-2029 – this strategic gender equality action plan includes actions designed only for students, such as developing a policy for pregnant students, intercultural awareness training, and improving the accessibility of study materials. Race Equality Action Plan , 202 6 -2028 – follows and builds on the five pillars of the EDI Framework and Action Plan to build the Foundation of anti-racist commitment, ensure an inclusive and safe Culture, provide equal access to opportunity (Success), and support Growth and Engagement. Gender and Identity Expression Policy (GIEP) : four student gender classifications are recorded by UCC’s central data collection system - ITS: male, female, non-binary, and undisclosed. In 2023, 117 UG students (0.01%) identified as “Non-Binary” or “Undisclosed”. In 2018, UCC developed GIEP, which allows students to change their name/title/gender on UCC records without requiring a legal name change. The EDI Unit liaises with students’ School/Department to ensure local implementation. In 2024/25, fourteen students changed their records. Since the GIEP launch (2018), over 80 students changed their records. Access UCC Entry path s : UCC’s Strategic Plan prioritises student success and diversity , aligning with the National Access Plan (2022-2028) . All undergraduate programs reserve places for HEAR , DARE (Disability Access Route to Education) , Mature Students, and QQI/FET pathway students, contributing to 22% of 2023/24 admissions through Access Pathways. In 2024-2025, 10.6% of students entered UCC via DARE (7.2% average for Irish Universities Association HEIs) ; in 2023-2024, 9.1% (vs 7.7% average for IUA) . Figure 4 . UCC Student Intake by Entry Routes (2023-2024, 2024-2025). Source: HEA University of Sanctuary : Awarded in 2018, UCC offers Sanctuary Scholarships to asylum seekers, refugees, and migrants, including fee waivers and bursaries. Thirty-eight UG students have been supported since 2018 . Adult Continuing Education (ACE): ACE provides part-time education and promotes access for non-traditional learners, emphasising equality, diversity, and inclusion. Id+ Project: Promotes education and employment for people with intellectual disabilities through inclusive courses with co-learning opportunities and paid work experience. 1000+ Scholarships, including Quercus, for talented students. Support and Social Life Traveller Success Fund : Offers financial support to members of the Irish Traveller Community. Financial Supports: Includes the Student Assistance Fund, Laptop Loan Scheme, 1916 Bursary Fund, and access to a Student Budgetary Advisor. Disability and Student Support : Dedicated advisors provide tailored financial, academic, and personal support, conduct needs assessments, and implement reasonable accommodations. Mature Student Supports UCC PLUS Programme - p rovid ing a vast range of academic, financial and social support, enabling HEAR Scheme students to participate fully in UCC student life and reach their full potential. International Office – offering advice, support, guidance, etc. Clubs and Societies – including those based on language and culture, religion, mental health and wellbeing, Bród (LGBTQ+) , Neurodiversity, etc. Teaching and Learning EDI is integrated explicitly in many modules and implicitly through inclusive pedagogies like Universal Design for Learning, anti-discriminatory practice, decolonising pedagogy, trauma-informed pedagogy, anti-racist pedagogy, feminist pedagogies, culturally relevant pedagogy, and LGBT+ inclusion. Examples include co-learning modules for students with intellectual disabilities and degree students, and inclusive assessment practices with diverse tasks, clear criteria, and formative feedback. Students engage as co-creators in initiatives like the Inclusive UCC digital accessibility interns’ program, UCC’s Skills Centre staffing, and various student partnership approaches supported by the SATLE HEA grant scheme. Respect and Safety All UCC student s, regardless of their background, belief, age, gender, disability/ability, sexual orientation, caring or family status , have an equal right to respect, safety, and well-being, and to be empowered to thrive . Some of the initiatives and programs supporting thi s include: Student Support Tree – an infographic was developed to list the main student services. Bystander Intervention training provided to the Respect Officers in UCC Clubs & Societies. Speak Out anonymous online reporting tool. UCC Proud Ally Student Network (Graduate Attributes Programme). UCC Campus Watch, promoting student safety on campus, in the community and at home. Calm Zone offers respite for those on the autism spectrum. Assistive Technology Lab provides technologies to support individuals with disabilities. The Hub Central space for student activities, promoting community and inclusivity with diverse study and social spaces. Student Advisor & Ombudsman ( confidential, informal complaint resolution) Free, confidential one-to-one student counselling. Women’s health and abortion service. Section 7.2 Total number of marginalised racial, ethnic, and/or Indigenous groups in the region served by the institution (required) Ireland – General Population - Census 2022 Figure 5 . Population usually resident and present in the State by ethnic group/background and citizenship, 2022 . Source: CSO “ The most common country of citizenship of the Roma population was Ireland (28%), followed by Romania (22%), Italy (10% ) and Poland (9%). The top countries of citizenship of people who identified as Any other White background were Ireland (24%), Poland (16% ) and UK (13%). The proportion of people who identified as Black or Black Irish – African and had Irish citizenship was 65% , with a further 27% recording citizenship in African countries. In the Black or Black Irish – Any other Black background ethnic group, 37% were Irish citizens , and a further 28% were Brazilian citizens. The proportion of people who identified with the Chinese ethnic group/background who were Irish citizens was 40%. A further 54% were citizens of countries in the Other Asia category , including China. The top three categories of citizenship for people in the Arab ethnic group were Ireland (43%), Other Asia (29% ) and Africa (19%). ” Source: CSO Higher Education Sector in Ireland Figure 5. Student Intake Ethnicity Trends in all HEIS reporting to the HEA, as recorded from the E qual Access Survey from 2021-2022 to 2024-2025. Source: HEA Academic Year 2024 -20 25 had the most diverse enrolment on record. The percentage of White Irish enrolments continued to decline, from 93.0% in 2007 -20 08 to 72.8% in 2024 -20 25 . Amongst Ireland- domiciled enrolments, the percentage of White Irish also declined, to 78.4% in 2024 -20 25. These declines reflect increases in diversity in Ireland and rising numbers of international students . While 12% of entrants in 2024-2025 were of ‘Other White’ backgrounds, only 0.2% were of Irish Traveller, 0.3% were of Roma , 1.5% of Arabic, 1.5% were of Asian or Asian Irish: Chinese , and 4.2% of Black or Black Irish: African backgrounds. Number of marginalised racial, ethnic, and/or Indigenous groups that are equitably represented among students (required) Figure 6 . Student Intake Ethnicity Trends in UCC , as recorded from the Equal Access Survey from 2021-2022 to 2024-2025. Source: HEA In UCC, 2024-2025 entrants were also the most diverse, in line with the national trends. 79.6% were Irish and 9.3% of ‘Other White’ backgrounds. Most o f the other ethnic minorities were recorded as coming of Asian or Asian backgrounds – 5 . 3 % (e.g. Chinese, Indian/Pakistani/Bangladeshi, and Other Asian), and of Black or Black Irish – 2.8%. Other ethnic minorities were too small to be registered in the HEA system's available data dashboards. Section 7.3 Note: S taff ethnicity data began being collected in January 2026 via the central data collection system, the Employee Self-Service (ESS) Diversity Tool . Data reports from the tool are unavailable yet . The statistics below are based on an all-staff survey conducted in March 2024, with a 46% response rate (N= 1615 ). Number of marginalised racial, ethnic, and/or Indigenous groups that are equitably represented among regular/permanent academic staff (required) UCC Academic Staff by Ethnicity (N= 58 1 ) as per results from the 2024 ‘Values and Culture’ EDI Staff Survey : 71% White Irish 21% Any Other White Background 3% preferred not to disclose 2% ethnic group not listed 2% Asian or Asian Irish backgrounds (e.g., Chinese and Indian/Pakistani/Bangladeshi combined). Other ethnic backgrounds and answer options constituted less than 1%. Number of marginalised racial, ethnic, and/or Indigenous groups that are equitably represented among regular/permanent non-academic staff (required) UCC Non- Academic Staff (i.e. Professional, Managerial and Support and Research Staff combined , N= 878 ) by Ethnicity as per results from the 2024 ‘Values and Culture’ EDI Staff Survey : 80 % White Irish, 1 2 % Any Other White Background 3% Asian or Asian Irish backgrounds (e.g., Chinese and Indian/Pakistani/Bangladeshi combined) 1 % preferred not to disclose 1 % ethnic group not listed Other ethnic backgrounds and answer options constituted 1% or less . Number of marginalised racial, ethnic, and/or Indigenous groups that are equitably represented among executive staff (required) This type of data is not currently being collected at UCC Section 8.2 Percentage of regular/permanent academic staff who identify as women or other marginalised gender identities (required) Percentage of regular/permanent non-academic staff who identify as women or other marginalised gender identities (required) Percentage of executive staff who identify as women or other marginalised gender identities (required) Table 2 outlines the percentage of women in all UCC’s decision-making bodies and by staff category. The data compares the snapshots from 31 December 202 4 versus 31 December 2025. Table 2 . Decision-making bodies of UCC and Staff by Categories and Gender, 2024 versus 2025. Category Headcount 31/12/2024 %F Headcount 31/12/2025 %F Academic Council 330 40% 354 40% Governing Authority 19 42% 19 47% University Leadership Team 15 47% 15 47% All Staff 3636 58% 3736 58% Academic Staff 1003 48% 1026 49% PMS Staff 1385 68% 1418 68% Research Staff 1248 52% 1292 56%",,,text_long,https://hea.ie/policy/access-policy/national-access-plan-2022-2028/ https://www.ucc.ie/en/access/support-while-in-ucc/disability-support/ https://hea.ie/statistics/data-for-download-and-visualisations/students/widening-participation-for-equity-of-access/socio-economic-profiles-2021-22-2023-24/student-profile/ https://hea.ie/statistics/data-for-download-and-visualisations/students/widening-participation-for-equity-of-access/socio-economic-profiles-2021-22-2023-24/landing/ https://hea.ie/statistics/data-for-download-and-visualisations/students/widening-participation-for-equity-of-access/socio-economic-profiles-2021-22-2023-24/geographic-profile/ https://www.ucc.ie/en/president/strategy2028/studentsuccess/ https://www.ucc.ie/en/academicgov/policies/student-policies/studentrules/ https://www.ucc.ie/en/edi/edi-framework/ https://www.ucc.ie/en/media/support/edi/athenaswan/UCC2024-9ASActionPlan.pdf https://www.ucc.ie/en/media/support/edi/edidocuments/UCCRaceEqualityActionPlan(REAP)2026%E2%80%932028.pdf https://www.ucc.ie/en/edi/giep/ https://www.ucc.ie/en/access/ https://hea.ie/statistics/data-for-download-and-visualisations/key-facts-figures-report/ https://ucc%20university%20of%20sanctuary/ https://www.ucc.ie/en/ace/ https://www.ucc.ie/en/idplus/ https://www.ucc.ie/en/sfsa/further-supports/traveller-success-fund/ https://www.ucc.ie/en/access/alternative-entry-supports/ms-entry/ https://www.ucc.ie/en/access/support-while-in-ucc/hear-support/ https://www.ucc.ie/en/international/ https://www.ucc.ie/en/societies/?_gl=1*1flpz9j*_gcl_au*MTE0NzMzODEwNy4xNzY5MDc1NDkx https://www.ucc.ie/en/cirtl/projects/satleprojects/ https://www.ucc.ie/en/media/academic/schoolofenglish/SupportTreeInfographic.pdf https://www.ucc.ie/en/bystander/ https://www.ucc.ie/en/edi/speakout/ https://www.ucc.ie/en/graduateattributes/proudally/proud-ally-student/ https://www.ucc.ie/en/studentexperience/campuswatch/ https://www.ucc.ie/en/autismfriendly/thecalmzone/ https://www.ucc.ie/en/access/community-outreach/assistive-technology/ https://www.ucc.ie/en/students/studentcentral/ https://www.ucc.ie/en/studentombudsman/ https://www.ucc.ie/en/studentcounselling/ https://www.cso.ie/en/releasesandpublications/ep/p-cpp5/censusofpopulation2022profile5-diversitymigrationethnicityirishtravellersreligion/ethnicgroupbackground/ https://www.ucc.ie/en/edi/edi-data/ess-diversity-tool/
University College Cork,PA-6,PA,Social,Institutional Climate,Optional documentation,,Additional documentation for this credit,,,,not_reported,
University College Cork,PA-7,PA,Social,Racial and Ethnic Representation,7.1 Ethnic diversity index,,Completed racial and ethnic diversity worksheet,7.1_STARS_3.0_Racial_and_Ethnic_Representation_WorksheetUCC.xlsx,,,text,https://reports.aashe.org/media/secure/989/9/884/9773/7.1_STARS_3.0_Racial_and_Ethnic_Representation_WorksheetUCC.xlsx
University College Cork,PA-7,PA,Social,Racial and Ethnic Representation,7.1 Ethnic diversity index,,Ethnic diversity index for students,0.45,,0.45,number,
University College Cork,PA-7,PA,Social,Racial and Ethnic Representation,7.1 Ethnic diversity index,,Ethnic diversity index for academic staff,0.44,,0.44,number,
University College Cork,PA-7,PA,Social,Racial and Ethnic Representation,7.1 Ethnic diversity index,,Ethnic diversity index for non-academic staff,0.34,,0.34,number,
University College Cork,PA-7,PA,Social,Racial and Ethnic Representation,7.1 Ethnic diversity index,,Ethnic diversity index for executive staff,0,,0.0,number,
University College Cork,PA-7,PA,Social,Racial and Ethnic Representation,7.1 Ethnic diversity index,,Points earned for indicator PA 7.1,0.41,,0.41,number,
University College Cork,PA-7,PA,Social,Racial and Ethnic Representation,"7.2 Percentage of marginalized racial, ethnic, and/or Indigenous groups equitably represented among students",,"Total number of marginalized racial, ethnic, and/or Indigenous groups in the region served by the institution",11,,11.0,number,
University College Cork,PA-7,PA,Social,Racial and Ethnic Representation,"7.2 Percentage of marginalized racial, ethnic, and/or Indigenous groups equitably represented among students",,"Number of marginalized racial, ethnic, and/or Indigenous groups that are equitably represented among students",7,,7.0,number,
University College Cork,PA-7,PA,Social,Racial and Ethnic Representation,"7.2 Percentage of marginalized racial, ethnic, and/or Indigenous groups equitably represented among students",,Description of the methodology and data source(s) used to identify the region served and its demographics,"Total number of marginalised racial, ethnic, and/or Indigenous groups in the region served by the institution (required) Ireland – General Population - Census 2022 Figure 5 . Population usually resident and present in the State by ethnic group/background and citizenship, 2022 . Source: CSO “ The most common country of citizenship of the Roma population was Ireland (28%), followed by Romania (22%), Italy (10% ) and Poland (9%). The top countries of citizenship of people who identified as Any other White background were Ireland (24%), Poland (16% ) and UK (13%). The proportion of people who identified as Black or Black Irish – African and had Irish citizenship was 65% , with a further 27% recording citizenship in African countries. In the Black or Black Irish – Any other Black background ethnic group, 37% were Irish citizens , and a further 28% were Brazilian citizens. The proportion of people who identified with the Chinese ethnic group/background who were Irish citizens was 40%. A further 54% were citizens of countries in the Other Asia category , including China. The top three categories of citizenship for people in the Arab ethnic group were Ireland (43%), Other Asia (29% ) and Africa (19%). ” Source: CSO Higher Education Sector in Ireland Figure 5. Student Intake Ethnicity Trends in all HEIS reporting to the HEA, as recorded from the E qual Access Survey from 2021-2022 to 2024-2025. Source: HEA Academic Year 2024 -20 25 had the most diverse enrolment on record. The percentage of White Irish enrolments continued to decline, from 93.0% in 2007 -20 08 to 72.8% in 2024 -20 25 . Amongst Ireland- domiciled enrolments, the percentage of White Irish also declined, to 78.4% in 2024 -20 25. These declines reflect increases in diversity in Ireland and rising numbers of international students . While 12% of entrants in 2024-2025 were of ‘Other White’ backgrounds, only 0.2% were of Irish Traveller, 0.3% were of Roma , 1.5% of Arabic, 1.5% were of Asian or Asian Irish: Chinese , and 4.2% of Black or Black Irish: African backgrounds. Number of marginalised racial, ethnic, and/or Indigenous groups that are equitably represented among students (required) Figure 6 . Student Intake Ethnicity Trends in UCC , as recorded from the Equal Access Survey from 2021-2022 to 2024-2025. Source: HEA In UCC, 2024-2025 entrants were also the most diverse, in line with the national trends. 79.6% were Irish and 9.3% of ‘Other White’ backgrounds. Most o f the other ethnic minorities were recorded as coming of Asian or Asian backgrounds – 5 . 3 % (e.g. Chinese, Indian/Pakistani/Bangladeshi, and Other Asian), and of Black or Black Irish – 2.8%. Other ethnic minorities were too small to be registered in the HEA system's available data dashboards.",,,text_long,https://www.cso.ie/en/releasesandpublications/ep/p-cpp5/censusofpopulation2022profile5-diversitymigrationethnicityirishtravellersreligion/ethnicgroupbackground/ https://hea.ie/statistics/data-for-download-and-visualisations/key-facts-figures-report/
University College Cork,PA-7,PA,Social,Racial and Ethnic Representation,"7.2 Percentage of marginalized racial, ethnic, and/or Indigenous groups equitably represented among students",,"Percentage of marginalized, racial, ethnic, and Indigenous groups that are equitably represented among students",63.64,,63.64,number,
University College Cork,PA-7,PA,Social,Racial and Ethnic Representation,"7.2 Percentage of marginalized racial, ethnic, and/or Indigenous groups equitably represented among students",,Points earned for indicator PA 7.2,0.64,,0.64,number,
University College Cork,PA-7,PA,Social,Racial and Ethnic Representation,"7.3 Percentage of marginalized racial, ethnic, and/or Indigenous groups equitably represented among employees",,"Number of marginalized racial, ethnic, and/or Indigenous groups that are equitably represented among regular/permanent academic staff",3,,3.0,number,
University College Cork,PA-7,PA,Social,Racial and Ethnic Representation,"7.3 Percentage of marginalized racial, ethnic, and/or Indigenous groups equitably represented among employees",,"Number of marginalized racial, ethnic, and/or Indigenous groups that are equitably represented among regular/permanent non-academic staff",2,,2.0,number,
University College Cork,PA-7,PA,Social,Racial and Ethnic Representation,"7.3 Percentage of marginalized racial, ethnic, and/or Indigenous groups equitably represented among employees",,"Number of marginalized racial, ethnic, and/or Indigenous groups that are equitably represented among executive staff",0,,0.0,number,
University College Cork,PA-7,PA,Social,Racial and Ethnic Representation,"7.3 Percentage of marginalized racial, ethnic, and/or Indigenous groups equitably represented among employees",,"Percentage of marginalized, racial, ethnic, and Indigenous groups that are equitably represented among regular/permanent academic staff",27.27,,27.27,number,
University College Cork,PA-7,PA,Social,Racial and Ethnic Representation,"7.3 Percentage of marginalized racial, ethnic, and/or Indigenous groups equitably represented among employees",,"Percentage of marginalized, racial, ethnic, and Indigenous groups that are equitably represented among regular/permanent non-academic staff",18.18,,18.18,number,
University College Cork,PA-7,PA,Social,Racial and Ethnic Representation,"7.3 Percentage of marginalized racial, ethnic, and/or Indigenous groups equitably represented among employees",,"Percentage of marginalized, racial, ethnic, and Indigenous groups that are equitably represented among executive staff",0,,0.0,number,
University College Cork,PA-7,PA,Social,Racial and Ethnic Representation,"7.3 Percentage of marginalized racial, ethnic, and/or Indigenous groups equitably represented among employees",,Points earned for indicator PA 7.3,0.15,,0.15,number,
University College Cork,PA-7,PA,Social,Racial and Ethnic Representation,Optional documentation,,Notes about the information provided for this credit,"Section 7.3 Note: S taff ethnicity data began being collected in January 2026 via the central data collection system, the Employee Self-Service (ESS) Diversity Tool . Data reports from the tool are unavailable yet . The statistics below are based on an all-staff survey conducted in March 2024, with a 46% response rate (N= 1615 ). Number of marginalised racial, ethnic, and/or Indigenous groups that are equitably represented among regular/permanent academic staff (required) UCC Academic Staff by Ethnicity (N= 58 1 ) as per results from the 2024 ‘Values and Culture’ EDI Staff Survey : 71% White Irish 21% Any Other White Background 3% preferred not to disclose 2% ethnic group not listed 2% Asian or Asian Irish backgrounds (e.g., Chinese and Indian/Pakistani/Bangladeshi combined). Other ethnic backgrounds and answer options constituted less than 1%. Number of marginalised racial, ethnic, and/or Indigenous groups that are equitably represented among regular/permanent non-academic staff (required) UCC Non- Academic Staff (i.e. Professional, Managerial and Support and Research Staff combined , N= 878 ) by Ethnicity as per results from the 2024 ‘Values and Culture’ EDI Staff Survey : 80 % White Irish, 1 2 % Any Other White Background 3% Asian or Asian Irish backgrounds (e.g., Chinese and Indian/Pakistani/Bangladeshi combined) 1 % preferred not to disclose 1 % ethnic group not listed Other ethnic backgrounds and answer options constituted 1% or less . Number of marginalised racial, ethnic, and/or Indigenous groups that are equitably represented among executive staff (required) This type of data is not currently being collected at UCC",,,text_long,https://www.ucc.ie/en/edi/edi-data/ess-diversity-tool/
University College Cork,PA-7,PA,Social,Racial and Ethnic Representation,Optional documentation,,Additional documentation for this credit,,,,not_reported,
University College Cork,PA-8,PA,Social,Gender Parity,8.1. Percentage of students with marginalized gender identities,,Percentage of students that identify as women or other marginalized gender identities,61,,61.0,number,
University College Cork,PA-8,PA,Social,Gender Parity,8.1. Percentage of students with marginalized gender identities,,Points earned for indicator PA 8.1,1,,1.0,number,
University College Cork,PA-8,PA,Social,Gender Parity,8.2 Percentage of employees with marginalized gender identities,,Percentage of regular/permanent academic staff that identify as women or other marginalized gender identities,49,,49.0,number,
University College Cork,PA-8,PA,Social,Gender Parity,8.2 Percentage of employees with marginalized gender identities,,Percentage of regular/permanent non-academic staff that identify as women or other marginalized gender identities,63,,63.0,number,
University College Cork,PA-8,PA,Social,Gender Parity,8.2 Percentage of employees with marginalized gender identities,,Percentage of executive staff that identify as women or other marginalized gender identities,47,,47.0,number,
University College Cork,PA-8,PA,Social,Gender Parity,8.2 Percentage of employees with marginalized gender identities,,Points earned for indicator PA 8.2,1,,1.0,number,
University College Cork,PA-8,PA,Social,Gender Parity,Optional documentation,,Notes about the information provided for this credit,"Table 2 outlines the percentage of women in all UCC’s decision-making bodies and by staff category. The data compares the snapshots from 31 December 202 4 versus 31 December 2025. This data is reported to the Higher Education Authority in Ireland and under the Athena Swan programme where UCC now has Silver status. Table 2 . Decision-making bodies of UCC and Staff by Categories and Gender, 2024 versus 2025. Category Headcount 31/12/2024 %F Headcount 31/12/2025 %F Academic Council 330 40% 354 40% Governing Authority 19 42% 19 47% University Leadership Team 15 47% 15 47% All Staff 3636 58% 3736 58% Academic Staff 1003 48% 1026 49% PMS Staff 1385 68% 1418 68% Research Staff 1248 52% 1292 56% UCC is also obliged legally to report on gender pay gap. This is done annlually and the most report is available here: V3EDIGenderPayGapReport2025.pdf",,,text_long,https://www.ucc.ie/en/media/aboutucc/presidentx27soffice2024/plansandreports/uccreportspdfs/V3EDIGenderPayGapReport2025.pdf
University College Cork,PA-8,PA,Social,Gender Parity,Optional documentation,,Additional documentation for this credit,,,,not_reported,
University College Cork,PA-9,PA,Social,Affordability and Access,9.1 Number of paid work-hours per year required to meet the average net price of attendance for low-income students,,Does the institution have the required data and wish to pursue this indicator?,Yes,,,boolean,
University College Cork,PA-9,PA,Social,Affordability and Access,9.1 Number of paid work-hours per year required to meet the average net price of attendance for low-income students,,Local currency code,EUR,,,text,
University College Cork,PA-9,PA,Social,Affordability and Access,9.1 Number of paid work-hours per year required to meet the average net price of attendance for low-income students,,Local hourly minimum wage for students,14.25,,14.25,number,
University College Cork,PA-9,PA,Social,Affordability and Access,9.1 Number of paid work-hours per year required to meet the average net price of attendance for low-income students,,Average annual net price of attendance for low-income students,"5,850",,5850.0,number,
University College Cork,PA-9,PA,Social,Affordability and Access,9.1 Number of paid work-hours per year required to meet the average net price of attendance for low-income students,,Number of paid work-hours per year required to meet the average net price of attendance for low-income students,410.53,,410.53,number,
University College Cork,PA-9,PA,Social,Affordability and Access,9.1 Number of paid work-hours per year required to meet the average net price of attendance for low-income students,,Points earned for indicator PA 9.1,1,,1.0,number,
University College Cork,PA-9,PA,Social,Affordability and Access,9.2 Percentage of students that are low-income,,Does the institution have the required data and wish to pursue this indicator?,Yes,,,boolean,
University College Cork,PA-9,PA,Social,Affordability and Access,9.2 Percentage of students that are low-income,,Percentage of students that are low-income,5.90,,5.9,number,
University College Cork,PA-9,PA,Social,Affordability and Access,9.2 Percentage of students that are low-income,,Description of the methodology used to identify low-income students,"Student Data Collection at U CC - See DIS below: This data (low income students) is collected from our student population and more braodly in Ireland by Higher Education Authority. The data is based on the home address of the students. The “ National Access Plan: A Strategic Plan for Equity of Access, Participation and Success in HE , 2022-2028 ” underpins equal access for underrepresented student groups , and UCC has long been committed to its principles. Student data is captured through CAO. Student Information System (ITS) holds internal records. Student equality data capture (methods, equality grounds) is outlined in Table 1. Table 1 . Capturing Equality Grounds in Student Populations – Methods and Data Collected . UCC Disability Support Service collects data on students' disabilities on a voluntary basis (except for DARE students). The UCC Voices Survey is issued by the Academic Affairs and Governance office annually to first-year and final-year UGs and all PGT students. Response rate: 29% (2022), 25% (2023). Since 2018 , the EDI Unit has issued biennial EDI Student Surveys. Engagement is low and does not provide a full picture of student demographics . EDI in Student Intake, Widening Participation The HEA Equal Access Survey (EAS) is an annual, voluntary survey of first-year undergraduate students at HEA-funded institutions. The EAS is a vital source of information to measure progress on national targets and to understand the profile of underrepresented groups. Socio-Economic Profiles Using Deprivation Index Scores (DIS), the relative affluence or disadvantage of a particular geographical area can be measured. Figure 1 displays the DIS makeup of the UCC student p opulation in the 2023/2024 academic year (the most recent reporting year available) by their Home Address . Cork County is comparatively affluent , with a DIS of 5.4. However, Figure 2 shows how DIS varies at the national level by Ethnicity (data available for the entire HE sector only) for all UG entrants, with students from Black or Black Irish: African, having the lowest average DIS Score at -2.4, with 22% of students coming from a Disadvantaged area. This was followed by Black or Black Irish: Any other Black Background, with an average DIS Score of -1.1, with 18% coming from a Disadvantaged background. Across the period 2021- 20 22 to 2023- 20 24 of the disability categories on the Access Survey , students who report a learning disability had the highest average DIS Score at 2.3 65% of these students were from a Marginally Above Average or Affluent area (19% Affluent and 46% Marginally Above Average). This was followed by Blind/Deaf students who had an average DIS Score of 1.5 In contrast , students who reported a Physical Disability had the lowest average DIS Score at 0.0. 45% of these students were from a Marginally Below Average or Disadvantaged background (14% Disadvantaged and 31% Marginally Below Average). This was followed by Other Category with an average DIS Score of 1.0. Source: HEA , Figure 3. Th is data is not available by region or institution. For full data from the HEA Student Socio-Economic Profiles, see here. Figure 1 . UCC’s De p rivation Index Score by Home Address of Students, 2023-2024. Source: HEA",,,text_long,https://hea.ie/policy/access-policy/national-access-plan-2022-2028/ https://www.ucc.ie/en/access/support-while-in-ucc/disability-support/ https://hea.ie/statistics/data-for-download-and-visualisations/students/widening-participation-for-equity-of-access/socio-economic-profiles-2021-22-2023-24/student-profile/ https://hea.ie/statistics/data-for-download-and-visualisations/students/widening-participation-for-equity-of-access/socio-economic-profiles-2021-22-2023-24/landing/ https://hea.ie/statistics/data-for-download-and-visualisations/students/widening-participation-for-equity-of-access/socio-economic-profiles-2021-22-2023-24/geographic-profile/
University College Cork,PA-9,PA,Social,Affordability and Access,9.2 Percentage of students that are low-income,,Points earned for indicator PA 9.2,0,,0.0,number,
University College Cork,PA-9,PA,Social,Affordability and Access,9.3 Legacy and donor admissions,,Is an applicant’s relationship to the institution’s alumni or donors a factor that is positively considered in the institution’s admission decisions?,No,,,boolean,
University College Cork,PA-9,PA,Social,Affordability and Access,9.3 Legacy and donor admissions,,Narrative and/or website URL providing an overview of the factors that are considered in the institution’s admission decisions,"Admission to Irish universities is based primarily on academic merit. For undergraduate programs, the main criterion is performance in the Irish Leaving Certificate, where applicants are assessed based on their exam scores and the best six subjects, Specific subject requirements and grades are necessary to meet some eligibility criteria. Postgraduate admissions are also based on relevant qualifications, such as a completed degree and academic performance. The following are the entry routes available.: Access UCC Entry path s : UCC’s Strategic Plan prioritises student success and diversity , aligning with the National Access Plan (2022-2028) . All undergraduate programs reserve places for HEAR , DARE (Disability Access Route to Education) , Mature Students, and QQI/FET pathway students, contributing to 22% of 2023/24 admissions through Access Pathways. In 2024-2025, 10.6% of students entered UCC via DARE (7.2% average for Irish Universities Association HEIs) ; in 2023-2024, 9.1% (vs 7.7% average for IUA) . Figure 4 . UCC Student Intake by Entry Routes (2023-2024, 2024-2025). Source: HEA University of Sanctuary : Awarded in 2018, UCC offers Sanctuary Scholarships to asylum seekers, refugees, and migrants, including fee waivers and bursaries. Thirty-eight UG students have been supported since 2018 . Adult Continuing Education (ACE): ACE provides part-time education and promotes access for non-traditional learners, emphasising equality, diversity, and inclusion. Id+ Project: Promotes education and employment for people with intellectual disabilities through inclusive courses with co-learning opportunities and paid work experience. 1000+ Scholarships, including Quercus, for talented students. Support and Social Life Traveller Success Fund : Offers financial support to members of the Irish Traveller Community. Financial Supports: Includes the Student Assistance Fund, Laptop Loan Scheme, 1916 Bursary Fund, and access to a Student Budgetary Advisor. Disability and Student Support : Dedicated advisors provide tailored financial, academic, and personal support, conduct needs assessments, and implement reasonable accommodations. Mature Student Supports UCC PLUS Programme - p rovid ing a vast range of academic, financial and social support, enabling HEAR Scheme students to participate fully in UCC student life and reach their full potential. International Office – offering advice, support, guidance, etc. Clubs and Societies – including those based on language and culture, religion, mental health and wellbeing, Bród (LGBTQ+) , Neurodiversity, etc. Teaching and Learning EDI is integrated explicitly in many modules and implicitly through inclusive pedagogies like Universal Design for Learning, anti-discriminatory practice, decolonising pedagogy, trauma-informed pedagogy, anti-racist pedagogy, feminist pedagogies, culturally relevant pedagogy, and LGBT+ inclusion. Examples include co-learning modules for students with intellectual disabilities and degree students, and inclusive assessment practices with diverse tasks, clear criteria, and formative feedback. Students engage as co-creators in initiatives like the Inclusive UCC digital accessibility interns’ program, UCC’s Skills Centre staffing, and various student partnership approaches supported by the SATLE HEA grant scheme. Respect and Safety All UCC student s, regardless of their background, belief, age, gender, disability/ability, sexual orientation, caring or family status , have an equal right to respect, safety, and well-being, and to be empowered to thrive . Some of the initiatives and programs supporting thi s include: Student Support Tree – an infographic was developed to list the main student services. Bystander Intervention training provided to the Respect Officers in UCC Clubs & Societies. Speak Out anonymous online reporting tool. UCC Proud Ally Student Network (Graduate Attributes Programme). UCC Campus Watch, promoting student safety on campus, in the community and at home. Calm Zone offers respite for those on the autism spectrum. Assistive Technology Lab provides technologies to support individuals with disabilities. The Hub Central space for student activities, promoting community and inclusivity with diverse study and social spaces. Student Advisor & Ombudsman ( confidential, informal complaint resolution) Free, confidential one-to-one student counselling. Women’s health and abortion service.",,,text_long,https://www.ucc.ie/en/access/ https://hea.ie/statistics/data-for-download-and-visualisations/key-facts-figures-report/ https://ucc%20university%20of%20sanctuary/ https://www.ucc.ie/en/ace/ https://www.ucc.ie/en/idplus/ https://www.ucc.ie/en/sfsa/further-supports/traveller-success-fund/ https://www.ucc.ie/en/access/support-while-in-ucc/disability-support/ https://www.ucc.ie/en/access/alternative-entry-supports/ms-entry/ https://www.ucc.ie/en/access/support-while-in-ucc/hear-support/ https://www.ucc.ie/en/international/ https://www.ucc.ie/en/societies/?_gl=1*1flpz9j*_gcl_au*MTE0NzMzODEwNy4xNzY5MDc1NDkx https://www.ucc.ie/en/cirtl/projects/satleprojects/ https://www.ucc.ie/en/media/academic/schoolofenglish/SupportTreeInfographic.pdf https://www.ucc.ie/en/bystander/ https://www.ucc.ie/en/edi/speakout/ https://www.ucc.ie/en/graduateattributes/proudally/proud-ally-student/ https://www.ucc.ie/en/studentexperience/campuswatch/ https://www.ucc.ie/en/autismfriendly/thecalmzone/ https://www.ucc.ie/en/access/community-outreach/assistive-technology/ https://www.ucc.ie/en/students/studentcentral/ https://www.ucc.ie/en/studentombudsman/ https://www.ucc.ie/en/studentcounselling/
University College Cork,PA-9,PA,Social,Affordability and Access,9.3 Legacy and donor admissions,,Points earned for indicator PA 9.3,1,,1.0,number,
University College Cork,PA-9,PA,Social,Affordability and Access,Optional documentation,,Notes about the information provided for this credit,"9.1 Minimum monthly cost of attendance less any fees is estimated at €650 per month which includes minimum rent, transport, food, living expenses",,,text,
University College Cork,PA-9,PA,Social,Affordability and Access,Optional documentation,,Additional documentation for this credit,,,,not_reported,
University College Cork,PA-10,PA,Social,Student Success,10.1 Completion rate for low-income students,,Overall student completion rate,95,,95.0,number,
University College Cork,PA-10,PA,Social,Student Success,10.1 Completion rate for low-income students,,Does the institution have completion rate data for low-income students?,Yes,,,boolean,
University College Cork,PA-10,PA,Social,Student Success,10.1 Completion rate for low-income students,,Completion rate for low-income students,92,,92.0,number,
University College Cork,PA-10,PA,Social,Student Success,10.1 Completion rate for low-income students,,Ratio of the completion rate for low-income students to the overall completion rate,0.97,,0.97,number,
University College Cork,PA-10,PA,Social,Student Success,10.1 Completion rate for low-income students,,Points earned for indicator PA 10.1,1,,1.0,number,
University College Cork,PA-10,PA,Social,Student Success,10.2 Completion rate for students with marginalized gender identities,,Does the institution have completion rate data for women and/or students with other marginalized gender identities?,Yes,,,boolean,
University College Cork,PA-10,PA,Social,Student Success,10.2 Completion rate for students with marginalized gender identities,,Completion rate for students that identify as women or other marginalized gender identities,93,,93.0,number,
University College Cork,PA-10,PA,Social,Student Success,10.2 Completion rate for students with marginalized gender identities,,Ratio of the completion rate for students that identify as women or other marginalized gender identities to the overall completion rate,0.98,,0.98,number,
University College Cork,PA-10,PA,Social,Student Success,10.2 Completion rate for students with marginalized gender identities,,Points earned for indicator PA 10.2,1,,1.0,number,
University College Cork,PA-10,PA,Social,Student Success,"10.3 Percentage of marginalized racial, ethnic, and/or Indigenous groups with equitable completion rates",,"Does the institution have completion rate data for students from marginalized racial, ethnic, and/or Indigenous groups?",Yes,,,boolean,
University College Cork,PA-10,PA,Social,Student Success,"10.3 Percentage of marginalized racial, ethnic, and/or Indigenous groups with equitable completion rates",,"Total number of marginalized racial, ethnic, and/or Indigenous groups served by the institution",12,,12.0,number,
University College Cork,PA-10,PA,Social,Student Success,"10.3 Percentage of marginalized racial, ethnic, and/or Indigenous groups with equitable completion rates",,"Number of marginalized racial, ethnic, and/or Indigenous groups with equitable completion rates",6,,6.0,number,
University College Cork,PA-10,PA,Social,Student Success,"10.3 Percentage of marginalized racial, ethnic, and/or Indigenous groups with equitable completion rates",,"Narrative and/or website URL providing completion rates for each marginalized racial, ethnic, and/or Indigenous group served by the institution",See Completion Rates across the various Access Pathways to UCC: This data is available here by institution: HEA – Non-progression by Student Characteristics – 2 | Statistics | Higher Education Authority,,,text_long,https://hea.ie/statistics/data-for-download-and-visualisations/students/progression/report/hea-non-progression-by-prior-education/
University College Cork,PA-10,PA,Social,Student Success,"10.3 Percentage of marginalized racial, ethnic, and/or Indigenous groups with equitable completion rates",,"Document that includes completion rates for each marginalized racial, ethnic, and/or Indigenous group served by the institution",,,,not_reported,
University College Cork,PA-10,PA,Social,Student Success,"10.3 Percentage of marginalized racial, ethnic, and/or Indigenous groups with equitable completion rates",,"Percentage of marginalized, racial, ethnic, and Indigenous groups with equitable completion rates",50,,50.0,number,
University College Cork,PA-10,PA,Social,Student Success,"10.3 Percentage of marginalized racial, ethnic, and/or Indigenous groups with equitable completion rates",,Points earned for indicator PA 10.3,0.50,,0.5,number,
University College Cork,PA-10,PA,Social,Student Success,Optional documentation,,Notes about the information provided for this credit,"Overall completion Rate: 10.1 The HEA uses home addresses of ROI domiciled students to using to develop socio economic profiles of HEIs by assigning Deprivation Index Scores (DIS) to the student data. Please refer to this page for the methodology.. UCC's completion rate is at 95%, in general terms. For Low income students at UCC this drops to 92%, 8% drop out. See link to data here: HEA – Non-progression by Student Characteristics – 1 | Statistics | Higher Education Authority Non comepletion for women is running at 7% currently for women at UCC and 5% for men. See chart here: Another proxy for low income students could be SUSI grant holders: See completion / non progression frates for UCC students that hold SUSI grants here: Further information on completion rates by factor are included here: HEA – Non-progression by Student Characteristics – 2 | Statistics | Higher Education Authority",,,text_long,https://hea.ie/statistics/data-for-download-and-visualisations/students/widening-participation-for-equity-of-access/ https://hea.ie/statistics/data-for-download-and-visualisations/students/progression/report/hea-non-progression-by-student-characteristics/ https://hea.ie/statistics/data-for-download-and-visualisations/students/progression/report/hea-non-progression-by-prior-education/
University College Cork,PA-10,PA,Social,Student Success,Optional documentation,,Additional documentation for this credit,,,,not_reported,
University College Cork,PA-11,PA,Social,"Health, Safety and Wellbeing",11.1 Student wellbeing and assistance programs,,Does the institution make physical health services available to students?,Yes,,,boolean,
University College Cork,PA-11,PA,Social,"Health, Safety and Wellbeing",11.1 Student wellbeing and assistance programs,,Narrative and/or website URL providing an overview of the institution’s physical health services for students,"The UCC Student Health Service department provides services that target illnesses and problems that occur in the University Student population. The department provides the following services: Primary care of acute and chronic illnesses that present in the community Diagnosis and treatment of physical ilnesses Diagnosis and treatment of mental illnesses Contraception service including insertion of Long Acting implants and IUCDs ""Coils"" Cervical screening service, Abortion service Infectious Disease Screening and Vaccination for Healthcare Students Student Mental Health Service Sexual Transmitted Infection screening Sexual Transmitted Infection diagnosis and treatment Travel Advice and Vaccinations . Hospital referral service Injury assesment, treatment and referral service Physiotherapy and Concussion Service",,,text_long,https://www.ucc.ie/en/studenthealth/contraception/ https://www.ucc.ie/en/studenthealth/healthcare/ https://www.ucc.ie/en/studenthealth/mentalhealth/ https://www.ucc.ie/en/studenthealth/services/sex/ https://www.ucc.ie/en/studenthealth/services/travel/ https://www.ucc.ie/en/studenthealth/services/physio/
University College Cork,PA-11,PA,Social,"Health, Safety and Wellbeing",11.1 Student wellbeing and assistance programs,,Does the institution make behavioral health services available to students?,Yes,,,boolean,
University College Cork,PA-11,PA,Social,"Health, Safety and Wellbeing",11.1 Student wellbeing and assistance programs,,Narrative and/or website URL providing an overview of the institution’s behavioral health services for students,UCC's Student Mental Health and Wellbeing Hub offers Consultant Psychiatry Mental Health Nursing Occupational Therapy Student Wellbeing Officer Read details of the services provided by Student Counselling and Development at https://www.ucc.ie/en/studentcounselling/,,,text_long,https://www.ucc.ie/en/studenthealth/staff/mentalhealthteam/psychi/#d.en.792514 https://www.ucc.ie/en/studenthealth/staff/mentalhealthteam/mentalhealthnurse/ https://www.ucc.ie/en/studenthealth/staff/mentalhealthteam/occupationaltherapy/ https://www.ucc.ie/en/students/wellbeing/ https://www.ucc.ie/en/studentcounselling/
University College Cork,PA-11,PA,Social,"Health, Safety and Wellbeing",11.1 Student wellbeing and assistance programs,,Does the institution make sexual and reproductive health services available to students?,Yes,,,boolean,
University College Cork,PA-11,PA,Social,"Health, Safety and Wellbeing",11.1 Student wellbeing and assistance programs,,Narrative and/or website URL providing an overview of the institution’s sexual/reproductive health services for students,"The Student Health Department at UCC offers a number of sexual health services free of charge including: Doctors' and nurses' contraceptive consulatations, and repeat prescriptions if needed Contraception prescriptions and devices prescribed - these will be given free of charge at participating pharmacies Your choice of contraception - from the types covered below Fittings and removals of implants or coils (IUDs or IUSs) Contraception check-ups and other follow up care needed relating to your implant or coil Emergency contraception (morning after pill) The contraceptive options available include: The Pill, The Patch, The Vaginal Ring, The Coil (IUS/IUCD),The Bar (Implant), as well as Emergency Contraception. They also offer free STI testing.",,,text_long,
University College Cork,PA-11,PA,Social,"Health, Safety and Wellbeing",11.1 Student wellbeing and assistance programs,,Does the institution make contemplative and/or spiritual activities available to students?,Yes,,,boolean,
University College Cork,PA-11,PA,Social,"Health, Safety and Wellbeing",11.1 Student wellbeing and assistance programs,,Narrative and/or website URL providing an overview of the institution’s contemplative and spiritual activities for students,"As a UCC Department for Wellbeing and Health, the Chaplaincy is an inclusive service that offers a space for community, conversation, support, guidance, and enrichment for all students and staff at UCC. The Chaplaincy supports all UCC students and staff, regardless of gender, age, ethnicity, disability, family status, sexual orientation, marital status, religious/non-religious background, or spirituality. More information is available here: https://www.ucc.ie/en/chaplaincy/what/",,,text_long,
University College Cork,PA-11,PA,Social,"Health, Safety and Wellbeing",11.1 Student wellbeing and assistance programs,,Does the institution have a campus safety committee that brings together students from vulnerable groups and management in the development and review of policies and procedures related to student safety and violence prevention?,Yes,,,boolean,
University College Cork,PA-11,PA,Social,"Health, Safety and Wellbeing",11.1 Student wellbeing and assistance programs,,Narrative and/or website URL providing an overview of the institution’s student safety and violence prevention committee,"University College Cork is committed to creating a safe and secure environment for UCC students and to foster a positive relationship between our students and the wider community. Campus Watch will respond to formal complaints from students, member of the community and other stakeholders, in relation alleged breaches of the UCC Standards of Conduct. Key Action Areas: Managing and promoting Campus Watch Working with Neighbourhood Watch Groups, Gardai, students and residents associations in areas of common interest Promoting student safety on campus, out and about and at home Responding quickly to complaints and concerns in relation to student behaviour Developing strong links with community groups When necessary, initiating formal student disciplinary procedures Providing Mediation where necessary In addition UCC Student Activity Safety Committee is a committee chaired by the Health and Safety Officer for Student Activity, with staff and student representation, which meets periodically to review the processes for maintaining student safety in UCC.",,,text_long,
University College Cork,PA-11,PA,Social,"Health, Safety and Wellbeing",11.1 Student wellbeing and assistance programs,,Does the institution have an emergency assistance fund that provides grants or interest-free loans to students who are experiencing financial difficulties?,Yes,,,boolean,
University College Cork,PA-11,PA,Social,"Health, Safety and Wellbeing",11.1 Student wellbeing and assistance programs,,Narrative and/or website URL providing an overview of the institution’s emergency assistance fund for students,The Student Assistance Fund provides financial assistance for full-time higher education students who are experiencing financial difficulties while attending college. More information can be found here: https://www.ucc.ie/en/sfsa/saf/,,,text_long,https://www.ucc.ie/en/sfsa/saf/
University College Cork,PA-11,PA,Social,"Health, Safety and Wellbeing",11.1 Student wellbeing and assistance programs,,"Does the institution have a food bank/pantry, meal donation program, or similar initiative that provides food at no cost to students experiencing food insecurity?",Yes,,,boolean,
University College Cork,PA-11,PA,Social,"Health, Safety and Wellbeing",11.1 Student wellbeing and assistance programs,,Narrative and/or website URL providing an overview of the institution’s student food security initiatives,"The UCC Student Pantry, led by UCC Green Campus and the Students’ Union in partnership with FoodCloud, redistributes surplus food like vegetables and pantry staples to students each week. Stocked with essentials such as carrots, potatoes, cornflakes, and many more food items, the pantry helps tackle food insecurity among students while preventing good food from going to waste. This initiative is made possible through UCC’s partnership with FoodCloud, an organisation addressing climate change and food insecurity by connecting businesses with surplus food to communities that can use it. By leveraging technology to match supply and demand, FoodCloud simplifies collaboration and enables partners like UCC to create lasting, positive impact. https://www.ucc.ie/en/sustainability-climate-action/news/ucc-student-pantry-fights-food-waste.html",,,text_long,
University College Cork,PA-11,PA,Social,"Health, Safety and Wellbeing",11.1 Student wellbeing and assistance programs,,Points earned for indicator PA 11.1,1.00,,1.0,number,
University College Cork,PA-11,PA,Social,"Health, Safety and Wellbeing",11.2 Employee wellbeing and assistance programs,,Does the institution make physical health services available to employees?,Yes,,,boolean,
University College Cork,PA-11,PA,Social,"Health, Safety and Wellbeing",11.2 Employee wellbeing and assistance programs,,Narrative and/or website URL providing an overview of the institution’s physical health services for employees,"UCC staff can avail of free health screening as well as a free digital GP service through the University's Embark portal. More information can be found here: https://www.ucc.ie/en/hr/benefits/icp/ Day to day health and wellbeing services are also provided through the university's Spectrum Life portal. The portal is acts as a personalised wellbeing app, with access to hours of wellbeing content. Topics covered are based on the three core areas of mental wellbeing, nutrition and exercise. Staff can track steps and kilometres exercise, find recipes, log and track calories, find fitness plans & classes to suit your needs, and complete courses in stress management, sleeping better, dealing with anxiety and more.",,,text_long,https://www.ucc.ie/en/hr/benefits/icp/
University College Cork,PA-11,PA,Social,"Health, Safety and Wellbeing",11.2 Employee wellbeing and assistance programs,,Does the institution make behavioral health services available to employees?,Yes,,,boolean,
University College Cork,PA-11,PA,Social,"Health, Safety and Wellbeing",11.2 Employee wellbeing and assistance programs,,Narrative and/or website URL providing an overview of the institution’s behavioral health services for employees,"UCC's Employee Assistance Service (EAS) is provided by SPECTRUM.LIFE, our Employee Assistance Provider (EAP). This is a confidential counselling service, providing support to employees, in addition to their spouse, civil partner or dependant, where the family member can be described as a person over the age of 16 and residing in the family home. The EAS can help with a wide variety of problems and can support anyone suffering with issues including but not limited to: Depression, anxiety, stress, Grief and bereavement Addictions Work stress and work-life balance Relationships and marital problems Workplace conflict and communication Life transitions such as career progressions or retirement Parenting problems It is available 24/7, 365 days a year covering numerous topics such as; counselling, infertility & pregnancy loss, elder care support, parent coaching, international employee support and more.",,,text_long,
University College Cork,PA-11,PA,Social,"Health, Safety and Wellbeing",11.2 Employee wellbeing and assistance programs,,Does the institution make free or reduced cost fitness activities available to employees?,Yes,,,boolean,
University College Cork,PA-11,PA,Social,"Health, Safety and Wellbeing",11.2 Employee wellbeing and assistance programs,,Narrative and/or website URL providing an overview of the institution’s fitness activities for employees,Staff can avail of special discounted membership at the University's Mardyke Arena: https://www.mardykearena.com/ucc-staff/,,,text,
University College Cork,PA-11,PA,Social,"Health, Safety and Wellbeing",11.2 Employee wellbeing and assistance programs,,Does the institution make contemplative and/or spiritual activities available to employees?,Yes,,,boolean,
University College Cork,PA-11,PA,Social,"Health, Safety and Wellbeing",11.2 Employee wellbeing and assistance programs,,Narrative and/or website URL providing an overview of the institution’s contemplative and spiritual activities for employees,"As a UCC Department for Wellbeing and Health, the Chaplaincy is an inclusive service that offers a space for community, conversation, support, guidance, and enrichment for all students and staff at UCC. The chaplaincy supports all UCC students and staff, regardless of gender, age, ethnicity, disability, family status, sexual orientation, marital status, religious/non-religious background, or spirituality. More information is available here: https://www.ucc.ie/en/chaplaincy/what/",,,text_long,
University College Cork,PA-11,PA,Social,"Health, Safety and Wellbeing",11.2 Employee wellbeing and assistance programs,,Does the institution have an institution-wide health and safety committee or network of committees that brings together workers and management in the development and review of workplace health and safety policies and procedures?,Yes,,,boolean,
University College Cork,PA-11,PA,Social,"Health, Safety and Wellbeing",11.2 Employee wellbeing and assistance programs,,Narrative and/or website URL providing an overview of the institution’s workplace health and safety committees,"The University has a Safety Representative Forum. The aim of the Forum is to enhance the Safety, Health and Welfare of employees at work and help safeguard students and others affected by the work of UCC and secure legal compliance through consultation. Staff safety reps : Represent staff on Safety, Health and Welfare matters (e.g. on a Safety Action Team/Committee or other group) Carry out safety tours of workplaces on request Review Accident/Dangerous Occurrence reports and contribute if appropriate Contribute to initiatives that improve Safety Culture, raise Safety, Health & Welfare awareness etc., all very much focused on the employees point of view. More information is available here: https://www.ucc.ie/en/ocla/erm/healthandsafety/managinghealthsafety/staffsafetyreps/",,,text_long,https://www.ucc.ie/en/ocla/erm/healthandsafety/managinghealthsafety/staffsafetyreps/
University College Cork,PA-11,PA,Social,"Health, Safety and Wellbeing",11.2 Employee wellbeing and assistance programs,,Does the institution have an emergency assistance fund that provides grants or interest-free loans to employees who are experiencing financial difficulties?,No,,,boolean,
University College Cork,PA-11,PA,Social,"Health, Safety and Wellbeing",11.2 Employee wellbeing and assistance programs,,Narrative and/or website URL providing an overview of the institution’s emergency assistance fund for employees,,,,not_reported,
University College Cork,PA-11,PA,Social,"Health, Safety and Wellbeing",11.2 Employee wellbeing and assistance programs,,Points earned for indicator PA 11.2,1,,1.0,number,
University College Cork,PA-11,PA,Social,"Health, Safety and Wellbeing",11.3 Smoke free environments,,Does the institution prohibit smoking within all occupied buildings owned or leased by the Institution?,Yes,,,boolean,
University College Cork,PA-11,PA,Social,"Health, Safety and Wellbeing",11.3 Smoke free environments,,Does the institution restrict outdoor smoking?,Yes,,,boolean,
University College Cork,PA-11,PA,Social,"Health, Safety and Wellbeing",11.3 Smoke free environments,,Does the institution prohibit smoking and tobacco use across the entire campus?,No,,,boolean,
University College Cork,PA-11,PA,Social,"Health, Safety and Wellbeing",11.3 Smoke free environments,,Narrative and/or website URL providing an overview of the institution’s smoke-free policies,"UCC Smoking Policy As and from the 29th March 2004, under public health legislation, smoking is prohibited in all University buildings and enclosed workplaces including University vehicles. This applies to all persons. The limited exceptions as specified in Section 47 of the Public Health Tobacco Regulations (current edition) also operates. Details are available from the Office of Tobacco Control and the Health & Safety Authority. Note: This policy also covers e-vapour smoking/vaping",,,text_long,
University College Cork,PA-11,PA,Social,"Health, Safety and Wellbeing",11.3 Smoke free environments,,Points earned for indicator PA 11.3,1,,1.0,number,
University College Cork,PA-11,PA,Social,"Health, Safety and Wellbeing",Optional documentation,,Notes about the information provided for this credit,,,,not_reported,
University College Cork,PA-11,PA,Social,"Health, Safety and Wellbeing",Optional documentation,,Additional documentation for this credit,,,,not_reported,
University College Cork,PA-12,PA,Social,Employee Rights,12.1 Number of weeks of paid maternity leave,,Number of weeks of paid maternity leave,26,,26.0,number,
University College Cork,PA-12,PA,Social,Employee Rights,12.1 Number of weeks of paid maternity leave,,Narrative and/or website URL providing an overview of the maternity leave options available to employees,Under the maternity legislation all women are entitled to 42 weeks maternity leave. Payment of maternity leave may be sourced both from the Department of Social Welfare and/or the University. The 42 week entitlement is divided into 26 weeks paid and an additional 16 weeks unpaid. Entitlements to paid leave and unpaid leave are outlined in the Universities maternity leave policy. Employees are entitled to full pay for twenty six (26) weeks. For more information see https://www.ucc.ie/en/hr/policies/leave/maternity/,,,text_long,https://www.ucc.ie/en/hr/policies/leave/maternity/
University College Cork,PA-12,PA,Social,Employee Rights,12.1 Number of weeks of paid maternity leave,,Points earned for indicator PA 12.1,1,,1.0,number,
University College Cork,PA-12,PA,Social,Employee Rights,12.2 Percentage of employees eligible for paid all-gender family/medical leave,,Percentage of employees eligible for paid all-gender family/medical leave,100,,100.0,number,
University College Cork,PA-12,PA,Social,Employee Rights,12.2 Percentage of employees eligible for paid all-gender family/medical leave,,Narrative and/or website URL providing an overview of the institution’s eligibility criteria for paid family/medical leave,"There are a number of different leave types available to all staff of UCC, regardless of gender. These include: Sick leave Adoptive Leave Parent's leave Pregnancy loss leave Carer's leave Information on these leave types can be found here: https://www.ucc.ie/en/hr/policies/leave/",,,text_long,https://www.ucc.ie/en/hr/policies/leave/
University College Cork,PA-12,PA,Social,Employee Rights,12.2 Percentage of employees eligible for paid all-gender family/medical leave,,Points earned for indicator PA 12.2,1,,1.0,number,
University College Cork,PA-12,PA,Social,Employee Rights,12.3 Published measures to protect employee rights,,Does the institution publish information on anti-harassment in a format that is accessible to all employees?,Yes,,,boolean,
University College Cork,PA-12,PA,Social,Employee Rights,12.3 Published measures to protect employee rights,,Does the institution publish information on grievance resolution in a format that is accessible to all employees?,Yes,,,boolean,
University College Cork,PA-12,PA,Social,Employee Rights,12.3 Published measures to protect employee rights,,Does the institution publish information on whistleblower protections in a format that is accessible to all employees?,Yes,,,boolean,
University College Cork,PA-12,PA,Social,Employee Rights,12.3 Published measures to protect employee rights,,Does the institution publish information on freedom of association in a format that is accessible to all employees?,Yes,,,boolean,
University College Cork,PA-12,PA,Social,Employee Rights,12.3 Published measures to protect employee rights,,Narrative and/or website URL providing an overview of the institution’s published measures to protect employee rights,https://www.ucc.ie/en/edi/sexual-violence-harassment-framework/ https://www.ucc.ie/en/hr/policies/relations/grievance/ https://www.ucc.ie/en/ocla/policy/disclosures-policy/ Freedom of Association is a fundamental right under the irish constitution and https://www.citizensinformation.ie/en/government-in-ireland/irish-constitution-1/constitution-fundamental-rights/ Information on the UCC Trade Union IFUT is available here: https://www.ucc.ie/en/rsa/our-partners/ifut/,,,url,https://www.ucc.ie/en/edi/sexual-violence-harassment-framework/ https://www.ucc.ie/en/hr/policies/relations/grievance/ https://www.ucc.ie/en/ocla/policy/disclosures-policy/ https://www.citizensinformation.ie/en/government-in-ireland/irish-constitution-1/constitution-fundamental-rights/ https://www.ucc.ie/en/rsa/our-partners/ifut/
University College Cork,PA-12,PA,Social,Employee Rights,12.3 Published measures to protect employee rights,,Points earned for indicator PA 12.3,1,,1.0,number,
University College Cork,PA-12,PA,Social,Employee Rights,Optional documentation,,Notes about the information provided for this credit,,,,not_reported,
University College Cork,PA-12,PA,Social,Employee Rights,Optional documentation,,Additional documentation for this credit,,,,not_reported,
University College Cork,PA-13,PA,Social,Pay Equity and Living Wage,13.1 Internal pay equity assessment,,"Has the institution conducted one or more internal pay equity assessments during the previous three years to identify disparities that are not attributable to skills, responsibilities, or level of experience?",Yes,,,boolean,
University College Cork,PA-13,PA,Social,Pay Equity and Living Wage,13.1 Internal pay equity assessment,,Description of the methodologies used to assess internal pay equity,"The report measures - 1. Mean Gender Pay Gap The mean is the average hourly rate of pay. The mean gender pay gap shows the percentage difference between the average hourly pay of men and women across the whole organisation. It is calculated by adding up all hourly earnings for women, and for men, and dividing each total by the number of employees in that group. The mean pay gap is often influenced by the number of men and women in the highest-paid roles. 2. Median Gender Pay Gap The median represents the middle value when all employees’ hourly pay is ranked from highest to lowest. The median gender pay gap compares the pay of the middle-paid woman to the middle-paid man. It is calculated by ranking all employees from the highest paid to the lowest paid and taking the hourly wage rate of the person in the middle of the relevant group The median is less affected by very high or very low salaries and shows a more typical pay difference. In addition to mean and median hourly pay, we are also required to report on: Bonus pay gaps (mean and median) Pay gaps for part-time and temporary employees Proportion of men and women in each pay quartile (from lowest to highest-paid) All full-time, part-time and temporary employees who received pay in the 12-month period leading up to the snapshot date which is 30 June 2025. Staff are only included if they were in receipt of pay during this period. Employees on unpaid leave are excluded, in line with national regulations.",,,text_long,
University College Cork,PA-13,PA,Social,Pay Equity and Living Wage,13.1 Internal pay equity assessment,,Are the pay equity assessment(s) inclusive of both academic and non-academic staff?,Yes,,,boolean,
University College Cork,PA-13,PA,Social,Pay Equity and Living Wage,13.1 Internal pay equity assessment,,Do the pay equity assessment(s) explicitly address pay equity by gender identity?,Yes,,,boolean,
University College Cork,PA-13,PA,Social,Pay Equity and Living Wage,13.1 Internal pay equity assessment,,"Do the pay equity assessment(s) explicitly address internal pay equity by racial, ethnic, and/or Indigenous identity?",No,,,boolean,
University College Cork,PA-13,PA,Social,Pay Equity and Living Wage,13.1 Internal pay equity assessment,,Does the institution publish the results of its internal pay equity assessments?,Yes,,,boolean,
University College Cork,PA-13,PA,Social,Pay Equity and Living Wage,13.1 Internal pay equity assessment,,Published results of the institution’s most recently finalized internal pay equity assessment,,,,not_reported,
University College Cork,PA-13,PA,Social,Pay Equity and Living Wage,13.1 Internal pay equity assessment,,Online resource where the results of the institution’s internal pay equity assessments are available,https://www.ucc.ie/en/media/aboutucc/presidentx27soffice2024/plansandreports/uccreportspdfs/V3EDIGenderPayGapReport2025.pdf,,,url,https://www.ucc.ie/en/media/aboutucc/presidentx27soffice2024/plansandreports/uccreportspdfs/V3EDIGenderPayGapReport2025.pdf
University College Cork,PA-13,PA,Social,Pay Equity and Living Wage,13.1 Internal pay equity assessment,,Points earned for indicator PA 13.1,0.80,,0.8,number,
University College Cork,PA-13,PA,Social,Pay Equity and Living Wage,13.2 Percentage of employees that receive a living wage,,Is the institution a third party accredited living wage employer?,No,,,boolean,
University College Cork,PA-13,PA,Social,Pay Equity and Living Wage,13.2 Percentage of employees that receive a living wage,,Narrative and/or website URL detailing the institution’s living wage accreditation,,,,not_reported,
University College Cork,PA-13,PA,Social,Pay Equity and Living Wage,13.2 Percentage of employees that receive a living wage,,Local currency code,EUR,,,text,
University College Cork,PA-13,PA,Social,Pay Equity and Living Wage,13.2 Percentage of employees that receive a living wage,,Performance year for living wage,2025,,2025.0,year,
University College Cork,PA-13,PA,Social,Pay Equity and Living Wage,13.2 Percentage of employees that receive a living wage,,Living wage,15.40,,15.4,number,
University College Cork,PA-13,PA,Social,Pay Equity and Living Wage,13.2 Percentage of employees that receive a living wage,,Standard or methodology used to determine the living wage,https://www.livingwage.ie/,,,url,https://www.livingwage.ie/
University College Cork,PA-13,PA,Social,Pay Equity and Living Wage,13.2 Percentage of employees that receive a living wage,,Wage floor for regular/permanent employees,16.40,,16.4,number,
University College Cork,PA-13,PA,Social,Pay Equity and Living Wage,13.2 Percentage of employees that receive a living wage,,Wage floor for short-term/casual academic staff,20.83,,20.83,number,
University College Cork,PA-13,PA,Social,Pay Equity and Living Wage,13.2 Percentage of employees that receive a living wage,,Wage floor for short-term/casual non-academic staff,18.93,,18.93,number,
University College Cork,PA-13,PA,Social,Pay Equity and Living Wage,13.2 Percentage of employees that receive a living wage,,Percentage of employees that receive remuneration equivalent to at least a living wage,100,,100.0,number,
University College Cork,PA-13,PA,Social,Pay Equity and Living Wage,13.2 Percentage of employees that receive a living wage,,Narrative outlining the forms of remuneration included in the living wage calculations,"According to the University Salary Scales and Resaerch Salary Scales . The lowest wage payment is 27,679 for Clerical Off/Lib Assistant I/Grd 3 level and maximum working hour is 37/week (7.4/day) (including at least 22 days of annual leave and 10 public holidays). 27,679 / (52*5 - 10 - 22) / 7.4 = €16.40/hour. For weekly paid employees, the lowest payment is 700.47 for General Op level, 700.47 / 37 = €18.93/hour. Student pay rates are not included.",,,text_long,
University College Cork,PA-13,PA,Social,Pay Equity and Living Wage,13.2 Percentage of employees that receive a living wage,,Has the institution made a formal commitment to pay a living wage?,Yes,,,boolean,
University College Cork,PA-13,PA,Social,Pay Equity and Living Wage,13.2 Percentage of employees that receive a living wage,,Narrative and/or website URL detailing the institution’s formal commitment to pay a living wage,The salaries of University staff are determined having regard to the policy relating to pay and conditions in the public service as determined from time to time by the Government.,,,text,
University College Cork,PA-13,PA,Social,Pay Equity and Living Wage,13.2 Percentage of employees that receive a living wage,,Points earned for indicator PA 13.2,3,,3.0,number,
University College Cork,PA-13,PA,Social,Pay Equity and Living Wage,13.3 Percentage of significant contractors that pay a collectively determined or living wage,,Does the institution have one or more significant contractors?,Yes,,,boolean,
University College Cork,PA-13,PA,Social,Pay Equity and Living Wage,13.3 Percentage of significant contractors that pay a collectively determined or living wage,,Documentation affirming that the institution has no significant contractors,,,,not_reported,
University College Cork,PA-13,PA,Social,Pay Equity and Living Wage,13.3 Percentage of significant contractors that pay a collectively determined or living wage,,Total number of significant contractors,,,,not_reported,
University College Cork,PA-13,PA,Social,Pay Equity and Living Wage,13.3 Percentage of significant contractors that pay a collectively determined or living wage,,Number of significant contractors known to pay a collectively determined or living wage,,,,not_reported,
University College Cork,PA-13,PA,Social,Pay Equity and Living Wage,13.3 Percentage of significant contractors that pay a collectively determined or living wage,,Description of the methodology used to determine which significant contractors pay a collectively determined or living wage,Insufficient data for this credit.,,,text,
University College Cork,PA-13,PA,Social,Pay Equity and Living Wage,13.3 Percentage of significant contractors that pay a collectively determined or living wage,,Percentage of significant contractors that pay a collectively determined or living wage,,,,not_reported,
University College Cork,PA-13,PA,Social,Pay Equity and Living Wage,13.3 Percentage of significant contractors that pay a collectively determined or living wage,,Points earned for indicator PA 13.3,,,,not_reported,
University College Cork,PA-13,PA,Social,Pay Equity and Living Wage,Optional documentation,,Notes about the information provided for this credit,,,,not_reported,
University College Cork,PA-13,PA,Social,Pay Equity and Living Wage,Optional documentation,,Additional documentation for this credit,,,,not_reported,
University College Cork,IL-5,IL,Bonus,Open Online Sustainability Course,,,"Does the institution offer a free, sustainability-focused course on the public internet?",Yes,,,boolean,
University College Cork,IL-5,IL,Bonus,Open Online Sustainability Course,,,"Narrative and/or website URL providing an overview of the institution’s free, online sustainability course","UW0005 - University Wide Module In Sustainability. ‘Putting education for sustainability in its place: put yourself in the Picture’ An online university wide module in sustainability developed through partnership and collaboration across all sectors of UCC campus and beyond. A fundamental focus of the development of the module was and is around sustainability citizenship. To provide students with a broadly based interdisciplinary introduction to sustainability issues as a foundation for 'sustainability citizenship'. It has been developed freely by all participants involved in course and content and is provided freely to all participants enrolling. The module is open to students and staff of the university as well as the general public. The module is available for additional credit, Continuing Professional Development, or a UCC Green Campus Digital Badge. More information regarding the online Sustainability module is here: https://www.ucc.ie/en/sustainability-climate-action/education/sustainability-module/",,,text_long,https://www.ucc.ie/en/sustainability-climate-action/education/sustainability-module/
University College Cork,IL-5,IL,Bonus,Open Online Sustainability Course,Optional documentation,,Notes about the information provided for this credit,,,,not_reported,
University College Cork,IL-5,IL,Bonus,Open Online Sustainability Course,Optional documentation,,Additional documentation for this credit,,,,not_reported,
University College Cork,IL-24,IL,Bonus,Biodiversity Assessment,,,Has the institution conducted a baseline biodiversity assessment that is inclusive of the entire campus?,Yes,,,boolean,
University College Cork,IL-24,IL,Bonus,Biodiversity Assessment,,,Narrative and/or website URL outlining the methodology and results of the institution’s biodiversity assessment,"See attached document, this comprehensive assessment included desk and field studies to identify habitat and species types across campus, as well as make recommendations for their management and conservation.",,,text_long,
University College Cork,IL-24,IL,Bonus,Biodiversity Assessment,,,"List of endangered and vulnerable species with habitats on campus, by level of extinction risk","Over 450 different species of wild/naturalised plant, animal & fungi have been recorded on UCC campus. This includes species with breeding, foraging and resting habitats on campus, and migratory species observed passing through/overhead. Species inventories gathered during biodiversity surveys for UCC Biodiversity Management Plan and BioBlitz records were cross referenced with the National Parks & Wildlife Service Inventory of Protected & Threatened Species in Ireland to identify species of conservation interest. Species with international protection/legal status, or threatened status or above are presented in the attached document. These include mammals, birds, fish and bryophytes.",,,text_long,
University College Cork,IL-24,IL,Bonus,Biodiversity Assessment,,,Narrative outlining how the baseline biodiversity assessment is used to protect or positively affect the areas and species identified,The assessment includes an action plan for management of all habitats and green spaces on campus.,,,text,
University College Cork,IL-24,IL,Bonus,Biodiversity Assessment,,,Has the institution conducted a less comprehensive biodiversity assessment within the previous three years?,No,,,boolean,
University College Cork,IL-24,IL,Bonus,Biodiversity Assessment,,,Description of the institution’s less comprehensive biodiversity assessment,,,,not_reported,
University College Cork,IL-24,IL,Bonus,Biodiversity Assessment,Optional documentation,,Notes about the information provided for this credit,,,,not_reported,
University College Cork,IL-24,IL,Bonus,Biodiversity Assessment,Optional documentation,,Additional documentation for this credit,,,,not_reported,
University College Cork,IL-29,IL,Bonus,Zero Emission Grounds Equipment,,,Is the institution able to demonstrate that at least 90 percent of the equipment used by its landscaping/grounds services is zero emission?,Yes,,,boolean,
University College Cork,IL-29,IL,Bonus,Zero Emission Grounds Equipment,,,Online resource affirming that the 90 percent target for zero emission landscape maintenance equipment has been reached,https://www.ucc.ie/en/greencampus/practice/landscape-heritage-and-natural-resources/,,,url,https://www.ucc.ie/en/greencampus/practice/landscape-heritage-and-natural-resources/
University College Cork,IL-29,IL,Bonus,Zero Emission Grounds Equipment,,,Document affirming that the 90 percent target for zero emission landscape maintenance equipment has been reached,,,,not_reported,
University College Cork,IL-29,IL,Bonus,Zero Emission Grounds Equipment,,,Description of the institution’s transition to zero emission landscape maintenance equipment,"See pop out box on ""Habitats and their Management"" at the above link, which details that all grounds tools have been replaced with battery operated models and grounds vehicles have been replaced by EVs.",,,text_long,
University College Cork,IL-29,IL,Bonus,Zero Emission Grounds Equipment,Optional documentation,,Notes about the information provided for this credit,,,,not_reported,
University College Cork,IL-29,IL,Bonus,Zero Emission Grounds Equipment,Optional documentation,,Additional documentation for this credit,,,,not_reported,
University College Cork,IL-30,IL,Bonus,Energy System Certification,,,"Does the institution have an energy management system or electricity delivery system that is certified under ISO 50001, PEER, or an equivalent national or international standard approved by AASHE?",Yes,,,boolean,
University College Cork,IL-30,IL,Bonus,Energy System Certification,,,Narrative and/or website URL providing information about the institution’s energy system certifications,"In November 2011, UCC became the first third level institution worldwide to achieve the ISO 50001 standard. UCC was also the first public sector body in Ireland to be certified to ISO 50001. The University is committed to responsible energy management as part of our overall environmental strategy and has a long track record in energy management, assisted with grant and technical support from the Sustainable Energy Authority of Ireland (SEAI) to support energy saving initiatives. We recognise that our activities impact upon the environment and we are particularly mindful of our environmental responsibilities in local, national and global terms. https://www.ucc.ie/en/greencampus/practice/energy-water-and-climate-change/iso-50001/",,,text_long,
University College Cork,IL-30,IL,Bonus,Energy System Certification,,,Has the institution successfully completed the US Department of Energy's 50001 Ready program or AASHE-approved equivalent?,,,,not_reported,
University College Cork,IL-30,IL,Bonus,Energy System Certification,,,Narrative and/or website URL providing information about the institution’s participation in the 50001 Ready program or equivalent,,,,not_reported,
University College Cork,IL-30,IL,Bonus,Energy System Certification,Optional documentation,,Notes about the information provided for this credit,,,,not_reported,
University College Cork,IL-30,IL,Bonus,Energy System Certification,Optional documentation,,Additional documentation for this credit,,,,not_reported,
University College Cork,IL-58,IL,Bonus,Universal Design,,,Does the institution have published universal design (UD) guidelines or principles that exceed or are additional to regulatory compliance and apply to the entire institution?,Yes,,,boolean,
University College Cork,IL-58,IL,Bonus,Universal Design,,,Narrative and/or website providing information about the institution’s universal design guidelines or principles,"See guidelines and supports at the following link: https://www.ucc.ie/en/cirtl/resources/shortguides/shortguide6universaldesignforlearning/#universal-design-for-learning-guidelines UCC's guidelines specify that, UDL is not: A checklist for you to tick things off of to be accessible. A box ticking diversity exercise. Something completely new that you have to do on top of your usual work. Instead, UDL should help you in the decisions you make every day/month/year as a practitioner in how you tweak and deliver your programmes. UCC's approach is based on the CAST UDL guidelines: https://udlguidelines.cast.org/static/udlg_graphicorganizer_v2-2_numbers-no.pdf",,,text_long,https://www.ucc.ie/en/cirtl/resources/shortguides/shortguide6universaldesignforlearning/#universal-design-for-learning-guidelines https://udlguidelines.cast.org/static/udlg_graphicorganizer_v2-2_numbers-no.pdf
University College Cork,IL-58,IL,Bonus,Universal Design,Optional documentation,,Notes about the information provided for this credit,,,,not_reported,
University College Cork,IL-58,IL,Bonus,Universal Design,Optional documentation,,Additional documentation for this credit,,,,not_reported,
University College Cork,IL-65,IL,Bonus,Innovation A,,,"Name of the innovative outcome, program, or initiative",The Glucksman Gallery Art and Sustainability,,,text,
University College Cork,IL-65,IL,Bonus,Innovation A,,,"Does the innovation represent a new, extraordinary, unique, ground-breaking, or uncommon outcome, program, or initiative that addresses a sustainability challenge and is not covered by an existing credit?",Yes,,,boolean,
University College Cork,IL-65,IL,Bonus,Innovation A,,,Narrative and/or website URL providing an overview of the innovation,"UCC's Glucksman Gallery is a leading museum nationally and internationally for creative learning and access to the visual arts. It's Strategic Plan highlights Sustainability as a guiding value and one of its five Strategic Goals is to ""Provide climate aware care and sustainable professional development for the University College Cork art collection."" https://www.glucksman.org/content/files/Files_Policies/StrategicPlan2024-2029.pdf?v=1746108945 An example of the types of projects run by the Gallery is ""Seeds of Change"", where the Glucksman invited students from Cappabue National School, Coláiste Pobail Bheanntraí, Gaelscoil Bheanntraí and St. Brendan’s National School to participate in a project that raised awareness of sustainable futures through art. Each school was loaned an artwork from the University College Cork Art Collection through the Art Library programme. https://www.glucksman.org/projects/seedsofchange",,,text_long,https://www.glucksman.org/content/files/Files_Policies/StrategicPlan2024-2029.pdf?v=1746108945 https://www.glucksman.org/collection/campus-art https://www.glucksman.org/collection/art-library https://www.glucksman.org/projects/seedsofchange
University College Cork,IL-65,IL,Bonus,Innovation A,Optional documentation,,Notes about the information provided for this credit,Further information on Green Campus and Glucksman collaborations can be found here: http://www.glucksman.org/discover/education/schools and here http://www.glucksman.org/discover/community/climate-action-andsustainability,,,text_long,
University College Cork,IL-65,IL,Bonus,Innovation A,Optional documentation,,Additional documentation for this credit,,,,not_reported,
University College Cork,IL-66,IL,Bonus,Innovation B,,,"Name of the innovative outcome, program, or initiative",SDSN Ireland contributes to Ireland's Voluntary National Review on SDGs,,,text,
University College Cork,IL-66,IL,Bonus,Innovation B,,,"Does the innovation represent a new, extraordinary, unique, ground-breaking, or uncommon outcome, program, or initiative that addresses a sustainability challenge and is not covered by an existing credit?",Yes,,,boolean,
University College Cork,IL-66,IL,Bonus,Innovation B,,,Narrative and/or website URL providing an overview of the innovation,"Through its role as co-host of Ireland's Sustainable Development Solutions Network, UCC was invited to prepare a chapter on the Irish Higher Education sectors contribution to the SDGs within Ireland's Voluntary National Review submitted to the UN in January 2023. The chapter highlighter how the higher education sector can be seen as a microcosm of broader society and contributes to sustainability through its activities in learning and teaching, research, operations and engagement. It drew together a selection of case studies highlighting the depth and breadth of these activities and can be found here: https://assets.gov.ie/static/documents/irelands-voluntary-national-review-2023.pdf This work is a tangible example of the many ways in which SDSN Ireland is supporting both local and national government in both the implementation and communication of the SDGs.",,,text_long,https://assets.gov.ie/static/documents/irelands-voluntary-national-review-2023.pdf
University College Cork,IL-66,IL,Bonus,Innovation B,Optional documentation,,Notes about the information provided for this credit,,,,not_reported,
University College Cork,IL-66,IL,Bonus,Innovation B,Optional documentation,,Additional documentation for this credit,,,,not_reported,
University College Cork,IL-67,IL,Bonus,Innovation C,,,"Name of the innovative outcome, program, or initiative",University of Sanctuary Status,,,text,
University College Cork,IL-67,IL,Bonus,Innovation C,,,"Does the innovation represent a new, extraordinary, unique, ground-breaking, or uncommon outcome, program, or initiative that addresses a sustainability challenge and is not covered by an existing credit?",Yes,,,boolean,
University College Cork,IL-67,IL,Bonus,Innovation C,,,Narrative and/or website URL providing an overview of the innovation,"In 2018, UCC was awarded the title of University of Sanctuary by People of Sanctuary Ireland in recognition of their efforts in promoting the welfare of vulnerable refugees and asylum seekers. UCC is proud to fulfil its sanctuary mission through a range of activities including: Sanctuary Scholarships and Fellowships Refugee Week A series of Public Talks and Engagements Research Excellence UCC is a member of the Scholars at Risk Network and also participates in University of Sanctuary Ireland and the IUA Sanctuary Network. UCC staff and students have a strong history of coming together to stand with those whose lives have been devastated by the effects of war and invasion. University of Sanctuary activities are advanced and coordinated with the support of a Sanctuary Subcommittee which reports to the ULT Global Engagement Committee. University College Cork is actively advancing its Palestine Solidarity Response, delivering on a range of commitments designed to advance transparency and accountability in all our partnerships, while working to support education and scholarship with our Palestinian colleagues. UCC believes that by working together with all our stakeholders, significant and meaningful action can give effect to our common objectives in the support of global peace and human rights. In May 2024, University College Cork set up an Emergency Response Working Group, as one of a number of commitments to support the education of Palestinian students and scholars displaced or at risk as a result of the conflict in Gaza. The aim of the Group was to report to the President on a programme of work to address the immediate educational needs of Palestinian students and scholars displaced or at risk and examine how UCC can provide support. The work of the Group took place against the backdrop of critical and urgent need in Gaza and taking account of the University of Sanctuary framework.",,,text_long,
University College Cork,IL-67,IL,Bonus,Innovation C,Optional documentation,,Notes about the information provided for this credit,,,,not_reported,
University College Cork,IL-67,IL,Bonus,Innovation C,Optional documentation,,Additional documentation for this credit,,,,not_reported,
University College Cork,IL-68,IL,Bonus,Innovation D,,,"Name of the innovative outcome, program, or initiative",Digital Cleanup,,,text,
University College Cork,IL-68,IL,Bonus,Innovation D,,,"Does the innovation represent a new, extraordinary, unique, ground-breaking, or uncommon outcome, program, or initiative that addresses a sustainability challenge and is not covered by an existing credit?",Yes,,,boolean,
University College Cork,IL-68,IL,Bonus,Innovation D,,,Narrative and/or website URL providing an overview of the innovation,"In April 2025, UCC launched its first ""Digital Cleanup Day"", which included an awareness campaign with information sessions and practical workshops, enabling individuals to learn about how to reach ""Inbox Zero"" and a guide to undertaking a Digital Declutter. Every School and function was encouraged to pledge a day between April and June to dedicate to their collective digital decluttering eff ort. A total of 820 hours were pledged. UCC Digital Clean-Up Day is part of a global movement . The initiative was run through the Continuous Improvement Action Network in collaboration with The Students’ Union, Sustainability and Climate Action, IT Services, Centre for Digital Education, Marketing and Brand Impact and Staff Development and Wellbeing. More information is available here https://www.ucc.ie/en/sustainability-climate-action/news/uccs-first-digital-cleanup-day.html In 2026 the Digital Declutter has been upgraded to a week of activities aimed at highlighting the impact of our digital footprint and ways to remedy this.",,,text_long,https://www.digitalcleanupday.org/ https://www.ucc.ie/en/sustainability-climate-action/news/uccs-first-digital-cleanup-day.html
University College Cork,IL-68,IL,Bonus,Innovation D,Optional documentation,,Notes about the information provided for this credit,,,,not_reported,
University College Cork,IL-68,IL,Bonus,Innovation D,Optional documentation,,Additional documentation for this credit,,,,not_reported,
University College Cork,IL-69,IL,Bonus,Innovation E,,,"Name of the innovative outcome, program, or initiative",UCC Sustainability Academy,,,text,
University College Cork,IL-69,IL,Bonus,Innovation E,,,"Does the innovation represent a new, extraordinary, unique, ground-breaking, or uncommon outcome, program, or initiative that addresses a sustainability challenge and is not covered by an existing credit?",Yes,,,boolean,
University College Cork,IL-69,IL,Bonus,Innovation E,,,Narrative and/or website URL providing an overview of the innovation,The UCC Sustainability Academy is the first university sustainability training and education unit of its kind in Ireland which uses a unique model for sustainability education delivery. The Academy programmes draw on the deep expertise of over 100 sustainability academics in UCC across 25 Schools combined with a core team of sustainability trainers and industry practitioners to contribute to programmes. We pride ourselves on delivering educational content which is cutting-edge based on the research output of 400 research papers annually within the internationally leading UCC Environmental research Institute. The Sustainability Academy programmes are UCC accredited and can be used for attaining professional CPD recognition. The Sustainability Academy offers: 0.5-1-day workshops Micro-credentials E-learning modules Bespoke in-house training Summer schools and residentials Guest speakers Thought leadership forums One of the most innovative offerings was a Climate Diplomacy Training course delivered to the Irish Department of Foreign Affairs staff. The course was aimed at supporting diplomatic staff in offices across the globe to better understand climate change and their role in supporting climate action.,,,text_long,
University College Cork,IL-69,IL,Bonus,Innovation E,Optional documentation,,Notes about the information provided for this credit,,,,not_reported,
University College Cork,IL-69,IL,Bonus,Innovation E,Optional documentation,,Additional documentation for this credit,,,,not_reported,
